url,label,source
https://quill-fitness.co/secure,1,synthetic
https://mail.ebay.in,0,synthetic
https://whats4pp-wallet.rest/verify/i61pt9qa,1,synthetic
http://help.metamask.io/account/manage,0,synthetic
https://www.glacier.org/docs/learn/falcon/campus,0,synthetic
https://news.studio.in/,0,synthetic
https://docs.campusmusic.org/en/meadow/quartz,0,synthetic
http://185.26.197.32/wp-content/east/secure/index.aspx,1,synthetic
https://xn--wcbwmeq-mwi.sbs/signin,1,synthetic
https://facebook-authenticate.pages.dev/wvpzzv/banking/,1,synthetic
http://adobe.validate-raven.cf/scdv9s/authenticate/,1,synthetic
https://silver2go.org/search?q=code+yonder,0,synthetic
https://echo-data.live/confirm?id=bkcbw1v2km&session=81h0de81egp1rd0v&token=8cxe6tcs55pw/login/secure.php,1,synthetic
http://login.incometax.gov.in/signin,0,synthetic
https://bbc.com/watch?v=6sig9hti1o4,0,synthetic
https://school715.rest/instagram/billing.aspx?ref=rz4ondjhp,1,synthetic
https://fedex-river-password.science/update,1,synthetic
https://code.com/verify-email/success,0,synthetic
https://theguardian.com/docs/campus/nimbus/mosaic,0,synthetic
https://www.bamboo.com/products/market-5405,0,synthetic
https://echomaple.edu:3000/user/6356/profile,0,synthetic
https://hdfcbank.com%40summit-fitness.party/signin.aspx,1,synthetic
https://help.icicibank.com/music,0,synthetic
https://www.account.metamask.p7p0n0ava5.rest/secure,1,synthetic
https://goo.gl/emw6l1p,1,synthetic
https://news-fitness.com/my,1,synthetic
https://photo-nimbus.com/access,1,synthetic
http://cottoncotton-unlock.bid/icicibank/secure.html/verify/signin.aspx,1,synthetic
http://bamboobamboo-recover.info/binance/confirm.aspx/recover/account.jsp,1,synthetic
http://paytm.com%401yg8dojbwndy.info/wallet,1,synthetic
https://www.river-lantern.co.uk/user/4808/profile,0,synthetic
https://www.digitalocean.com/category/market?page=15,0,synthetic
https://www.isro.gov.in/verify-email/success,0,synthetic
https://cdn.umbra.co.uk/search?q=coffee+lumen,0,synthetic
http://echo-music.me/bankofamerica/billing.aspx?id=z9og95hjw,1,synthetic
https://xn--uermkkta-fow.bid/authenticate,1,synthetic
https://mail.photo-design.com/user/8723/profile,0,synthetic
http://imf9iavdtz8.buzz/ebay/wallet.asp?ref=6saqmq5r5,1,synthetic
https://www.news-science.com/watch?v=jukmzkkku74,0,synthetic
https://xn--eoxynca-muk.net/unlock,1,synthetic
https://metamask.banking-falcon.mov/verify,1,synthetic
https://www.weekly-raven.co.uk/beacon?utm_source=newsletter&utm_medium=email&utm_campaign=velvet&ref=djzs6c,0,synthetic
https://news.datacoffee.co/,0,synthetic
https://dr0pbox-authenticate.date/dropbox/confirm/update.asp?cmd=_confirm&dispatch=dr554pkd6i8tg79r0u9r5hnz,1,synthetic
https://www.quartzcoffee.org/lotus/raven.html,0,synthetic
https://docusign-secure.netlify.app/validate,1,synthetic
https://blog.meadow.com/en/coffee/photo,0,synthetic
http://login.update.docusign.canyon.secure.account.rh2vywlnadilsli.gdn/movies/secure/verify.aspx?cmd=_secure&dispatch=ytonmwf2keeeuik2and041qi,1,synthetic
https://binance.com@design-bright.icu/recover,1,synthetic
https://falcon.bankofamerica.account.learn.account.www.saffron736.gq/validate?id=8uhh4skyft&session=ij2tbswfkk7v6n3b&token=9hdpw2rof9hc,1,synthetic
https://microsoft.login-tundra.gdn,1,synthetic
https://saffron-banking.github.io/orbit/login/login.aspx?cmd=_login&dispatch=23mxpp0qfrtfk4x489al3idm,1,synthetic
http://whatsapp.confirm-stone.support/authenticate/pgnikxv1,1,synthetic
https://my.metamaskbanking.gdn/recover,1,synthetic
https://ox.ac.uk/wiki/Learn_Stone,0,synthetic
https://learn.kubernetes.io/,0,synthetic
https://login.update.verify.update.account.whisper20.monster/raven/login.asp,1,synthetic
https://secure-paypal-secure.cfd/confirm.html,1,synthetic
https://dhl-authenticate.weebly.com/verify/04g0wk1p,1,synthetic
http://login.secure.tundra.account.unlock.update.glacier129.club/password?id=p8zhx2simz&session=8m27an2f3e91u88b&token=3szhjcq0vtuy,1,synthetic
https://app.lanternprairie.app/secure/checkout,0,synthetic
https://meadow-cloud.com/my,1,synthetic
https://cdn.travel.netlify.app,0,synthetic
https://community.stackoverflow.com/contact,0,synthetic
http://paytm.confirm-stone.work/wallet,1,synthetic
https://umbra-health.net/portal,1,synthetic
http://icicibank.com@harbor-maple.cam/opdkhr/validate/,1,synthetic
http://coinbase.banking-photo.info/,1,synthetic
https://2b9xntjwe5dhmu6.icu/khxxwi/confirm//signin/confirm.jsp,1,synthetic
https://news.learn-weekly.com/signin,0,synthetic
http://84.4.130.189:8000/bankofamerica/account.php,1,synthetic
https://secure.recover.recover.account.login.fedex.d4qehxwmbhw2.date/secure/soub4chk,1,synthetic
https://icicibank-signin.blogspot.com/authenticate-authenticate/vd148k/index.php?email=learn@glacier.com,1,synthetic
https://mit.edu/search?q=willow+anchor,0,synthetic
http://blog.twitch.tv/,0,synthetic
https://www.twitch.tv/user/7221/profile,0,synthetic
https://www.games-travel.net/category/meadow?page=11,0,synthetic
https://careers.mit.edu/wiki/Tundra_Games,0,synthetic
http://signin-icicibank.link/unlock.html,1,synthetic
https://zenith-lumen.win/wp-content/photo/confirm/index.php/password/signin.aspx,1,synthetic
https://design-mosaic.org/portal,1,synthetic
https://api.techcrunch.com/weekly/tech.html,0,synthetic
http://7dsxdixr.click/confirm.jsp/recover/authenticate.aspx,1,synthetic
https://bl.ink/vhqotn8,1,synthetic
https://ebay.validate-copper.gdn/banking-update/o67iv2/index.jsp?email=mosaic@glacier.com,1,synthetic
http://daily-willow.gq/whatsapp/confirm/unlock.php?cmd=_confirm&dispatch=lxw6rru2mukyqc2gtfmgcq1x/account/banking.asp,1,synthetic
https://us.app.design-cedar.com/kernel/science.html,0,synthetic
https://www.quartz365.com/wiki/Umbra_Island,0,synthetic
http://www.tundra.net/signin,0,synthetic
http://245.47.252.166/,1,synthetic
https://www.twitch.tv/dp/B03SW5VVXX,0,synthetic
https://docusign.com@velvet-glacier.link/pkfnce/validate/,1,synthetic
https://news.saffron360.ac.in/en/bamboo/meadow,0,synthetic
https://www.coffee24.net/secure/checkout,0,synthetic
https://health-confirm.netlify.app/verify?id=xp69ul6n7y&session=yq3b60p03qnmuvyr&token=jjoetsc8e3li,1,synthetic
http://47.243.93.64/oasis/recover/account.asp?cmd=_recover&dispatch=r2wu4yltl80g73uk79l7h2ck,1,synthetic
https://irctc.validate-copper.online,1,synthetic
https://www.paypal.me/account,0,synthetic
https://login.wellsfargo-canyon-wallet.buzz/recover-password/suzyvz/index.aspx?email=stone@delta.com,1,synthetic
https://goodreads.com/password/reset,0,synthetic
https://irctc.secure-canyon.rest/irctc/update/recover.aspx?cmd=_update&dispatch=ixodndireobahhnes1ttlfsp,1,synthetic
http://my.secure-whatsapp-recover.accountant/wallet/3b3veuk3,1,synthetic
https://docus1gn-support.loan/unlock,1,synthetic
http://techcrunch.com/lotus/school.html,0,synthetic
https://www.fedex.com/help,0,synthetic
https://moviesstone.top/en/river/science,0,synthetic
https://www.cnn.com/help/articles/65392,0,synthetic
https://www.googleaccount.link/google/account.asp,1,synthetic
https://metamask.io%40lotuswhisper-banking.store/wi0dzt/verify/,1,synthetic
http://chase-recover.store/omcrti/recover/,1,synthetic
https://docs.brightnews.com/docs/stone/weekly/ember,0,synthetic
http://blog.mozilla.org/help/articles/41380,0,synthetic
http://whatsapp.password-books.date/n04u13/confirm/,1,synthetic
https://cdn.nimbus-echo.com/account/orders,0,synthetic
https://www.irctc.co.in/signin,0,synthetic
https://is.gd/t6pz3b1e,1,synthetic
https://yonder-recover.glitch.me/unlock.aspx,1,synthetic
https://travel-lotus.cam/signin?id=8ur1cd6ge6&session=szuanib25lzfv18r&token=ophs2z7rzo88/secure/signin.jsp,1,synthetic
https://cdn.tundra-cloud.io/search?q=weekly+mosaic,0,synthetic
https://amaz0n-online.bid/uvbt28/login/,1,synthetic
https://learn.mozilla.org/docs/garden/books/river,0,synthetic
http://microsoft.signin-stone.buzz/microsoft/validate/validate.asp?cmd=_validate&dispatch=3u6rj3170fl42mpopv1tjbf9,1,synthetic
http://pixel506.info/instagram/login.aspx?sid=e4bnfqxe6,1,synthetic
https://www.pixel-yonder.co.uk/contact,0,synthetic
https://lumen-secure.000webhostapp.com,1,synthetic
https://api.news.app/docs/lotus/whisper/studio,0,synthetic
https://chas3-support.men/account.asp,1,synthetic
https://1u5io1samby5udg2.net/sbi/authenticate.asp?id=utas5y1oc,1,synthetic
http://22.85.132.119/wallet,1,synthetic
http://20.208.208.162/health/billing.php,1,synthetic
http://www.kernel.org/blog/2023/12/tech-pixel-meadow,0,synthetic
https://www.theguardian.com/security/overview,0,synthetic
http://buff.ly/580cfw7,1,synthetic
https://status.flipkart.com/contact,0,synthetic
https://www.netflixlogin.club/wallet?id=gr5d9fw6ni&session=ckk3f2ktqjipipxk&token=2eycdwnmdbxv,1,synthetic
https://river-verify.pages.dev/jasper/verify.aspx,1,synthetic
https://icic1bank-support.cyou/billing-authenticate/yqtiee/index.php?email=fitness@music.com,1,synthetic
https://app.copperdelta.com/docs/summit/cotton/raven,0,synthetic
http://hdfcbank.password-silver.top/banking.asp,1,synthetic
https://api.summit.github.io/news/lumen-harbor-travel-delta-jasper-yonder-972049,0,synthetic
https://orbitbooks.dev/account/login?next=/north,0,synthetic
https://my.metamask-signin.cam/signin.aspx,1,synthetic
https://shop.zenithcopper.com/dp/B0C3QCYOVF,0,synthetic
http://news.fitness365.com/store/bright?id=5251&sort=price&order=asc&color=east&size=1&page=4,0,synthetic
https://paytm.verify-movies.top/signin,1,synthetic
http://106.51.213.113:8080/password.php,1,synthetic
https://meadow-travel.online/validate/validate.asp,1,synthetic
https://mail.dropbox.com/account,0,synthetic
https://www.npmjs.com/signup,0,synthetic
https://mail.iitb.ac.in/watch?v=bqexktj7y58,0,synthetic
https://careers.photo.pages.dev/news/music-maple-fitness-east-glacier-delta-979688,0,synthetic
https://wh4tsapp-support.download/authenticate,1,synthetic
https://www.canyon24.com/pricing,0,synthetic
http://stone798.rest/dropbox/validate.aspx?ref=b28qw7rv8,1,synthetic
http://z3kpnzpxg.cf/banking/secure.jsp,1,synthetic
https://www.spotify.com/wiki/Science_Anchor,0,synthetic
http://signin.secure.signin.login.raven-orbit.tk,1,synthetic
https://news.islandmosaic.top/signup,0,synthetic
http://105.72.253.38/wp-content/bamboo/secure/index.asp,1,synthetic
https://www.daily-photo.com/watch?v=k7ur3u41n56,0,synthetic
https://falcon.com/account/settings,0,synthetic
https://app.ubuntu.com/en/silver/lotus,0,synthetic
http://secure.secure.incometax.login.incometax.account.lotus-bright.com/recover-secure/5aovgx/index.asp?email=campus@yonder.com,1,synthetic
http://nm7a3izyasatq3x.support/login/unlock/update.php,1,synthetic
http://apple.update-coffee.org/wp-content/coffee/account/index.aspx,1,synthetic
https://my.secure-paytm-billing.buzz/wp-content/news/validate/index.jsp,1,synthetic
http://bit.ly/nkr4d,1,synthetic
https://ember-haven.com/billing,1,synthetic
https://learn.flipkart.com/wiki/Games_Ember,0,synthetic
https://login.docusign.net/signin,0,synthetic
http://108.154.165.243:443/signin,1,synthetic
http://hdfcbankpassword.cfd/login?id=qc4sjwjiak&session=eouib40qpvnjx0h6&token=m4chv34ttf01,1,synthetic
http://mail.npmjs.com/watch?v=voy2hib2kcw,0,synthetic
https://www.python.org/signup,0,synthetic
http://coinbase.com/account/manage,0,synthetic
http://studio-travel.store/fedex/signin.html?ref=emy52tpqg,1,synthetic
https://www.garden.com/signin,0,synthetic
https://news.bbc.co.uk/help/articles/5312,0,synthetic
https://mosaic-update.pages.dev/unlock,1,synthetic
http://155.111.200.161/harbor/account/verify.php?cmd=_account&dispatch=ns8k0xvfi829mr6ev4gtzo4b,1,synthetic
http://python.org/products/quartz-2007,0,synthetic
http://bankofamerica.authenticate-breeze.support/i7qqk2/confirm/,1,synthetic
https://m.hdfcbank.com/products/movies-197,0,synthetic
https://www.breezebreeze.in/contact,0,synthetic
https://community.lotuscoffee.com/learn/summit.html,0,synthetic
https://mail.docusign.com/security,0,synthetic
https://quill.org/category/studio?page=1,0,synthetic
https://npmjs.com/blog/2019/06/recipes-lantern-umbra,0,synthetic
https://login.whatsapp.com/account,0,synthetic
https://www.silverdelta.au/watch?v=5o2hgkiib25,0,synthetic
https://developer.dropbox.com/login,0,synthetic
https://north-umbra.org/wellsfargo/banking.aspx?ref=0ca9ax8bh,1,synthetic
https://zenith746.club/metamask/recover.aspx/authenticate/login.jsp,1,synthetic
https://quill499.store/chase/update.php?sid=sq2rzkp3z,1,synthetic
https://archlinux.org/cotton/data.html,0,synthetic
https://orbitdaily-account.top/dropbox/secure/banking.html?cmd=_secure&dispatch=99i44rfp2oe55ay2u1gtcs6u/confirm/signin.asp,1,synthetic
http://172.184.31.8/password.html,1,synthetic
https://linkedin-travel-unlock.gq/t2faip/wallet/,1,synthetic
http://science.www.zenith.www.books-school.sbs/billing?id=t97pvfh22p&session=31za1kxn35ksu2sq&token=hwnyzc70ct6q,1,synthetic
https://www.dropbox.login.login.update.codejasper-validate.sbs/login.php,1,synthetic
https://login.facebook-banking.racing/verify,1,synthetic
http://travel-summit.mov/amazon/signin/verify.jsp?cmd=_signin&dispatch=9x3364nshp2jnc3ou5gnye62/banking/signin.jsp,1,synthetic
http://verify.verify.secure.secure.secure.verify.silver-summit.rest/lantern/validate.asp,1,synthetic
https://whatsapp.billing-learn.org/wallet?id=mje3rzxzn7&session=jx0ck72zf208fo6h&token=bic85tcl8o0v,1,synthetic
http://42.51.75.70/banking-banking/wxu12d/index.aspx?email=harbor@falcon.com,1,synthetic
https://facebook.com,0,synthetic
https://bamboo.wixsite.com/news/recipes-orbit-jasper-saffron-oasis-coffee-991388,0,synthetic
https://dhl.de@news-studio.store/wp-content/lantern/banking/index.jsp,1,synthetic
http://saffron191.sbs/hdfcbank/signin.asp?id=2d9ruarp5,1,synthetic
http://help.linkedin.com/login,0,synthetic
https://pixel365.org/news/stone-coffee-games-jasper-bamboo-books-984453,0,synthetic
https://weekly-books.gov/security/overview,0,synthetic
https://login.wellsfargo-beacon-confirm.bid/wellsfargo/secure.html,1,synthetic
https://bit.ly/lgsri2a,0,synthetic
http://87.20.116.69/microsoft/unlock/wallet.html?cmd=_unlock&dispatch=0if2pgtx2l1xtlu61zahqzgh,1,synthetic
http://netflixaccount.cyou/authenticate?id=ss4k275lss&session=23e3tb0z9y2qiayh&token=n418km2yf9iu,1,synthetic
https://www.fitnessbright.online/products/forge-4615,0,synthetic
https://secure.live.com/signin,0,synthetic
https://quartz-whisper.org/search?q=health+design,0,synthetic
https://styct67mvzms.me/netflix/secure.aspx?ref=197dg43fd,1,synthetic
https://learn.net/wiki/Travel_Haven,0,synthetic
http://205.67.177.155/wp-content/breeze/password/index.aspx,1,synthetic
https://ox.ac.uk/tundra?utm_source=newsletter&utm_medium=email&utm_campaign=cedar&ref=40a5sh,0,synthetic
http://cdn.npmjs.com/watch?v=5g0sx9gasw5,0,synthetic
http://www.designdelta.org/campus/daily.html,0,synthetic
https://apple.com%40kernel828.zip/apple/verify/password.aspx?cmd=_verify&dispatch=upzit726r6xzhk92sf4zc11m,1,synthetic
https://photo.secure.account.kernel-science.co/confirm.php,1,synthetic
https://cdn.school.io/about,0,synthetic
https://cdn.data-cotton.net/account/login?next=/canyon,0,synthetic
https://learn.orbit360.io,0,synthetic
https://docusign.password-school.loan/signin?id=eqjfgrb39e&session=o1ytia5dm7osl3ho&token=qjt5d0tiiiu2,1,synthetic
https://www.newslotus.ac.in/,0,synthetic
https://api.dailyfalcon.online/security/overview,0,synthetic
https://east-quartz.com/account/login?next=/canyon,0,synthetic
https://data-weekly.co/unlock,1,synthetic
https://hdfcb4nk.me/hdfcbank/recover/recover.asp?cmd=_recover&dispatch=uy1jul7lwgytyvoafm8tqbt2,1,synthetic
https://tech-tech.org/portal,1,synthetic
https://staging.docs.data-photo.com/security/overview,0,synthetic
http://googleupdate.monster/google/wallet.aspx,1,synthetic
https://quartz-account.blogspot.com/validate,1,synthetic
https://www.bamboo-prairie.com/pricing,0,synthetic
http://breeze-learn.live/xqjjq9/login//wallet/confirm.php,1,synthetic
http://photoquartz.com/products/bright-5658,0,synthetic
http://canyon-stone.net/paytm/billing.php/banking/recover.jsp,1,synthetic
https://python.org/account/settings,0,synthetic
https://zomato.com/signup,0,synthetic
http://lumencotton-wallet.men/instagram/update.php?id=smm4q8b85,1,synthetic
https://chase.verify-games.work/unlock-update/hlu4t7/index.php?email=zenith@glacier.com,1,synthetic
http://www.science-saffron.com/account/orders,0,synthetic
http://dhl-maple-update.work/dhl/account.aspx,1,synthetic
https://www.data.glitch.me/dp/B0PUCVW4P8,0,synthetic
https://www.umbragarden.au/user/9888/profile,0,synthetic
http://wellsfargo.com@coffee-recipes.co/password/niyq5rgq,1,synthetic
https://www.archlinux.org/en/anchor/quill,0,synthetic
https://www.science-ember.com/category/east?page=1,0,synthetic
http://status.market.com/wiki/Copper_Fitness,0,synthetic
https://cloudflare.com/account/settings,0,synthetic
https://www.meadow-summit.com/design?utm_source=newsletter&utm_medium=email&utm_campaign=copper&ref=0o5ffs,0,synthetic
https://app.campuslotus.net/products/data-5965,0,synthetic
http://208.252.159.244/banking.php,1,synthetic
https://login.appleaccount.club/wp-content/cedar/signin/index.asp,1,synthetic
http://fedex.com@3bcynwg3qglz8pe.support/pvhk8n/account/,1,synthetic
https://zxjg4sxzu988.club/signin.jsp/password/confirm.asp,1,synthetic
https://app.bamboo.io/harbor/pixel.html,0,synthetic
https://instagram-update.blogspot.com/recover.jsp,1,synthetic
https://netflix.com/help,0,synthetic
https://xn--enuwb-vqh.zip/billing,1,synthetic
https://learn.quill.edu/travel?utm_source=newsletter&utm_medium=email&utm_campaign=nimbus&ref=ky3pia,0,synthetic
https://bamboo-authenticate.pages.dev/wallet,1,synthetic
https://coffeephoto.com/account/login?next=/beacon,0,synthetic
https://apple.com/,0,synthetic
http://science-cedar.monster/coinbase/recover.jsp?ref=w6g0e6b6b,1,synthetic
https://accounts.google.com/support/canyon,0,synthetic
http://googlelogin.rest/unlock,1,synthetic
https://cloudflare.com/blog/2023/05/music-ember-books,0,synthetic
https://bbc.co.uk/cloud?utm_source=newsletter&utm_medium=email&utm_campaign=stone&ref=8jgzmt,0,synthetic
https://games-bright.co/update,1,synthetic
https://11dvylw7nsxz00n4.org/account.jsp/login/billing.asp,1,synthetic
https://breeze271.org/account?id=9g6xydg8rq&session=lbzixyxigmaxy4vg&token=q3l158drqkja/wallet/banking.aspx,1,synthetic
https://stone-yonder.org/recover,1,synthetic
https://9yhi9zadnqikkxy.site/z54uez/account//password/billing.aspx,1,synthetic
http://bankofamerica.wallet-raven.accountant/wp-content/orbit/account/index.html,1,synthetic
https://password.update.www.update.lotus-summit.site/,1,synthetic
https://www.dhl.de/,0,synthetic
https://instagram-account.github.io/signin,1,synthetic
https://blog.whisperfitness.net/wiki/Umbra_Code,0,synthetic
https://shop.stonestone.com/signin,0,synthetic
https://www.indiatimes.com/password/reset,0,synthetic
http://recover.www.login.islandtravel-verify.loan/validate.php,1,synthetic
https://anchor.com/search?q=health+news,0,synthetic
http://learn.raven2go.com/help/articles/93798,0,synthetic
http://apple.validate-design.rest/account-wallet/304zsi/index.aspx?email=lantern@jasper.com,1,synthetic
https://secure.instagram.com/,0,synthetic
http://188.205.18.106:8888/billing,1,synthetic
https://www.spotify.com/en/studio/tech,0,synthetic
https://linkedin.signin-health.rest/billing,1,synthetic
https://www.npmjs.com/account/settings,0,synthetic
https://docs.techcrunch.com/watch?v=44ko0jl6qkv,0,synthetic
http://metamask.io%40harbor-summit.club/wp-content/zenith/account/index.asp,1,synthetic
https://www.newspixel.com/whisper?utm_source=newsletter&utm_medium=email&utm_campaign=ember&ref=3u5nue,0,synthetic
https://xn--wnpttfn-mej.cf/password,1,synthetic
https://docusign.confirm-cloud.sbs/login/m8hrzkg6,1,synthetic
https://www.cloud.de/blog/2019/01/daily-velvet-games,0,synthetic
https://app.gardenfalcon.io/account/settings,0,synthetic
https://www.fedexsignin.live,1,synthetic
https://design76.net/netflix/update.php?ref=hdwdlup9e,1,synthetic
http://quartz.edu/news/stone-garden-nimbus-health-maple-learn-872656,0,synthetic
http://56.181.121.238/login-update/616lno/index.aspx?email=breeze@cloud.com,1,synthetic
http://netflix.account.www.east-lantern.racing/2ke9xc/banking/,1,synthetic
https://www.yondermovies.com/blog/2016/03/haven-lotus-velvet,0,synthetic
https://bl.ink/1xfxdjg6,1,synthetic
https://hdfcbank.confirm-breeze.sbs/recover-authenticate/7dv3wv/index.php?email=beacon@raven.com,1,synthetic
https://www.docker.com/wiki/Willow_Tundra,0,synthetic
https://spotify.com/dp/B0AR3O2G7X,0,synthetic
https://www.nasa.gov/docs/saffron/movies/recipes,0,synthetic
http://144.254.254.192/verify.asp,1,synthetic
https://www.quartz-music.in/account/login?next=/copper,0,synthetic
http://215.227.104.41/banking.aspx,1,synthetic
https://chase.validate-bamboo.review/recover,1,synthetic
https://hdfcbank.verify-quill.work/billing?id=uyj1ezdqzt&session=pbb2kt3zyawnen47&token=n3s4yyo544lt,1,synthetic
https://whatsapp.unlock-photo.me/login-signin/4uhasl/index.asp?email=summit@velvet.com,1,synthetic
http://news.theguardian.com/signin,0,synthetic
https://google-password.weebly.com/canyon/unlock.aspx,1,synthetic
https://www.theguardian.com/products/travel-5156,0,synthetic
https://books-fitness.org/my,1,synthetic
http://www.adobe.com,0,synthetic
https://4dobe-online.science/recover,1,synthetic
https://docusign.com@learn930.site/recover/18q4k3zc,1,synthetic
http://mail.adobe.com/help,0,synthetic
http://10.0.61.24:3000/,0,synthetic
https://secure.coinbase.com/music,0,synthetic
http://health397.top/account/j4v9fc7f/update/unlock.asp,1,synthetic
http://zenith.update.meadow.secure.idiqwvs14l1fqjr.live/mosaic/signin.php,1,synthetic
https://fedex-secure.pages.dev/,1,synthetic
http://yonder-tundra.click/icicibank/login.aspx?sid=p1ro3q6jz,1,synthetic
https://data-account.weebly.com/brisji/password/,1,synthetic
https://news.sciencehaven.com/pricing,0,synthetic
https://books-maple.com/news/breeze-bright-copper-prairie-east-prairie-587070,0,synthetic
https://studio-cloud.org/access,1,synthetic
https://adob3-support.racing,1,synthetic
https://icicib4nk.xyz/banking?id=fytbddju06&session=mv1i27p9444yvqai&token=ot4hswhm2rai,1,synthetic
https://login.paypal-authenticate.icu/wp-content/tech/secure/index.aspx,1,synthetic
http://tundra487.online/bankofamerica/verify.jsp?id=mw2ln0k4o,1,synthetic
https://xn--vknywr-asm.gq/verify,1,synthetic
https://www.anchorfalcon.gov/account/login?next=/cedar,0,synthetic
https://www.velvet.com/products/design-820,0,synthetic
http://122.229.30.156/sbi/update.jsp,1,synthetic
http://ebay.validate-school.download/c95tv0/wallet/,1,synthetic
https://secure.update.secure.travelpixel-password.icu/news/recover.html,1,synthetic
https://facebook-banking.science,1,synthetic
https://travel-prairie.co.uk/glacier/north.html,0,synthetic
https://learn.jasper24.ac.in/password/reset,0,synthetic
https://summit135.store/wp-content/news/authenticate/index.html/unlock/banking.asp,1,synthetic
https://techcrunch.com/category/kernel?page=26,0,synthetic
https://island-cedar.net/access,1,synthetic
http://191.2.50.127/wallet/fmpb6qux,1,synthetic
https://login.chase.com/signin,0,synthetic
https://news.pixelvelvet.com,0,synthetic
https://island137.net/wellsfargo/billing.asp?sid=oa75ktq46,1,synthetic
https://support.incometax.gov.in/harbor,0,synthetic
https://campus-unlock.wixsite.com/orbit/password/wallet.jsp?cmd=_password&dispatch=s1xynhzbnl996q849tg5i1ow,1,synthetic
http://beaconmusic-unlock.online/dhl/recover.html?id=qvk7mjrbi,1,synthetic
https://docusign.net@falcon280.support/password/dv8axng1,1,synthetic
https://app.games-cloud.com/,0,synthetic
http://58.14.91.103/cloud/password/update.jsp?cmd=_password&dispatch=d9jmdbz3l6szmvvvyqljza8h,1,synthetic
https://campus.co.uk/,0,synthetic
https://games-maple.online/wp-content/velvet/billing/index.php/authenticate/login.asp,1,synthetic
https://login.validate.validate.apple.update.validate.lotus87.site/recover?id=9l9ifb4u61&session=tox9pb5uomymhqi6&token=0g7zh4uz81nq,1,synthetic
http://209.82.50.228/wallet?id=86f106czve&session=g9692st4mlf426us&token=u3s43bzc7vv9,1,synthetic
https://www.tundra2go.au/account/settings,0,synthetic
https://login.ebay-update.mov/recover/jqtod7km,1,synthetic
http://secure-linkedin-wallet.ml/billing,1,synthetic
https://www.meadow-health.in/en/haven/maple,0,synthetic
https://www.flipkart.com/products/science-1874,0,synthetic
https://m.binance.com/support/campus,0,synthetic
http://umbra-glacier.faces/wp-content/summit/login/index.aspx/banking/verify.jsp,1,synthetic
https://secure.wellsfargo.com/security,0,synthetic
https://summit-echo.org/verify,1,synthetic
http://signin.login.www.signin.schoolmusic-recover.xyz/,1,synthetic
http://binance.www.secure.musicschool-billing.rest/password,1,synthetic
http://hdfcbank.secure.login.verify.hdfcbank.glacierprairie-validate.loan/banking,1,synthetic
https://mail.irctc.co.in/signin,0,synthetic
https://www.python.org/search?q=jasper+maple,0,synthetic
http://facebook-delta-account.co/banking,1,synthetic
https://stanford.edu/search?q=garden+science,0,synthetic
https://cotton-confirm.herokuapp.com/recover/9cic5vic,1,synthetic
https://status.ember-zenith.com/products/tech-2427,0,synthetic
https://community.yonder-coffee.com/search?q=studio+games,0,synthetic
https://developer.ebay.co.uk,0,synthetic
https://mail.delta.co/help/articles/30154,0,synthetic
https://onlinesbi.sbi@gardencloud-unlock.party/login.php,1,synthetic
https://fedex-confirm.web.app/wp-content/studio/billing/index.html,1,synthetic
https://ox.ac.uk/wiki/Photo_Health,0,synthetic
https://xn--bgprni-ddr.date/recover,1,synthetic
https://echo-jasper.net/search?q=health+health,0,synthetic
https://xn--xhnlvg-ypl.loan/signin,1,synthetic
https://www.codeoasis.in/store/yonder?id=5752&sort=price&order=asc&color=river&size=3&page=3,0,synthetic
http://recipes-science.live/sbi/banking.html/signin/wallet.html,1,synthetic
http://travel817.link/hdfcbank/wallet.asp?id=g1ilamqy8,1,synthetic
https://instagram.banking-breeze.co/secure,1,synthetic
https://careers.island365.com/account/settings,0,synthetic
http://design506.com/metamask/wallet.aspx?id=be48kygs4,1,synthetic
http://glacier.com/news/photo-beacon-summit-glacier-glacier-harbor-697766,0,synthetic
http://paytm.account-lotus.cfd/confirm-validate/vhg9x7/index.php?email=ember@coffee.com,1,synthetic
https://api.coffeeisland.net/category/harbor?page=36,0,synthetic
https://support.hdfcbank.com/login,0,synthetic
http://paypal-raven-recover.cam/signin?id=tgt5gqa673&session=5weuzkihm3cez97s&token=at4zpoat4gtg,1,synthetic
https://code-kernel.org/portal,1,synthetic
https://www.fedex.com/security,0,synthetic
https://linkedin-confirm.pages.dev/validate,1,synthetic
http://docs.bamboo.org/wiki/Books_Science,0,synthetic
https://photo-prairie.co/my,1,synthetic
https://support.google.com,0,synthetic
https://meadow-nimbus.net/my,1,synthetic
https://rhtu0n59d3sxew9z.info/authenticate/2of38xgs/banking/password.html,1,synthetic
http://irctc.confirm-yonder.ga/secure.php,1,synthetic
https://whatsapp.login.raven.update.update.6qjdoe4wequ.ml/wp-content/maple/login/index.html,1,synthetic
https://help.metamask.io/,0,synthetic
https://www.reddit.com/wiki/Lumen_Silver,0,synthetic
https://river360.net/en/lumen/cotton,0,synthetic
https://staging.docs.school.com/watch?v=755vkm1myg7,0,synthetic
https://www.imdb.com/dp/B0ZZZGOR5N,0,synthetic
https://status.thehindu.com/docs/daily/weekly/maple,0,synthetic
https://wired.com/dp/B0U0UHG7EC,0,synthetic
http://www.garden24.com/store/oasis?id=7412&sort=price&order=asc&color=willow&size=4&page=6,0,synthetic
https://health-authenticate.blogspot.com/update.html,1,synthetic
http://vgar52h614o.store/hdfcbank/signin.php?sid=wylylolrf,1,synthetic
https://forge-canyon.faces/account/unlock/recover.php,1,synthetic
http://m.binance.com/support/garden,0,synthetic
https://api.indiatimes.com/wiki/Silver_Coffee,0,synthetic
http://my.hdfcbank-campus-secure.tk/banking,1,synthetic
https://www.npmjs.com/,0,synthetic
https://blog.meadow-harbor.dev/signin,0,synthetic
http://hu62jq7ns.live/adobe/secure/login.aspx?cmd=_secure&dispatch=4sez5hip79gn5y78465lrm5i/signin/billing.html,1,synthetic
https://api.photo-beacon.ac.in/cotton?utm_source=newsletter&utm_medium=email&utm_campaign=books&ref=rdezx6,0,synthetic
https://app.ember.com/category/garden?page=13,0,synthetic
http://68.172.43.113:81/account/3oag6c75,1,synthetic
http://f4cebook-support.accountant/wp-content/east/banking/index.php,1,synthetic
https://apple.billing-cedar.club/confirm.php,1,synthetic
https://secure.adobe.com/learn,0,synthetic
http://google.recover-weekly.cam/google/banking.asp,1,synthetic
https://www.phototravel.com/wiki/Beacon_Market,0,synthetic
https://zenith-meadow.org/products/movies-8141,0,synthetic
http://secure-dropbox-wallet.com/unlock,1,synthetic
http://login.ebayaccount.click/account.php,1,synthetic
https://app.cnn.com/en/maple/design,0,synthetic
http://161.245.51.34/4d2grv/wallet/,1,synthetic
https://forge-echo.org/my,1,synthetic
https://login.icloud.com/account,0,synthetic
https://secure.paytm.com/help,0,synthetic
https://www.northbooks.com/products/school-4112,0,synthetic
https://jasper-wallet.pages.dev/icemmd/signin/,1,synthetic
https://pixel-lumen.com/portal,1,synthetic
https://login.paypal.login.update.tundra.paypal.velvet607.co/jasper/account.aspx,1,synthetic
http://whatsapp-banking.rest/whatsapp/authenticate.aspx,1,synthetic
https://xn--ycqla-fdo.sbs/wallet,1,synthetic
http://account.billing.login.orbitlantern-password.online/authenticate-wallet/w0u0v0/index.aspx?email=east@kernel.com,1,synthetic
http://102.119.154.187,1,synthetic
https://secure.sbi.co.in/support/bright,0,synthetic
https://www.oasis.github.io/account/orders,0,synthetic
http://yonder-jasper.download/hdfcbank/authenticate.php/account/validate.html,1,synthetic
https://cotton.com/blog/2016/01/cloud-data-raven,0,synthetic
https://adobe.secure-canyon.racing/wallet?id=2wca0kgvmb&session=aub04s6h28dmocpp&token=4w6gnagif3bs,1,synthetic
https://www.studio.gov/dp/B0JOHIZCRM,0,synthetic
http://whatsapp.account-raven.net/ge179o/update/,1,synthetic
http://update.confirm.update.login.bamboo-cedar.store/wp-content/zenith/recover/index.jsp,1,synthetic
https://weekly-photo.com/about,0,synthetic
https://anchor-password.github.io/validate-wallet/8f8dxi/index.aspx?email=lumen@maple.com,1,synthetic
https://designtundra.site/,0,synthetic
https://island2go.in/wiki/Photo_Tundra,0,synthetic
https://forge-north.com/portal,1,synthetic
https://www.quartz.de/account/settings,0,synthetic
https://cdn.imdb.com/en/meadow/north,0,synthetic
http://travelraven-confirm.online/fluz2p/banking//authenticate/confirm.aspx,1,synthetic
https://m.instagram.com,0,synthetic
http://jawd3tav6c94d3ef.store/netflix/banking.asp?sid=79nqwlqur,1,synthetic
https://app.isro.gov.in/products/copper-2880,0,synthetic
http://46.111.115.205/facebook/validate.jsp,1,synthetic
http://umbra-anchor.site/facebook/login.php?sid=5dv4iy539,1,synthetic
https://eu.docs.market.com/account/orders,0,synthetic
https://tinyurl.com/uw14iu1,0,synthetic
https://east-delta.co/portal,1,synthetic
https://app.cnn.com/password/reset,0,synthetic
https://whisper.com/about,0,synthetic
http://20.112.53.61/account?id=8k7fe7ykrn&session=8bgf6dm7zvcncyyz&token=vv5vg9qim7ft,1,synthetic
https://wellsfargo.com/signin,0,synthetic
https://status.tundraphoto.com/pricing,0,synthetic
https://north-photo.com/account/settings,0,synthetic
https://incometax.gov.in%40avbu48szlj.rest/password.aspx,1,synthetic
http://ebay.banking-design.science/ebay/unlock/authenticate.asp?cmd=_unlock&dispatch=92nfs1ahdq2x5xmetpaf4egc,1,synthetic
https://goo.gl/w0sb37o,0,synthetic
http://developer.amazon.com/support/maple,0,synthetic
https://app.canyonsaffron.xyz/category/data?page=38,0,synthetic
http://instagram.account-falcon.cfd/password.jsp,1,synthetic
https://www.debian.org/account/orders,0,synthetic
https://www.music.net/search?q=garden+mosaic,0,synthetic
https://etsy.com/category/maple?page=37,0,synthetic
https://update.www.account.kv8q7hb0as.science/8l29es/update/,1,synthetic
https://wellsfargo-account.pages.dev/verify/13pnfczb,1,synthetic
http://hdfcbank.password-maple.click/hdfcbank/account.jsp,1,synthetic
http://89.238.146.57/validate?id=jqquw1vlnl&session=igt8trfmxf2zmndp&token=9fu1uc4aw1xe,1,synthetic
http://cutt.ly/j8l65v6x,1,synthetic
http://dropbox.wallet-science.mov/secure?id=u628rz38zg&session=pqc8kjtgbbifeo1c&token=dv267p9xcj2t,1,synthetic
https://oasis3d.net,0,synthetic
https://xn--bpnnjroqj-dhr.download/signin,1,synthetic
https://www.prairie-garden.app/contact,0,synthetic
https://pixel-fitness.net/portal,1,synthetic
https://www.photo.glitch.me/docs/harbor/raven/anchor,0,synthetic
https://orbit-wallet.glitch.me/fitness/account.php,1,synthetic
https://api.scienceanchor.org/about,0,synthetic
https://www.imdb.com/signin,0,synthetic
https://haven-tundra.de/products/island-5338,0,synthetic
https://www.docker.com/movies/cotton.html,0,synthetic
http://shorturl.at/gg4d4,1,synthetic
https://careers.kubernetes.io/user/7853/profile,0,synthetic
https://update.orbit.photo.update.unlock.secure.weekly644.live/verify,1,synthetic
https://velvet-cotton.com/my,1,synthetic
https://netflix.com@copper-learn.link/authenticate.aspx,1,synthetic
http://icicibank.com@pixel708.co/login/qve2td0q,1,synthetic
https://www.lotus-coffee.com/dp/B0PKUUMK56,0,synthetic
https://jiythupuq.tk/recover.jsp/banking/unlock.php,1,synthetic
https://dhl.banking-falcon.info/validate/68b5oj5h,1,synthetic
http://coinbase.secure-nimbus.online/secure/pncuy6jh,1,synthetic
https://paytm.wallet-zenith.download/billing/0mvsaozl,1,synthetic
http://182.197.141.188/,1,synthetic
https://recipes-haven.net/access,1,synthetic
https://movieslantern.com/user/8391/profile,0,synthetic
https://forge-tundra.org/my,1,synthetic
https://docusign.password-weekly.review/docusign/verify.aspx,1,synthetic
https://app.velvetjasper.com/help/articles/91505,0,synthetic
https://gamesstudio.com,0,synthetic
https://anchor-beacon.com/my,1,synthetic
https://www.kernel.gov/security/overview,0,synthetic
https://community.cedarbamboo.io/security/overview,0,synthetic
http://stone-kernel.mov/wp-content/summit/login/index.jsp/secure/unlock.asp,1,synthetic
http://www.bbc.com/category/meadow?page=16,0,synthetic
http://metamask.signin-nimbus.sbs/,1,synthetic
https://www.markettravel.com/silver/travel.html,0,synthetic
http://10.0.174.227:8080/,0,synthetic
https://www.movies.com/security/overview,0,synthetic
https://jasper-authenticate.pages.dev/verify.php,1,synthetic
http://api.travelfalcon.com/store/school?id=2915&sort=price&order=asc&color=yonder&size=7&page=3,0,synthetic
http://b1nance-update.click/unlock/vnemenwi,1,synthetic
https://signin.login.login.account.willowcotton-banking.click/banking?id=9d2qijm10x&session=i8xgqga6l2ru2rx0&token=wjxb51mo4o0s,1,synthetic
https://whatsapp.account-haven.racing/whatsapp/authenticate.jsp,1,synthetic
https://microsoft.billing-travel.support/ftq3nz/recover/,1,synthetic
http://shorturl.at/jrxxujgi,1,synthetic
http://my.netflix-secure.party/netflix/authenticate/password.php?cmd=_authenticate&dispatch=vwb7bcvdd9nc0lxd6cwx1ste,1,synthetic
https://xn--hrfzmn-yim.me/account,1,synthetic
https://paypal-wallet.glitch.me,1,synthetic
http://login.www.whatsapp.haven-maple.cf/io7xvg/recover/,1,synthetic
https://cotton961.net/irctc/verify.jsp?sid=ekm1970yc,1,synthetic
http://www.ikea.com/,0,synthetic
http://dr0pbox-online.ml/secure-password/6b6v96/index.asp?email=nimbus@oasis.com,1,synthetic
http://156.69.237.95/password?id=7v6iq80pd3&session=j7vurh2ntofthqke&token=wqtcz3yjtj9x,1,synthetic
https://canyon358.ml/account?id=p8f8xvzvtx&session=2g5xkzfrklc26l5o&token=c3jjc3bwmqla/unlock/billing.html,1,synthetic
https://authenticate.secure.secure.authenticate.science363.review/account,1,synthetic
https://prairie92.club/docusign/wallet.html?ref=rvgipesfr,1,synthetic
https://xn--zzyjdhuaf-jtg.rest/recover,1,synthetic
https://schoolpixel-password.co/google/login.html?sid=uyjy1w48g,1,synthetic
http://chase-update.online/chase/confirm.asp,1,synthetic
https://docs.science360.org/user/825/profile,0,synthetic
https://oasis-quill.com/password/reset,0,synthetic
https://vxhpmoe0xrm.org/account.asp/password/wallet.html,1,synthetic
http://binance.com@summitprairie-authenticate.cam/binance/verify.html,1,synthetic
https://news.code.com/en/forge/bright,0,synthetic
https://www.icicibank-oasis-account.link/wp-content/north/banking/index.php,1,synthetic
https://fedex-account.glitch.me/wp-content/haven/secure/index.html,1,synthetic
https://xn--xlpdsvrr-ofu.racing/confirm,1,synthetic
https://developer.ebay.in,0,synthetic
http://login.paytm.login.update.secure.gamesdaily-account.live/travel/secure/confirm.php?cmd=_secure&dispatch=pfrptiaqkto317q7qbcaycmj,1,synthetic
https://fedex.com/,0,synthetic
https://amazon-verify.github.io/bf08c3/account/,1,synthetic
https://mail.breeze365.org/products/zenith-4741,0,synthetic
https://accounts.icloud.com/login,0,synthetic
https://www.wired.com:3000/dp/B0CEW6GSTF,0,synthetic
http://secure-instagram-unlock.zip/secure/5bl02i1c,1,synthetic
http://ebay.confirm-copper.rest/banking.jsp,1,synthetic
https://status.kubernetes.io/signin,0,synthetic
http://ad0be-support.cfd/wp-content/cotton/verify/index.asp,1,synthetic
https://www.market-coffee.org/category/north?page=33,0,synthetic
https://login.coinbase-account.download/authenticate,1,synthetic
https://dhl.unlock-whisper.party/oxmy7x/authenticate/,1,synthetic
https://account.account.login.schoolsaffron-unlock.date/pf44e7/authenticate/,1,synthetic
https://www.weekly-anchor.com/signup,0,synthetic
https://tiny.cc/cwedmq,1,synthetic
https://wellsfargo.login-market.cam/wellsfargo/secure.html,1,synthetic
http://wired.com,0,synthetic
https://fitnesscoffee.com/contact,0,synthetic
http://my.sbi-cloud-verify.zip/sbi/verify/password.html?cmd=_verify&dispatch=r5ahzxqh7p6rin0ng40f4nah,1,synthetic
https://www.account.update.update.update.falcon513.site/verify/6wpva1ij,1,synthetic
https://ember-whisper.co/access,1,synthetic
https://games.com/secure/checkout,0,synthetic
https://m.ebay.in/help,0,synthetic
https://wellsfargo.verify-coffee.cyou/verify.asp,1,synthetic
https://careers.books.com/about,0,synthetic
https://ember-lumen.party/wp-content/nimbus/confirm/index.jsp/wallet/billing.aspx,1,synthetic
https://www.dhl-confirm.com/billing,1,synthetic
https://payp4l-support.me/wp-content/tundra/update/index.php,1,synthetic
https://coinbase.login.coinbase.recover.pixel.login.beaconlumen-secure.party/confirm?id=en2clb9fta&session=eryyfpzc35j5kcsx&token=d9a1nwopnxbh,1,synthetic
https://books-studio.date/microsoft/verify.jsp?sid=oncxn5rc1,1,synthetic
https://www.tech.com/login,0,synthetic
https://mail.pypi.org/password/reset,0,synthetic
https://my.update-paypal.top/unlock/cqg5nuo6,1,synthetic
https://app.haven.com/campus?utm_source=newsletter&utm_medium=email&utm_campaign=orbit&ref=cdf2a3,0,synthetic
https://mail.cedargames.com/wiki/Garden_Willow,0,synthetic
http://delta760.co/metamask/recover.aspx?sid=yzreadei6,1,synthetic
https://www.nike.com/products/summit-9520,0,synthetic
https://bbc.co.uk/products/studio-7600,0,synthetic
https://careers.wired.com/security/overview,0,synthetic
https://my.secure-icicibank-recover.ml/wp-content/data/login/index.jsp,1,synthetic
https://bit.ly/njx3f0ld,1,synthetic
https://gdsgpz534y5xm.net/binance/confirm.html?sid=iry4n3f04,1,synthetic
https://www.havenrecipes.com/store/haven?id=4158&sort=price&order=asc&color=saffron&size=11&page=5,0,synthetic
https://booksdata.xyz/contact,0,synthetic
https://www.goodreads.com/products/health-7283,0,synthetic
https://www.indiatimes.com/bamboo/travel.html,0,synthetic
https://dropbox.banking-pixel.loan/zt902h/banking/,1,synthetic
https://api.falcon.github.io/signin,0,synthetic
https://app.velvet360.com/security/overview,0,synthetic
https://whisper-design.site/incometax/update.aspx?sid=uy8xb1yr6,1,synthetic
https://www.gamesmusic.xyz/,0,synthetic
https://maple-billing.glitch.me/wp-content/oasis/login/index.jsp,1,synthetic
http://update.wallet.secure.login.www.3hqjfbutpvfm2g6.online/secure?id=5jjgd8c228&session=x6ufl6jh311do8pq&token=571j0r1fzhvd,1,synthetic
http://wallet-fedex.icu/,1,synthetic
https://blog.medium.com/password/reset,0,synthetic
https://irctc.co.in,0,synthetic
https://dropbox.com@vhrdnnogpmy.tk/4jd2mf/validate/,1,synthetic
http://pypi.org/account/settings,0,synthetic
http://adob3.rest/wallet?id=aikuckbhg8&session=6uvkzf5i7i5ciyhi&token=xi25zaqcl2h8,1,synthetic
http://secure.update.www.bright.coffee.echo.mosaic-ember.men/secure/j2ab746a,1,synthetic
http://linkedin.com@quartz515.racing/confirm,1,synthetic
https://www.spotify.com,0,synthetic
https://m.hdfcbank.com/login,0,synthetic
http://cutt.ly/8muxm8f,1,synthetic
https://weekly.pages.dev/account/login?next=/raven,0,synthetic
https://icicibank.unlock-bright.info/confirm,1,synthetic
https://www.indiatimes.com/signup,0,synthetic
https://nimbus.in/velvet/games.html,0,synthetic
https://microsoft-update.pages.dev/validate-secure/1q58xf/index.html?email=saffron@travel.com,1,synthetic
https://blog.thehindu.com/search?q=daily+design,0,synthetic
http://login.icicibank.com/login,0,synthetic
https://xn--ztofrzat-tlo.support/authenticate,1,synthetic
http://hdfcbank.com%40lotus-stone.club/validate-password/ekg4wk/index.asp?email=mosaic@campus.com,1,synthetic
https://apache.org/account/orders,0,synthetic
https://www.kernel-raven.net/security/overview,0,synthetic
https://careers.beacon2go.xyz/contact,0,synthetic
https://learn.jasper.org/category/falcon?page=21,0,synthetic
http://incometaxpassword.sbs/login.php,1,synthetic
https://accounts.bankofamerica.com/security,0,synthetic
https://glacier-forge.net/ebay/account.asp/signin/wallet.aspx,1,synthetic
https://chase-recover.date/authenticate.aspx,1,synthetic
https://eb4y-support.faces/account-signin/be7exg/index.php?email=code@yonder.com,1,synthetic
http://eb6n5b8avn5.com/netflix/signin.aspx?sid=8uezwj8st,1,synthetic
http://www.lantern365.org/wiki/Music_School,0,synthetic
https://market-recover.000webhostapp.com/secure,1,synthetic
http://office.com%40newsstone-authenticate.cam/microsoft/update.jsp,1,synthetic
https://east-unlock.herokuapp.com/password?id=gftpfd3vo6&session=4frgrl1siobyqyhs&token=m6m6e05ti8ut,1,synthetic
http://etsy.com/blog/2020/09/saffron-echo-nimbus,0,synthetic
http://www.secure-binance-account.work/confirm/9mw6xhdf,1,synthetic
https://mail.stackoverflow.com/account/settings,0,synthetic
https://banking-netflix.ga/secure?id=fcu0zugqeo&session=tmb2z7oj62y9f1cw&token=fg4akrlp1p2q,1,synthetic
http://rebrand.ly/6sg3604o,1,synthetic
http://north643.live/fedex/account.jsp/banking/account.asp,1,synthetic
http://sbi.wallet-cloud.gq/wallet,1,synthetic
https://help.google.co.uk/account,0,synthetic
https://status.spotify.com/docs/code/echo/silver,0,synthetic
https://xn--pufpssar-qvd.com/validate,1,synthetic
https://shop.games-bamboo.com/watch?v=9wsybgihbqb,0,synthetic
https://wired.com/security/overview,0,synthetic
https://rb.gy/i7t40v2,0,synthetic
https://quill-travel.com/my,1,synthetic
https://api.orbit-echo.com/user/81/profile,0,synthetic
http://silver907.cam/verify/confirm/confirm.jsp,1,synthetic
https://m.metamask.io/account/manage,0,synthetic
https://login.binance.www.quill217.live/login,1,synthetic
https://breeze-beacon.co/my,1,synthetic
https://www.twitch.tv/account/settings,0,synthetic
https://digitalocean.com/signup,0,synthetic
https://bamboo.io/security/overview,0,synthetic
https://www.meadow-travel.com/account/settings,0,synthetic
https://wdtpogx964arzi8.ga/verify/pny66och/authenticate/verify.aspx,1,synthetic
http://129.7.187.124:8888/validate-banking/4ah0yi/index.php?email=lumen@kernel.com,1,synthetic
https://www.falcon.org/wiki/Cloud_Summit,0,synthetic
https://www.fitnessstone.in/orbit/school.html,0,synthetic
https://market.glitch.me/contact,0,synthetic
https://icicibank-billing.wixsite.com/unlock.aspx,1,synthetic
http://irctc.banking-harbor.me/billing?id=jrf1qu1ty8&session=0y3zq0hrk6tabaah&token=n2qm26r5gb4p,1,synthetic
https://fitness-confirm.glitch.me/confirm?id=a49ypldf3c&session=nb57h31ipluv78hf&token=hk230gxg8b26,1,synthetic
http://www.raven360.com/help/articles/33208,0,synthetic
https://mail.hdfcbank.com/security,0,synthetic
https://incometax-wallet.link/1zbo7a/secure/,1,synthetic
https://status.stanford.edu/docs/lotus/umbra/photo,0,synthetic
https://rebrand.ly/upqy5a,1,synthetic
https://www.ember.xyz/search?q=delta+travel,0,synthetic
https://stone-willow.org/user/4970/profile,0,synthetic
https://www.mit.edu/store/books?id=2522&sort=price&order=asc&color=pixel&size=3&page=8,0,synthetic
https://bamboo-garden.com/password,1,synthetic
https://help.icicibank.com/support/games,0,synthetic
https://hdfcbank.unlock-falcon.live/verify.asp,1,synthetic
https://docs.ikea.com/products/campus-9910,0,synthetic
https://north-cloud.work/login/confirm.php,1,synthetic
https://www.fitnesszenith.net/password/reset,0,synthetic
https://www.goodreads.com/category/velvet?page=17,0,synthetic
http://bright503.club/fedex/authenticate.html?ref=hlx0zeqjc,1,synthetic
http://182.139.82.80/account/ig7czap0,1,synthetic
https://learn.etsy.com/blog/2025/07/health-school-beacon,0,synthetic
https://pixel716.live/bankofamerica/authenticate.html?sid=fpodv3fxg,1,synthetic
https://quillnorth.net/signin,0,synthetic
http://facebook.verify-jasper.rest/,1,synthetic
http://linkedin.authenticate-north.xyz/wp-content/delta/update/index.jsp,1,synthetic
https://www.bbc.com/products/canyon-52,0,synthetic
https://developer.coinbase.com/security,0,synthetic
https://amazon-secure.sbs/secure.jsp,1,synthetic
http://172.16.138.249:8000/dashboard,0,synthetic
https://science669.ml/microsoft/password/wallet.html?cmd=_password&dispatch=hngztup9mmzskwuaoxpplfcg/account/update.asp,1,synthetic
https://paypal.authenticate-cloud.loan/authenticate.php,1,synthetic
http://marketdelta-login.store/dhl/confirm.php?sid=bw3bf5snu,1,synthetic
https://tiny.cc/ec1k0f,1,synthetic
https://books.org/search?q=pixel+kernel,0,synthetic
https://mail.dhl.de/support/willow,0,synthetic
https://nimbus-tech.com/my,1,synthetic
https://www.pixel.org/user/8956/profile,0,synthetic
https://island-summit.org:3000/search?q=games+whisper,0,synthetic
http://hdfcb4nk-banking.icu/wp-content/island/account/index.php,1,synthetic
http://m.irctc.co.in/data,0,synthetic
https://www.saffron.com/account/orders,0,synthetic
http://bit.ly/km7oji,1,synthetic
http://staging.api.summitumbra.edu,0,synthetic
https://staging.app.harborscience.ac.in/search?q=code+tech,0,synthetic
https://news-news.com/my,1,synthetic
https://www.npmjs.com/password/reset,0,synthetic
http://market-summit.cf/wallet/qnkjbq30/secure/wallet.asp,1,synthetic
https://www.quill.net/blog/2018/05/design-river-garden,0,synthetic
http://validate-binance.site/binance/secure/unlock.php?cmd=_secure&dispatch=gbjyqmg4x8jwjlkeh8rdaixj,1,synthetic
https://www.secure-dropbox-authenticate.info/secure.php,1,synthetic
https://www.cottonmusic.com,0,synthetic
https://www.fitness-bright.dev/password/reset,0,synthetic
https://news.kernel.org/haven/river.html,0,synthetic
https://www.whisper2go.com,0,synthetic
http://hdfcbank.wallet-cotton.mov/wp-content/news/login/index.asp,1,synthetic
https://paytm-authenticate.github.io/bamboo/authenticate.aspx,1,synthetic
https://bankofamerica.com/help,0,synthetic
https://daily-nimbus.racing/instagram/authenticate.php/wallet/banking.jsp,1,synthetic
https://learn.travel-bamboo.org,0,synthetic
https://daily-maple.com/contact,0,synthetic
https://www.science.herokuapp.com/security/overview,0,synthetic
https://www.wired.com/mosaic/code.html,0,synthetic
http://login.www.login.update.photoisland-update.mov/banking-signin/6svltb/index.asp?email=oasis@willow.com,1,synthetic
https://bl.ink/tu6d1x,1,synthetic
https://4dobe-online.men/wp-content/river/recover/index.asp,1,synthetic
https://whatsapp.signin-lotus.zip/whatsapp/signin/authenticate.aspx?cmd=_signin&dispatch=lgjbkxqbqgfmzvqwkvug2yu0,1,synthetic
https://fedex-confirm.000webhostapp.com/confirm,1,synthetic
https://www.isro.gov.in/en/jasper/velvet,0,synthetic
http://copper.com/about,0,synthetic
https://cdn.debian.org/contact,0,synthetic
https://news.digitalocean.com/products/music-3154,0,synthetic
https://techcrunch.com/blog/2024/07/haven-weekly-forge,0,synthetic
https://games-cedar.org/my,1,synthetic
http://218.214.210.201/validate/74i5f9ww,1,synthetic
https://login.unlock-amazon.me/unlock?id=6bwukcqg35&session=u30ahea6xj8esyut&token=ajeyerp4bglx,1,synthetic
http://dropbox-unlock.men/signin-secure/bgysxi/index.jsp?email=books@music.com,1,synthetic
https://cotton-pixel.org/password,1,synthetic
https://rebrand.ly/8bwjg8ss,1,synthetic
http://ebaywallet.win/banking?id=3y9hcplr4f&session=2ouzu80c79ljnvh0&token=5dkw22ot5u7f,1,synthetic
https://mail.sbi.co.in/account,0,synthetic
https://www.bbc.com/account/settings,0,synthetic
https://urxhn1rcitl.com/apple/login.html?sid=c9vuamgjg,1,synthetic
https://instagram.account.account.www.authenticate.willow846.club/verify,1,synthetic
https://apple.com/security,0,synthetic
http://p4ypal-online.cam/login,1,synthetic
https://login.whatsapp.whatsapp.whatsapp.secure.d8161ugq10dg5aw.store/wallet.aspx,1,synthetic
http://amazon.co.uk@breeze510.store/wp-content/code/password/index.asp,1,synthetic
http://m.wellsfargo.com/account/manage,0,synthetic
https://secure.google.co.uk/products/silver-2182,0,synthetic
http://health-silver.store/3rg1vp/banking//unlock/banking.asp,1,synthetic
https://www.coinbase.com/photo,0,synthetic
https://www.east-summit.com/account/settings,0,synthetic
https://daily-raven.net/my,1,synthetic
https://developer.adobe.com/,0,synthetic
https://tundra340.date/banking.jsp/signin/verify.html,1,synthetic
https://coppercampus-confirm.mov/hdfcbank/secure.asp?ref=apjiieho6,1,synthetic
http://n3tflix.link/authenticate,1,synthetic
https://learn.falconschool.gov/wiki/School_Lumen,0,synthetic
https://mit.edu/category/haven?page=35,0,synthetic
https://app.learn.github.io/search?q=studio+lumen,0,synthetic
https://medium.com/help/articles/20234,0,synthetic
https://copper.netlify.app/secure/checkout,0,synthetic
http://irctc.update.update.secure.yonder683.site/oasis/confirm/authenticate.html?cmd=_confirm&dispatch=hnu5ta72t2rb2m4j0g5w0v25,1,synthetic
https://api.fitness-copper.org,0,synthetic
https://debian.org/whisper/zenith.html,0,synthetic
https://hdfcb4nk-support.store/confirm/u7tjkwl3,1,synthetic
https://whisper-lantern.net/access,1,synthetic
http://amazon.banking-island.com/wp-content/velvet/confirm/index.php,1,synthetic
http://linkedin.banking-saffron.party/wp-content/delta/secure/index.asp,1,synthetic
https://movies-coffee.co/access,1,synthetic
https://api.school.com/account/settings,0,synthetic
https://www.oasis-island.com/science/lantern.html,0,synthetic
https://coinbase-banking.icu/validate.jsp,1,synthetic
http://health.sbi.secure.sbi.sbi.gamesrecipes-validate.cam/copper/password/account.php?cmd=_password&dispatch=vj04m2hea2az8071r0tgs4pw,1,synthetic
https://weekly-news.com/verify-email/success,0,synthetic
https://www.flipkart.com/account/login?next=/east,0,synthetic
https://community.saffron-anchor.com/signin,0,synthetic
https://www.ebay.co.uk/account,0,synthetic
http://adobe.login.secure.account.update.river119.monster/authenticate?id=of3q65bsf7&session=328ypb36e7byv3on&token=7ftpu2mnwffv,1,synthetic
https://kernel-news.com/access,1,synthetic
http://orbitsummit-banking.zip/metamask/account.aspx?ref=h33sk48qm,1,synthetic
https://support.outlook.com/,0,synthetic
https://login-linkedin.monster/account.asp,1,synthetic
https://fed3x.zip/wp-content/silver/update/index.jsp,1,synthetic
https://tech-signin.herokuapp.com/lumen/billing.html,1,synthetic
https://mail.glacierorbit.com/pricing,0,synthetic
https://ox.ac.uk/blog/2015/11/jasper-school-east,0,synthetic
http://whispercopper-update.co/unlock.php/billing/secure.asp,1,synthetic
https://www.cnn.com/products/coffee-151,0,synthetic
https://www.bamboo-cloud.in/user/8842/profile,0,synthetic
http://my.chase-stone-account.cfd/billing?id=9xg712yz5t&session=vhnr9v8i3oin3209&token=okz89zlhryhe,1,synthetic
https://facebook-oasis-validate.zip/secure/61mqfxkg,1,synthetic
https://health-tundra.co/my,1,synthetic
https://npmjs.com/account/login?next=/umbra,0,synthetic
https://blog.forge-summit.com/account/orders,0,synthetic
http://data-saffron.store/signin/secure/validate.aspx,1,synthetic
https://daily164.me/0rd9mr/recover//validate/authenticate.asp,1,synthetic
https://www.stackoverflow.com/category/games?page=10,0,synthetic
https://status.glacier.com/docs/zenith/cedar/market,0,synthetic
https://login.linkedin-forge-password.gq/validate.jsp,1,synthetic
http://quartz.co/verify-email/success,0,synthetic
https://metama5k-billing.org/secure,1,synthetic
https://www.dropbox.com/help,0,synthetic
https://47cj7p8zng.org/sbi/recover.php?id=lbr1390mc,1,synthetic
https://mapleglacier.com/about,0,synthetic
https://www.saffron-bamboo.com/help/articles/89617,0,synthetic
https://design-glacier.com/my,1,synthetic
http://146.213.11.133/validate.html,1,synthetic
https://cdn.nimbusnews.online/user/8155/profile,0,synthetic
https://login.fedex.com/signin,0,synthetic
http://learn.spotify.com:3000,0,synthetic
http://172.16.60.14:8000/,0,synthetic
http://faceb0ok.zip/verify?id=4tt2x1ozvh&session=6n4bt3ckm3hkxby6&token=lhiaox6hp2vf,1,synthetic
https://learn.silver.net,0,synthetic
http://secure.account.www.jasper-nimbus.club/account/45wfn7ls,1,synthetic
http://mail.cotton365.com/wiki/Maple_Music,0,synthetic
http://delta-haven.club/netflix/login/banking.jsp?cmd=_login&dispatch=s02nmey4e88tz0hopi0j7h7m/billing/banking.jsp,1,synthetic
http://hdfcbank.secure-stone.com/,1,synthetic
https://saffron-breeze.co/my,1,synthetic
https://chase-garden-validate.support/wp-content/river/account/index.jsp,1,synthetic
https://goo.gl/ct1oc,1,synthetic
https://my.sbibilling.cfd/confirm,1,synthetic
https://wellsfargo.unlock-breeze.zip/banking/x9vwjndq,1,synthetic
https://www.docusignlogin.rest/wp-content/umbra/secure/index.aspx,1,synthetic
https://www.theguardian.com/products/news-2195,0,synthetic
https://www.archlinux.org/category/beacon?page=36,0,synthetic
https://shop.copper.com/news/weekly-jasper-summit-zenith-delta-movies-503052,0,synthetic
https://harbor-east.me/wallet?id=vugvlrl4ud&session=bgygvmzqroeykoab&token=pabtwkc7kmua/recover/recover.jsp,1,synthetic
http://hdfcbank-secure.faces/wp-content/lumen/verify/index.php,1,synthetic
https://travel-north.live/95ipdy/unlock//authenticate/secure.aspx,1,synthetic
http://dhl.de%40cloud-lantern.tk/recover?id=20yn2v8tpl&session=d09s2c7sau843n3t&token=vhlcjfahrez8,1,synthetic
https://accounts.adobe.com/support/games,0,synthetic
http://chase.signin-learn.me/wp-content/pixel/verify/index.aspx,1,synthetic
http://books.www.wallet.havenzenith-login.top/confirm?id=axrlnow5se&session=wh9hpql86hxfr2pa&token=uo3gwv5j94y9,1,synthetic
https://community.healthglacier.online/secure/checkout,0,synthetic
http://my.secure-hdfcbank-validate.date/,1,synthetic
http://paypal.validate-movies.gdn/validate?id=azlc5a7y2v&session=fsmezx6xu52wtr9h&token=yc2f5kfw00m1,1,synthetic
http://my.incometax-lotus-authenticate.online/login,1,synthetic
https://login-binance.me/login.asp,1,synthetic
https://www.movies.com/pricing,0,synthetic
http://10.0.2.194:8080/dashboard,0,synthetic
http://hdfcbank-canyon-verify.ml/recover?id=737ev2qh15&session=e1u14d711588vh19&token=lbm9xj7x3tde,1,synthetic
https://wellsfargo.secure-ember.live/wp-content/bamboo/recover/index.php,1,synthetic
http://www.nimbus.com/watch?v=ltkgx3pdgle,0,synthetic
https://glacier-password.netlify.app/,1,synthetic
https://outlook.com%40books456.men/update?id=rhq7owevzb&session=whri34djevo8yhgv&token=hhf1l4gqnxmq,1,synthetic
http://41.157.13.133/verify-verify/z602qq/index.aspx?email=news@books.com,1,synthetic
https://raven-travel.live/secure/pl44dnze/unlock/unlock.jsp,1,synthetic
https://vihq3um90n9ncp9x.info/3j7xqi/billing//verify/verify.asp,1,synthetic
https://learn.movies-orbit.io/signup,0,synthetic
https://api.raven.github.io,0,synthetic
https://secure.wellsfargo.com/signin,0,synthetic
https://learn.debian.org/wiki/Maple_Willow,0,synthetic
https://stone-zenith.com/portal,1,synthetic
http://umbracode-signin.rest/incometax/secure.asp?sid=13q8t2gz5,1,synthetic
https://island.co/,0,synthetic
https://fedex-secure.science/validate?id=7jj9oaaryo&session=t7f90wu1f19frc99&token=iekbma9l3n1m,1,synthetic
https://docs.silver.io/category/code?page=21,0,synthetic
http://24.239.137.244/authenticate/rwmrwkn7,1,synthetic
https://umbra-summit.co/my,1,synthetic
https://www.wired.com/security/overview,0,synthetic
https://xn--bknhlwh-awn.buzz/validate,1,synthetic
https://whatsapp.net%403mh1bpwdjt.science/update,1,synthetic
https://app.indiatimes.com/signin,0,synthetic
https://rb.gy/satpt5q,0,synthetic
https://campus-east.zip/adobe/secure.jsp?ref=gg54muvw0,1,synthetic
https://books-saffron.in/,0,synthetic
https://zenith-wallet.netlify.app/science/secure/wallet.asp?cmd=_secure&dispatch=4yuen1dgngoifb5aoks3i3hj,1,synthetic
https://www.binance.com,0,synthetic
https://news.nimbus.com/blog/2024/08/glacier-canyon-travel,0,synthetic
https://www.kubernetes.io/data?utm_source=newsletter&utm_medium=email&utm_campaign=east&ref=nt6c35,0,synthetic
http://apple.wallet-copper.xyz/secure,1,synthetic
https://www.archlinux.org/about,0,synthetic
https://travel.com/news/saffron-umbra-zenith-stone-prairie-news-740051,0,synthetic
https://python.org/security/overview,0,synthetic
http://176.183.249.99/account.asp,1,synthetic
https://help.whatsapp.com/cedar,0,synthetic
https://delta-travel.org/my,1,synthetic
https://www.account.google.cottonmovies-signin.co/prairie/confirm/password.aspx?cmd=_confirm&dispatch=5tyuvbx2ueroqivr6jua8xef,1,synthetic
https://help.amazon.co.uk/account,0,synthetic
http://d0cusign-signin.org/wp-content/river/banking/index.html,1,synthetic
https://hdfcb4nk-support.rest/secure/06414ty4,1,synthetic
https://orbit-update.000webhostapp.com,1,synthetic
https://secure.account.www.secure.www.recipes-lotus.me/recover/vo3oauns,1,synthetic
http://delta354.date/facebook/banking.aspx/secure/password.jsp,1,synthetic
https://data206.men/update?id=ch21nf40em&session=7zdybh5tkcyi8fqu&token=fcuyiwrtb949/login/verify.asp,1,synthetic
http://cdn.travel2go.com/docs/learn/silver/raven,0,synthetic
https://weekly3d.io/,0,synthetic
https://community.yonderhealth.com/account/settings,0,synthetic
https://www.cloudmosaic.edu/blog/2023/07/photo-forge-news,0,synthetic
https://facebook.login.login.facebook.account.facebook.canyontech-password.men/confirm/zntu7v05,1,synthetic
https://www.prairie.com/blog/2017/02/maple-quartz-stone,0,synthetic
https://www.travel-glacier.co.uk/wiki/Breeze_Delta,0,synthetic
https://api.kernel.org/password/reset,0,synthetic
http://139.240.150.141/verify-billing/joyv2x/index.html?email=campus@north.com,1,synthetic
https://isro.gov.in/pricing,0,synthetic
http://140.49.247.228:8000/signin,1,synthetic
https://www.bamboo-campus.com/account/orders,0,synthetic
https://ranzi9uustq4i84a.info/binance/login.jsp?ref=z77hjfg8u,1,synthetic
https://fedex.com,0,synthetic
https://silver-bamboo.io/docs/tundra/island/travel,0,synthetic
https://marketweekly.online/blog/2025/07/saffron-games-meadow,0,synthetic
http://48.94.177.129:8000,1,synthetic
https://studiomovies.au/account/orders,0,synthetic
https://health-oasis.com/access,1,synthetic
http://facebook.password-mosaic.link/facebook/validate.aspx,1,synthetic
http://www.learnrecipes.org/docs/mosaic/silver/falcon,0,synthetic
https://cnn.com/products/lotus-7193,0,synthetic
https://www.mosaic.au/products/coffee-211,0,synthetic
http://havenorbit-password.site/wallet/j9ufzew8/authenticate/account.php,1,synthetic
https://login.secure-paytm-banking.review/validate.jsp,1,synthetic
https://bit.ly/0opm1,1,synthetic
https://developer.live.com/login,0,synthetic
http://netf1ix-online.xyz/authenticate,1,synthetic
https://www.north.com/login,0,synthetic
https://www.meadow-bright.com/account/login?next=/forge,0,synthetic
https://metamask.billing-data.date/metamask/password.html,1,synthetic
http://38.115.165.106/confirm,1,synthetic
https://www.adobe-code-recover.online/recover-account/2k226n/index.asp?email=coffee@market.com,1,synthetic
http://login.update.update.pixelwhisper-recover.link/,1,synthetic
http://www.studio-harbor.com/search?q=recipes+east,0,synthetic
https://community.techcrunch.com/contact,0,synthetic
https://www.echo.com,0,synthetic
https://www.binance.com/,0,synthetic
https://dhl-confirm.github.io/password/n1bojghk,1,synthetic
https://p4ytm.ga/billing/jnridmo8,1,synthetic
http://adobe.wallet-campus.win/adobe/signin.html,1,synthetic
https://news.pixel.in/signin,0,synthetic
https://update.secure.account.lumen-news.men/coffee/wallet.php,1,synthetic
https://m.binance.com/nimbus,0,synthetic
https://northeast.com/,0,synthetic
http://41.233.246.47:8888/billing,1,synthetic
https://www.cloud-travel.co.uk/wiki/Travel_Market,0,synthetic
https://mail.forgeisland.xyz/search?q=travel+cotton,0,synthetic
https://www.glacierpixel.de/en/harbor/code,0,synthetic
http://designcotton-confirm.review/icicibank/billing.aspx?id=510wu55au,1,synthetic
https://www.debian.org/blog/2021/01/code-prairie-island,0,synthetic
http://update.copper.login.health.books.health-umbra.racing/login?id=07imp4popr&session=3sfl1596zv2d2p8x&token=qzaxjf3niepn,1,synthetic
https://travel-coffee.com/access,1,synthetic
https://my.icicibankunlock.tk,1,synthetic
http://incometax.secure-silver.racing/update,1,synthetic
https://m.dhl.com/security,0,synthetic
https://metamask.io@tundra-tundra.com/authenticate/2gbcj2v5,1,synthetic
https://paytm.confirm-photo.download/signin?id=7zhvg1ab9a&session=qsnx8ovgad04c21b&token=pqxobc3mrfxj,1,synthetic
https://whatsapp.bamboo.daily.account.update.whatsapp.echo518.com/wp-content/glacier/account/index.asp,1,synthetic
https://xn--otqjygz-duf.bid/verify,1,synthetic
https://anchor-recover.weebly.com/confirm/n5srww8m,1,synthetic
https://secure.metamask.io/studio,0,synthetic
http://metamask.authenticate-market.store/metamask/confirm.php,1,synthetic
http://192.168.172.21:8000/,0,synthetic
http://verify.beacon.bright.update.stone-code.xyz/delta/unlock.asp,1,synthetic
https://npmjs.com/contact,0,synthetic
http://my.apple-news-verify.men/confirm/b6r3m7oy,1,synthetic
https://news.islandbreeze.com/about,0,synthetic
http://www.nimbusumbra.xyz/help/articles/37202,0,synthetic
https://www.irctcunlock.buzz/login,1,synthetic
http://campusyonder-authenticate.me/login?id=av0fq98ben&session=rmsp74foqtphvn05&token=wowq1tu4wl1k/validate/unlock.php,1,synthetic
https://mail.echoeast.org/,0,synthetic
http://www.ravenzenith.site/watch?v=3itanzq6fhl,0,synthetic
http://mail.movies365.net/watch?v=1tkzcop0laj,0,synthetic
https://yonder854.rest/wallet/f808t65r/wallet/billing.html,1,synthetic
http://153.170.134.240:8888/recover.php,1,synthetic
https://shorturl.at/u2oa2,1,synthetic
https://login.account-facebook.gq/facebook/wallet.html,1,synthetic
https://www.icicibank.com,0,synthetic
https://facebook.com@rivergarden-account.tk/14n1bx/banking/,1,synthetic
https://www.coinbase.com/security,0,synthetic
https://mail.metamask.io/security,0,synthetic
https://login.dropbox.com/help,0,synthetic
https://meadow.org,0,synthetic
https://cdn.github.com/search?q=weekly+tundra,0,synthetic
http://187.234.56.11/update,1,synthetic
https://live.com@games508.club/wp-content/oasis/verify/index.asp,1,synthetic
https://xn--meohflkg-rfo.link/login,1,synthetic
http://my.hdfcbank-prairie-update.gdn/authenticate.html,1,synthetic
http://yonder.pages.dev/watch?v=7923titkqo4,0,synthetic
http://www.theguardian.com/products/glacier-5027,0,synthetic
https://photo360.com/user/6949/profile,0,synthetic
https://recipessummit.com/blog/2023/06/quartz-weekly-data,0,synthetic
https://mail.travel.org/wiki/Falcon_Tech,0,synthetic
https://us.api.maple-lumen.app/signin,0,synthetic
http://p4ytm-wallet.loan/wp-content/science/secure/index.jsp,1,synthetic
https://www.kernel.com/secure/checkout,0,synthetic
https://rb.gy/y5gec,1,synthetic
https://staging.docs.coffee-beacon.com/search?q=orbit+lotus,0,synthetic
https://support.linkedin.com/,0,synthetic
https://ox.ac.uk/store/breeze?id=7450&sort=price&order=asc&color=umbra&size=2&page=1,0,synthetic
https://imdb.com/docs/travel/science/school,0,synthetic
https://www.irctc.co.in/security,0,synthetic
http://wallet-adobe.racing/verify,1,synthetic
http://careers.breeze.com/secure/checkout,0,synthetic
https://mosaic-movies.net/portal,1,synthetic
http://paypal.secure-coffee.racing/unlock,1,synthetic
https://wellsfargo.com@books91.info/wp-content/recipes/banking/index.php,1,synthetic
https://support.netflix.com,0,synthetic
https://status.mit.edu/products/photo-8559,0,synthetic
http://password.ember.update.orbit698.mov/meadow/account/update.asp?cmd=_account&dispatch=c6xzfaomt9hddpmtvnmh4tij,1,synthetic
https://secure.dhl.de/lantern,0,synthetic
http://google.password-silver.site/authenticate?id=vt6nb4rfnh&session=swqij64qnq4zj1ge&token=2hpzc9m7ie11,1,synthetic
https://docusign.net/support/mosaic,0,synthetic
https://dhl-update.blogspot.com/garden/update.php,1,synthetic
https://www.learnpixel.ca/products/campus-7147,0,synthetic
https://shorturl.at/gkexmvm,0,synthetic
https://api.mosaicgames.com/signin,0,synthetic
https://help.microsoft.com/raven,0,synthetic
http://secure.binance.com,0,synthetic
https://blog.lotus.glitch.me/en/travel/north,0,synthetic
http://docs.saffronnorth.org/help/articles/76341,0,synthetic
https://careers.code.co/en/quill/coffee,0,synthetic
https://docs.docker.com/secure/checkout,0,synthetic
https://www.river.io/,0,synthetic
https://app.sciencestone.io/news/campus-east-daily-falcon-meadow-daily-132450,0,synthetic
http://metam4sk-online.club/metamask/login.aspx,1,synthetic
https://www.news.app/watch?v=pd6h1vtq63y,0,synthetic
http://www.saffron.net/,0,synthetic
https://login.linkedin-account.win/unlock.html,1,synthetic
http://cutt.ly/76kij4i,1,synthetic
http://bambooforge.org/watch?v=nel3mrqv7be,0,synthetic
https://secure.update.google.account.login.4tt1ix1umicn7r.racing/secure?id=vrb2rpstf3&session=86ad5eleb2gqe8jn&token=80cqjdedb0ut,1,synthetic
http://icicibank.login-beacon.cyou/account,1,synthetic
https://docs.theguardian.com/about,0,synthetic
https://dropbox.recover-recipes.racing/tx3uqx/verify/,1,synthetic
https://dropbox.billing-health.support/7t6vln/billing/,1,synthetic
https://www.lotus.org/products/yonder-4073,0,synthetic
https://www.account.glacier.garden-travel.cf/wp-content/falcon/account/index.html,1,synthetic
https://www.twitch.tv/secure/checkout,0,synthetic
http://developer.irctc.co.in/,0,synthetic
https://secure.icloud.com/security,0,synthetic
http://79.174.168.133/oasis/authenticate/banking.php?cmd=_authenticate&dispatch=1o0g5uy9kz8eqhxvbfsv3aas,1,synthetic
https://www.velvetdelta.net/pricing,0,synthetic
https://accounts.bankofamerica.com/account/manage,0,synthetic
http://vdqfifvb0.org/recover-signin/9kgtxh/index.html?email=nimbus@cedar.com/validate/account.aspx,1,synthetic
https://glacier-meadow.gq/account-account/i86h9i/index.aspx?email=quill@quartz.com/update/confirm.html,1,synthetic
https://www.raven.net/password/reset,0,synthetic
https://www.travelwillow.com/secure/checkout,0,synthetic
https://app.daily.edu/products/echo-8949,0,synthetic
https://banking.banking.secure.account.update.update.forgeharbor-account.science/wp-content/kernel/update/index.aspx,1,synthetic
https://gamesisland.com/blog/2022/07/oasis-anchor-school,0,synthetic
http://validate-icicibank.date/validate?id=oji7684dl1&session=bdwid1hb7sgby543&token=vmip9zm44nzs,1,synthetic
https://www.ember.net/user/867/profile,0,synthetic
https://www.paytm.com/account/manage,0,synthetic
https://docs.iitb.ac.in/news/bright-haven-velvet-breeze-orbit-lantern-473023,0,synthetic
http://f3dex-confirm.racing/wp-content/books/account/index.aspx,1,synthetic
https://eu.docs.fitnessriver.edu/signup,0,synthetic
http://secure-instagram-validate.work/banking,1,synthetic
https://app.umbra365.co.uk/news/music-tech-lumen-raven-meadow-ember-541603,0,synthetic
https://www.haven-design.com/blog/2025/10/campus-news-tundra,0,synthetic
https://echo-haven.com/wallet,1,synthetic
https://cloud.com/pricing,0,synthetic
https://xn--qvccp-lsm.icu/update,1,synthetic
https://login.paytmsecure.org/verify,1,synthetic
https://garden-photo.net/my,1,synthetic
https://designkernel.com/,0,synthetic
https://east-games.net/access,1,synthetic
https://www.nasa.gov/dp/B0COIP9820,0,synthetic
https://www.falconforge.co/,0,synthetic
https://meadow-cloud.net/my,1,synthetic
https://beacon-school.co/access,1,synthetic
http://kernel-pixel.org/bankofamerica/unlock.jsp?id=6v7njcec9,1,synthetic
https://www.newsorbit.dev/signin,0,synthetic
http://falcon705.date/dhl/update.asp?ref=p7v92jwby,1,synthetic
http://tiny.cc/dwur0we,1,synthetic
https://www.binance.com/products/delta-1326,0,synthetic
https://xn--rghnxo-xyg.cam/billing,1,synthetic
http://209.219.188.10:8888/update.jsp,1,synthetic
https://www.glacier.glitch.me/dp/B0XUF9QI0S,0,synthetic
http://movies879.store/paytm/login.asp/wallet/billing.html,1,synthetic
https://www.travel-copper.com/zenith/maple.html,0,synthetic
https://mail.river-campus.com/haven?utm_source=newsletter&utm_medium=email&utm_campaign=canyon&ref=kdapzi,0,synthetic
https://learn-bright.com/portal,1,synthetic
https://www.summitriver.com/,0,synthetic
https://www.flipkart.com/news/prairie-tech-design-code-learn-learn-262230,0,synthetic
https://docs.bbc.com/pricing,0,synthetic
http://70.147.46.207/zciiow/secure/,1,synthetic
https://incometax-login.github.io/billing,1,synthetic
https://bankofamerica-unlock.wixsite.com/confirm/wzttvfql,1,synthetic
https://www.pypi.org,0,synthetic
https://www.kernel.org/user/3177/profile,0,synthetic
http://m.binance.com/account,0,synthetic
https://www.bbc.com/meadow?utm_source=newsletter&utm_medium=email&utm_campaign=weekly&ref=tdv8a4,0,synthetic
https://www.stackoverflow.com/prairie/willow.html,0,synthetic
https://m1crosoft.tk/wp-content/health/confirm/index.php,1,synthetic
https://iitb.ac.in/watch?v=ezqavr1985p,0,synthetic
https://cdn.theguardian.com/,0,synthetic
http://182.98.111.128/password/mvftukl6,1,synthetic
https://beacon-verify.web.app/wp-content/recipes/signin/index.asp,1,synthetic
https://forge-recipes.com/portal,1,synthetic
https://www.willowwillow.com/blog/2016/10/whisper-ember-bamboo,0,synthetic
https://market-whisper.cyou/unlock/signin.aspx,1,synthetic
https://shop.goodreads.com/category/prairie?page=7,0,synthetic
https://theguardian.com/contact,0,synthetic
https://cnn.com/products/zenith-1589,0,synthetic
http://prairie-market.party/password.php/password/wallet.php,1,synthetic
https://www.stone-delta.com/signin,0,synthetic
https://i3e6ophq.buzz//unlock/account.html,1,synthetic
https://river-photo.com/authenticate,1,synthetic
https://saffronsummit.com/,0,synthetic
https://status.north-raven.com/search?q=copper+raven,0,synthetic
http://binance.signin-data.co/account,1,synthetic
http://192.168.135.144:5000/,0,synthetic
https://travel.co.uk/password/reset,0,synthetic
https://accounts.incometax.gov.in/signin,0,synthetic
https://netflix-recover.club/netflix/billing.php,1,synthetic
http://d0cusign.faces/authenticate?id=9hsxxaw0tk&session=birr0tj7vxjvklsi&token=dasjw8solfm4,1,synthetic
http://dhl-jasper-billing.me/dhl/update.php,1,synthetic
https://developer.hdfcbank.com/help,0,synthetic
https://docs.digitalocean.com/products/weekly-9559,0,synthetic
http://www.stackoverflow.com/dp/B0W1IO6957,0,synthetic
https://www.account.update.linkedin.cloud.cottontundra-validate.store/account,1,synthetic
https://kubernetes.io/watch?v=gv8xuhe1n2f,0,synthetic
https://support.coinbase.com/products/stone-62,0,synthetic
http://www.anchor-bright.com/products/mosaic-5478,0,synthetic
https://code-mosaic.rest/verify/billing/confirm.aspx,1,synthetic
https://recover.login.account.www.photo-movies.org,1,synthetic
https://community.imdb.com/docs/echo/north/raven,0,synthetic
https://login.metamask.io/security,0,synthetic
https://www.sciencestudio.com/recipes?utm_source=newsletter&utm_medium=email&utm_campaign=bamboo&ref=pj70oi,0,synthetic
https://dropbox-banking.org/recover.html,1,synthetic
http://login.irctc.secure.signin.secure.prairielearn-authenticate.loan/,1,synthetic
https://microsoft-billing.herokuapp.com/verify.aspx,1,synthetic
https://news.dev/en/orbit/raven,0,synthetic
https://docs.nimbus-orbit.edu/en/haven/garden,0,synthetic
http://pav9f85yksa.click/password/verify.php,1,synthetic
https://staging.api.lotusquill.org/wiki/Studio_Data,0,synthetic
https://is.gd/g6q8pp,1,synthetic
http://velvetbreeze-wallet.link//login/secure.php,1,synthetic
http://facebo0k-online.work/wp-content/learn/billing/index.php,1,synthetic
http://116.74.55.243/,1,synthetic
https://xn--oabdsbmfj-nyl.club/account,1,synthetic
https://spotify.com/recipes/whisper.html,0,synthetic
https://careers.ravenfalcon.com/signup,0,synthetic
https://google-bamboo-update.download/unlock,1,synthetic
https://careers.bbc.com,0,synthetic
http://13.136.147.136/password/2hafs48l,1,synthetic
http://facebook.unlock-echo.faces/,1,synthetic
http://login-metamask.club/confirm,1,synthetic
http://www.pypi.org/en/silver/bamboo,0,synthetic
http://irctc.confirm-orbit.faces/irctc/account.asp,1,synthetic
https://app.theguardian.com/watch?v=ak1vrjnvgfy,0,synthetic
https://travelmaple.com/blog/2021/03/photo-stone-north,0,synthetic
https://wired.com/,0,synthetic
https://www.whisper.net/products/nimbus-627,0,synthetic
https://www.zomato.com/contact,0,synthetic
https://oasisquartz-wallet.co/wallet?id=yhn7d2e9yc&session=1mqvecy7m7jjeyj7&token=yatl56x5gdp0/authenticate/secure.php,1,synthetic
https://mosaic-east.com/update,1,synthetic
https://eu.docs.travel365.co/security/overview,0,synthetic
https://accounts.facebook.com/security,0,synthetic
https://mail.incometax.gov.in/security,0,synthetic
https://www.brightmaple.xyz/help/articles/86344,0,synthetic
https://copper-pixel.co.uk/account/settings,0,synthetic
https://bamboo-harbor.org/portal,1,synthetic
https://www.update.www.login.login.yonder381.work/wallet.html,1,synthetic
https://umbranimbus.com/password/reset,0,synthetic
http://4pple-recover.link/0gslqu/password/,1,synthetic
http://joiwwqmmqknl.club/authenticate-validate/ltmajv/index.jsp?email=forge@lantern.com/billing/login.html,1,synthetic
https://willowcopper.org/east/island.html,0,synthetic
https://linkedin-movies-billing.monster/banking?id=bh9d407hob&session=eaouyfqqkmzhh135&token=q23neonrgg4c,1,synthetic
https://blog.iitb.ac.in/signin,0,synthetic
https://community.nike.com/products/tech-7823,0,synthetic
http://246.76.200.149/paypal/confirm.aspx,1,synthetic
http://studio70.cfd/chase/signin/confirm.php?cmd=_signin&dispatch=uvewv05rztil3mdc0pzs3cr7/banking/login.asp,1,synthetic
http://kernel-design.ga/wallet/bp4mzeaf/confirm/login.php,1,synthetic
https://www.cloud.netlify.app/,0,synthetic
https://fedex.com@code-garden.info/tlhti8/account/,1,synthetic
https://m.netflix.com,0,synthetic
https://tundra-echo.faces/login/zhybxbxb/secure/update.php,1,synthetic
https://coinbase.wallet-island.club/banking/lshte8gd,1,synthetic
https://www.ubuntu.com:8080/news/quill-recipes-science-quartz-glacier-breeze-770905,0,synthetic
https://netflix.coffee.netflix.designsummit-signin.cam/quill/verify.aspx,1,synthetic
https://orbit-school.org/verify,1,synthetic
https://learn-bright.com/signup,0,synthetic
http://login.confirm-docusign.cam/banking-wallet/m2b1kx/index.jsp?email=health@haven.com,1,synthetic
https://www.zenith-tech.com/store/zenith?id=7963&sort=price&order=asc&color=saffron&size=8&page=6,0,synthetic
http://184.174.12.109/banking-signin/dxasqa/index.jsp?email=lantern@echo.com,1,synthetic
https://paypal.com@harbor-zenith.me/paypal/signin.aspx,1,synthetic
https://xn--njizgtvuz-cfa.review/unlock,1,synthetic
https://blog.umbrahaven.com/wiki/Daily_Health,0,synthetic
https://lantern-orbit.net/access,1,synthetic
https://www.python.org/search?q=learn+copper,0,synthetic
https://www.netflix.com/support/mosaic,0,synthetic
https://google.banking.account.account.login.lumen.lotus195.review/login?id=waq3qriqm7&session=o2paa5hn0uhd1g7n&token=vwq1qr3ha4kp,1,synthetic
https://dropbox.authenticate-weekly.sbs/dropbox/verify.php,1,synthetic
https://www.copper-summit.com/dp/B0F7WBV0XG,0,synthetic
https://maple-mosaic.co/access,1,synthetic
https://www.cotton-delta.in/wiki/Daily_Lantern,0,synthetic
https://sb1-support.buzz/sbi/secure.asp,1,synthetic
http://adobe-update.store/signin,1,synthetic
https://www.ikea.com/products/cloud-9427,0,synthetic
http://208.12.150.140:8080/wallet.aspx,1,synthetic
http://chase.login-school.zip/secure.html,1,synthetic
https://metamask.password-news.mov/confirm,1,synthetic
https://forgelearn.xyz/account/settings,0,synthetic
https://canyonquartz-billing.club/google/signin.html?id=1ko5rdqcz,1,synthetic
http://river.update.secure.echo-falcon.bid/,1,synthetic
http://zenith.fr/news/north-photo-lantern-lantern-school-garden-952624,0,synthetic
http://embertech.com/about,0,synthetic
https://www.copperorbit.top/signin,0,synthetic
https://river-forge.net/verify,1,synthetic
https://xn--yvifyxqpe-pnk.online/validate,1,synthetic
https://whatsapp.banking-maple.faces/,1,synthetic
http://223.93.11.143/wp-content/summit/password/index.aspx,1,synthetic
https://my.secure-docusign-validate.racing/docusign/recover.php,1,synthetic
https://app.cedarzenith.net/account/login?next=/prairie,0,synthetic
https://docusign.net@news76.info/validate-login/rryov9/index.php?email=bright@summit.com,1,synthetic
https://music.com/docs/oasis/glacier/delta,0,synthetic
https://www.garden360.org/watch?v=zczvpd4rxbv,0,synthetic
http://112.99.188.184/wp-content/lantern/validate/index.asp,1,synthetic
https://www.stone.org/store/forge?id=1711&sort=price&order=asc&color=falcon&size=11&page=8,0,synthetic
https://app.archlinux.org/help/articles/97278,0,synthetic
https://incometax-harbor-secure.click/billing.aspx,1,synthetic
https://m.sbi.bank.in/account/manage,0,synthetic
https://www.ubuntu.com/security/overview,0,synthetic
https://www.etsy.com/login,0,synthetic
http://prairiecode.online/products/quartz-5273,0,synthetic
https://status.kubernetes.io/,0,synthetic
https://dhl.banking-echo.link/banking/b2zy2qaa,1,synthetic
https://cottonbeacon.com/user/2987/profile,0,synthetic
https://www.falconeast.gov/security/overview,0,synthetic
https://signin.account.books.update.canyon.secure.willow-kernel.ml/wallet,1,synthetic
https://www.iitb.ac.in/signup,0,synthetic
http://192.168.93.154:8000/admin,0,synthetic
http://news.cedarharbor.site/dp/B0SJXC3ZY2,0,synthetic
https://www.delta-echo.ca/news?utm_source=newsletter&utm_medium=email&utm_campaign=quill&ref=gmsoxl,0,synthetic
http://google-update.cam/wallet?id=wwjc8zlc2y&session=1rie2badg87r3w29&token=zke6b7g0pzck,1,synthetic
https://paytm.com@echo-forge.accountant/recover/3uinx3yx,1,synthetic
https://dhl.validate-quartz.download/banking?id=p9oeo1qbp1&session=u2e1775joebecf8w&token=wrax5qs75bo9,1,synthetic
https://shop.riverquartz.com/recipes/echo.html,0,synthetic
http://validate.www.chase.forge.silverphoto-wallet.link/update-authenticate/6e7m4a/index.html?email=oasis@market.com,1,synthetic
https://garden-books.info/irctc/account.jsp?sid=25j4vm90y,1,synthetic
https://www.canyonforge.com/docs/games/echo/yonder,0,synthetic
https://glacierlearn.com/password/reset,0,synthetic
https://blog.travelbooks.org/products/velvet-9620,0,synthetic
http://velvet-studio.club/binance/secure.php?ref=b1mf7cc8z,1,synthetic
https://forge227.site/paytm/authenticate.jsp?ref=u6bab9tgz,1,synthetic
https://umbra360.net/signup,0,synthetic
https://www.haven2go.com/search?q=delta+harbor,0,synthetic
https://www.tundracotton.edu/blog/2016/12/daily-music-copper,0,synthetic
https://www.microsoftonline.com/login,0,synthetic
https://silver-weekly.download/secure/mpfpmp8l/unlock/validate.asp,1,synthetic
http://shop.npmjs.com/wiki/Pixel_Lotus,0,synthetic
https://www.games.com:3000/,0,synthetic
https://travel-lotus.com/password/reset,0,synthetic
https://coinbas3-online.party/wp-content/lantern/banking/index.aspx,1,synthetic
https://facebook.signin-daily.men/wallet?id=nv67m59r2h&session=zzufstqwbolmhjq6&token=hqk5qiv6gxyu,1,synthetic
https://www.maple-lantern.com/password/reset,0,synthetic
https://www.www.haven.update.update.www.bamboo-anchor.review/account?id=0git5hmbvk&session=azrbef2az1ous6gb&token=kfhqbfuu8gz5,1,synthetic
https://developer.docusign.com,0,synthetic
https://north-glacier.com/access,1,synthetic
http://248.112.29.202:8000/banking?id=yf1g1aurpo&session=2b4py4fi5q4a0xpe&token=lg37tay2i12j,1,synthetic
https://secure-ebay-login.men/validate/93nrnisl,1,synthetic
https://icicibank.banking-news.mov/secure?id=9e465nx0ol&session=eg639gyjy742ovhd&token=w3ntt07vacs2,1,synthetic
http://music.login.login.secure.ember-recipes.faces/confirm.jsp,1,synthetic
http://210.195.202.137/billing,1,synthetic
https://www.east-bright.com/,0,synthetic
https://coinbase.com%40tundra-canyon.cam/billing?id=36z6cqk785&session=6ku7z2jshwshx4e4&token=1kzy3l8ix51w,1,synthetic
https://haven-recipes.org/dp/B0VT1HI7SV,0,synthetic
https://paypal.com/silver,0,synthetic
https://iy7wrdi54i.live//confirm/billing.jsp,1,synthetic
https://school-bright.org/news/anchor-cedar-tech-jasper-saffron-ember-371523,0,synthetic
http://bbc.com/about,0,synthetic
https://games-science.org/blog/2025/10/tech-bamboo-cedar,0,synthetic
http://community.medium.com/account/settings,0,synthetic
http://5bi-login.work/,1,synthetic
https://cdn.lotus-school.com/news/anchor-movies-meadow-garden-raven-cloud-434198,0,synthetic
https://news.in/secure/checkout,0,synthetic
http://bl.ink/mgvzw6y0,1,synthetic
https://www.emberhealth.com/docs/east/market/maple,0,synthetic
https://cdn.bamboo-bright.com/watch?v=4ibiweich9j,0,synthetic
https://www.island365.in/signin,0,synthetic
https://status.north-fitness.com/signin,0,synthetic
https://paytm.validate-meadow.science/password?id=4tt05c5hh7&session=vehhx583ipdm5hux&token=7zalztinzltv,1,synthetic
http://kubernetes.io/search?q=north+velvet,0,synthetic
http://binance-signin.live/,1,synthetic
https://learn.coffeeember.net/category/anchor?page=3,0,synthetic
https://learn-recipes.men/paytm/banking.jsp/recover/account.html,1,synthetic
https://developer.adobe.com/help,0,synthetic
https://meadow-umbra.com/docs/garden/copper/harbor,0,synthetic
http://182.49.103.109:81/unlock.aspx,1,synthetic
https://garden-cloud.org/portal,1,synthetic
https://coinbase.update-harbor.top/coinbase/banking.asp,1,synthetic
https://google.recover-pixel.online/update?id=03jmastg8x&session=c2een6mweq1pxs3z&token=x8r89ut30la1,1,synthetic
https://xn--ozsyyifmg-vja.mov/unlock,1,synthetic
https://mit.edu/east?utm_source=newsletter&utm_medium=email&utm_campaign=meadow&ref=tkpy8v,0,synthetic
https://fedex.secure.fedex.whisper-lantern.ml/update/7gm4cl16,1,synthetic
http://whatsapp.banking-oasis.accountant/password,1,synthetic
https://wellsfargo.password-health.party/,1,synthetic
http://ebaylogin.sbs/ebay/login/secure.aspx?cmd=_login&dispatch=4isvb9pjdb7u92ujeokytryt,1,synthetic
https://www.stanford.edu/news/market-photo-quill-cloud-umbra-prairie-978891,0,synthetic
https://dr0pbox.party/,1,synthetic
https://wikipedia.org,0,synthetic
https://canyon-weekly.site//secure/verify.asp,1,synthetic
http://chase.authenticate-umbra.net,1,synthetic
http://76.254.144.234:8888/wallet,1,synthetic
https://techcrunch.com/en/east/weekly,0,synthetic
https://rebrand.ly/qpu9s5,1,synthetic
https://www.tundradaily.org/category/umbra?page=10,0,synthetic
https://www.harbor.com/watch?v=tpgvb2e5qe1,0,synthetic
https://docs.techcrunch.com/user/7135/profile,0,synthetic
http://ebayupdate.science/verify?id=j9lori9kd2&session=761ijpuorljhoj90&token=855nku9ydps5,1,synthetic
http://bankofamerica.signin-meadow.review/,1,synthetic
https://netflix.recover-data.online/recover?id=c0ue4tv9c4&session=tf1sl2obvwnhsi0d&token=jg9glx36w9ac,1,synthetic
https://echodesign.edu/blog/2018/02/nimbus-cotton-silver,0,synthetic
https://spotify.com/category/willow?page=11,0,synthetic
https://us.app.ikea.com/secure/checkout,0,synthetic
https://nytimes.com/blog/2019/03/mosaic-east-stone,0,synthetic
https://reddit.com/search?q=lotus+quartz,0,synthetic
https://www.nasa.gov/help/articles/59365,0,synthetic
http://www.falcon365.com/wiki/East_Lumen,0,synthetic
https://www.studiomusic.com,0,synthetic
https://xn--emrewyvwi-qhp.zip/recover,1,synthetic
http://p4ytm-support.sbs/paytm/validate.jsp,1,synthetic
https://careers.bamboo-stone.co.uk/secure/checkout,0,synthetic
https://news-health.org/password,1,synthetic
http://sciencebreeze.com/pricing,0,synthetic
http://bankofamerica.validate-echo.date/bankofamerica/password.php,1,synthetic
https://echo-confirm.pages.dev,1,synthetic
https://docusign-update.web.app/cedar/account.asp,1,synthetic
https://pypi.org/login,0,synthetic
http://dataanchor-unlock.science/paypal/billing/authenticate.asp?cmd=_billing&dispatch=buerbt63ow5xrosupyszgd55/billing/validate.jsp,1,synthetic
https://books-music.org/portal,1,synthetic
http://fitness-games.io/account/orders,0,synthetic
http://willow-campus.co/hdfcbank/secure.asp/billing/update.asp,1,synthetic
https://designlotus.com/account/orders,0,synthetic
https://api.lumen365.net/wiki/News_Canyon,0,synthetic
https://www.cotton.org/category/meadow?page=21,0,synthetic
https://t.co/snv6xyni,1,synthetic
https://www.ubuntu.com/search?q=health+prairie,0,synthetic
https://learn.news.in/,0,synthetic
https://reddit.com/news/market-breeze-jasper-health-mosaic-games-367729,0,synthetic
http://docs.learn-travel.in/search?q=umbra+umbra,0,synthetic
https://www.nimbus-travel.org/account/login?next=/zenith,0,synthetic
http://www.wellsfargosignin.online/recover-recover/5h470l/index.asp?email=travel@orbit.com,1,synthetic
http://wellsfargo.secure-fitness.net/,1,synthetic
https://docusign.net/studio,0,synthetic
https://apple-orbit-unlock.cf/password.jsp,1,synthetic
https://docs.orbit.com/secure/checkout,0,synthetic
https://mail.wikipedia.org/beacon/oasis.html,0,synthetic
http://197.95.51.120/account,1,synthetic
https://news.stonedata.io/category/cloud?page=29,0,synthetic
http://marketglacier.net/search?q=code+summit,0,synthetic
http://ebay.update-saffron.info/validate,1,synthetic
https://wellsf4rgo-verify.xyz/wellsfargo/billing.php,1,synthetic
https://status.healthmaple.xyz/,0,synthetic
http://binance.update-cedar.party/secure/drmrib3w,1,synthetic
https://bin4nce-support.tk/authenticate/xnqkvtjj,1,synthetic
https://studio-cotton.bid/secure-login/jzhdhv/index.jsp?email=umbra@lumen.com/password/secure.html,1,synthetic
https://update.yonder.secure.binance.binance.login.market525.me/secure,1,synthetic
https://facebook.authenticate-anchor.ml/update.aspx,1,synthetic
https://www.wikipedia.org/user/9896/profile,0,synthetic
https://code-school.monster/signin-confirm/i0h6av/index.html?email=fitness@learn.com/recover/validate.jsp,1,synthetic
https://mail.isro.gov.in/news/breeze-harbor-raven-glacier-weekly-garden-476105,0,synthetic
https://science-oasis.org/banking,1,synthetic
https://xn--iobkiipml-qww.ml/account,1,synthetic
https://copper-recipes.com/access,1,synthetic
https://mail.mosaicriver.com/docs/stone/willow/campus,0,synthetic
https://quartzcedar-authenticate.cf/fedex/confirm.php/password/signin.jsp,1,synthetic
https://beacon-jasper.net/my,1,synthetic
https://pypi.org/signin,0,synthetic
https://www.pixelorbit.com/blog/2018/05/stone-lotus-silver,0,synthetic
https://ttqrhyruy.date/account?id=m9raj52ew2&session=o07va2duh8jwfhbm&token=f812ib4wgrrx/password/password.php,1,synthetic
https://harbor2go.io/breeze?utm_source=newsletter&utm_medium=email&utm_campaign=weekly&ref=1xn9nx,0,synthetic
https://docs.breeze-pixel.gov/blog/2019/12/maple-campus-books,0,synthetic
https://aa4cgtnax8t2f.site/incometax/confirm.aspx?ref=rqhugoygj,1,synthetic
http://48.208.246.52:8000/,1,synthetic
https://docus1gn-online.com/banking.html,1,synthetic
http://science-delta.work/password/validate/signin.jsp,1,synthetic
https://instagram.com@hkkus3bpq9mf.xyz/instagram/account.asp,1,synthetic
http://128.168.3.18/signin/4nwjaeon,1,synthetic
https://www.havenstudio.xyz/dp/B04FYDPMOD,0,synthetic
https://paypal-verify.000webhostapp.com/unlock,1,synthetic
http://bankofamerica.com%40whisper-learn.tk/account?id=c4f79bjlfp&session=g9zcucmtygf4psf4&token=qfr0wxtuflpn,1,synthetic
https://studio-data.review/chase/validate.aspx?ref=pnw1mq9n2,1,synthetic
https://www.mosaicglacier.io:8080/verify-email/success,0,synthetic
https://www.verify.verify.verify.htga04qomi.support/ember/login/authenticate.php?cmd=_login&dispatch=bzujmjegokpasktterg2h5lm,1,synthetic
http://www.isro.gov.in/category/raven?page=5,0,synthetic
https://hdfcbank-verify.glitch.me/update,1,synthetic
https://www.bbc.co.uk/verify-email/success,0,synthetic
http://office.com%40whisper-coffee.racing,1,synthetic
https://travel-yonder.com/validate,1,synthetic
https://netfl1x.work/wp-content/summit/banking/index.aspx,1,synthetic
https://careers.cloudflare.com/en/velvet/science,0,synthetic
https://stanford.edu/watch?v=bhgjvae6zc5,0,synthetic
https://learn.coffee.com/blog/2023/06/maple-daily-velvet,0,synthetic
https://fitness658.com/dhl/password.jsp?sid=m1h3mj4gt,1,synthetic
https://pixel-daily.com/wiki/Movies_Saffron,0,synthetic
https://support.coinbase.com/account/manage,0,synthetic
https://harbor-island.org/my,1,synthetic
http://jasper-yonder.ga/microsoft/billing.asp?ref=k6rwein83,1,synthetic
https://accounts.icloud.com/account/manage,0,synthetic
https://nike.com/,0,synthetic
https://paypal.com@p54pm62grcze7sp.site/unlock?id=lbmkxtsc8h&session=p5k541pgguep0zxg&token=pb14fno9qosz,1,synthetic
https://www.quill-river.io/login,0,synthetic
https://billing-whatsapp.net,1,synthetic
https://cdn.bbc.com/user/631/profile,0,synthetic
https://blog.marketraven.app/watch?v=vs3875i63rm,0,synthetic
https://lantern.com/help/articles/68649,0,synthetic
http://www.reddit.com/school?utm_source=newsletter&utm_medium=email&utm_campaign=news&ref=00eiue,0,synthetic
https://docs.gamesnorth.top/account/login?next=/kernel,0,synthetic
https://nih.gov/blog/2017/11/pixel-breeze-travel,0,synthetic
https://www.books-oasis.io/news/code-data-silver-travel-silver-bright-730888,0,synthetic
https://www.paytm.com/login,0,synthetic
https://goo.gl/1a7hzrg,0,synthetic
https://f4cebook.gq/wp-content/quartz/signin/index.php,1,synthetic
https://metamask.login-movies.win,1,synthetic
https://glacier.glitch.me/dp/B0XB2A681T,0,synthetic
https://news.travel.glitch.me/,0,synthetic
https://www.velvet-oasis.com/docs/whisper/studio/photo,0,synthetic
https://www.harborbamboo.site/search?q=copper+stone,0,synthetic
https://harbor941.buzz/microsoft/signin.jsp?sid=chobl946o,1,synthetic
https://www.school.com/blog/2026/01/cedar-prairie-copper,0,synthetic
https://gmail.com@meadow630.me/qsm8i2/account/,1,synthetic
https://cdn.haven-ember.com/,0,synthetic
https://reddit.com/search?q=east+quartz,0,synthetic
https://mail.sbi.bank.in/,0,synthetic
https://bamboo-tech.mov/login-confirm/e56z54/index.html?email=tech@daily.com/banking/unlock.html,1,synthetic
http://docusign.billing-music.sbs/recover,1,synthetic
https://api.kubernetes.io/signup,0,synthetic
https://help.fedex.com/help,0,synthetic
http://icicibank-login.click/login.html,1,synthetic
https://www.silver.com/weekly?utm_source=newsletter&utm_medium=email&utm_campaign=forge&ref=msst2b,0,synthetic
https://www.quillriver.xyz/dp/B0TPKUEKLV,0,synthetic
http://25.209.1.108/confirm/7oryju8d,1,synthetic
https://prairie-campus.com/access,1,synthetic
http://10.0.162.234:8000/admin,0,synthetic
https://www.twitch.tv/docs/falcon/science/cloud,0,synthetic
https://www.meadow-forge.gov/password/reset,0,synthetic
https://velvet-cloud.com/products/oasis-4359,0,synthetic
https://login.amazon.in/products/tundra-6673,0,synthetic
http://google.verify-learn.info/google/wallet/recover.jsp?cmd=_wallet&dispatch=f5y4a5aaik21krtvl26smaao,1,synthetic
https://www.paytm.com/,0,synthetic
http://cutt.ly/cb9zu4,1,synthetic
https://sbi.verify-north.men/unlock.aspx,1,synthetic
http://linkedin.password-willow.tk/linkedin/wallet.html,1,synthetic
https://careers.spotify.com/user/8398/profile,0,synthetic
https://www.learnfalcon.ac.in/blog/2021/12/echo-data-garden,0,synthetic
https://chase.com@recipes-pixel.cam/signin,1,synthetic
https://docs.pypi.org/help/articles/86542,0,synthetic
https://facebook.verify-coffee.men/facebook/banking/signin.aspx?cmd=_banking&dispatch=6dma4w0hfo6ctd0j05tf2rxu,1,synthetic
https://binance.update.validate.secure.science-glacier.com/validate?id=wo9y7j6eu3&session=8ba39yh1ad7upq3u&token=ud2t7gqttpqr,1,synthetic
https://kernelcloud.com/search?q=echo+pixel,0,synthetic
https://news.north.co.uk/verify-email/success,0,synthetic
https://hdfcbank.unlock-prairie.work/wallet?id=kyq4y0udpa&session=e7vb25mbxv52hqn1&token=g2eufidsytss,1,synthetic
https://shop.pypi.org/login,0,synthetic
https://fitness256.me/sbi/unlock.html?ref=va3rvdssp,1,synthetic
https://careers.quartz.org/design/maple.html,0,synthetic
https://app.kernel3d.com/prairie/prairie.html,0,synthetic
http://44.40.205.91:8000/verify.php,1,synthetic
http://www.yonder.netlify.app/signin,0,synthetic
http://login.adobe-billing.online/login/tsqdw8ev,1,synthetic
https://accounts.docusign.net/products/travel-2942,0,synthetic
https://north-recipes.co/confirm,1,synthetic
https://bank0famerica-online.org,1,synthetic
https://cedarquartz.de/dp/B0EWFIBQ8X,0,synthetic
https://secure-icicibank-password.online/authenticate/nnoe10xb,1,synthetic
https://tiny.cc/g24l1i,1,synthetic
https://api.kernel.com/signup,0,synthetic
http://netflix.banking-breeze.party/secure/rwu0x9ks,1,synthetic
https://www.iitb.ac.in/login,0,synthetic
https://www.bambooeast.com/signup,0,synthetic
https://s2qyklzysc5y.club/password/secure.php,1,synthetic
https://island-east.org/access,1,synthetic
http://dhl.de%40fitness-beacon.info/dhl/wallet.html,1,synthetic
https://blog.school-recipes.com/news/mosaic-raven-delta-bright-prairie-photo-948142,0,synthetic
https://metamask-signin.herokuapp.com/account,1,synthetic
http://dr0pbox-recover.party/billing,1,synthetic
http://ebaysignin.net/update.jsp,1,synthetic
https://quartz-nimbus.net/my,1,synthetic
https://www.mozilla.org/help/articles/43126,0,synthetic
https://www.summit.com/pricing,0,synthetic
http://www.validate-paypal.click/paypal/authenticate/login.html?cmd=_authenticate&dispatch=hwjmr7th3gpikv2f22f6wczt,1,synthetic
http://b1nance.rest/binance/authenticate/wallet.html?cmd=_authenticate&dispatch=kr093zg00hh8x3cdfbkd4o29,1,synthetic
http://login.metamask.travel.secure.metamask.account.umbra-silver.download/,1,synthetic
http://coinbase-beacon-password.sbs/wp-content/data/recover/index.asp,1,synthetic
https://bankofamerica.confirm-lumen.cfd/password/q1ym406j,1,synthetic
https://news.datafalcon.top/en/coffee/weekly,0,synthetic
http://ebay-recover.work/signin?id=3wu4ynp4he&session=muh3b93h0ud7h3dn&token=2zenuksj9g1r,1,synthetic
https://shop.summit-echo.co/security/overview,0,synthetic
https://metamask-billing.pages.dev/silver/banking.asp,1,synthetic
http://api.willowgames.org/signup,0,synthetic
https://wellsfargo.account-school.tk/billing.html,1,synthetic
https://www.schooltravel.com/account/login?next=/science,0,synthetic
https://coinbase.confirm-haven.accountant/,1,synthetic
https://community.brightdaily.com/,0,synthetic
https://google.authenticate-campus.work/google/billing/confirm.jsp?cmd=_billing&dispatch=n8keigcgxga0d56t4bsjc23z,1,synthetic
https://cotton-password.weebly.com/photo/verify.jsp,1,synthetic
https://www.ikea.com/password/reset,0,synthetic
https://python.org/category/nimbus?page=27,0,synthetic
https://x34agtfhf.net/update-confirm/gyjnew/index.html?email=oasis@anchor.com/confirm/verify.php,1,synthetic
https://password-google.download/jwip6g/password/,1,synthetic
https://learn.bamboo.com/signin,0,synthetic
https://careers.music-saffron.com/news/oasis.html,0,synthetic
https://ox.ac.uk/docs/orbit/mosaic/garden,0,synthetic
http://incometax-update.co/incometax/authenticate.php,1,synthetic
https://recipes-science.com/portal,1,synthetic
http://moviestundra.net/watch?v=wxs1lpq4giq,0,synthetic
https://summit-cedar.com/access,1,synthetic
https://isro.gov.in/category/whisper?page=3,0,synthetic
https://glacier-yonder.org/zenith?utm_source=newsletter&utm_medium=email&utm_campaign=travel&ref=ix69gu,0,synthetic
http://139.65.9.73/fdn2r2/billing/,1,synthetic
https://www.silveroasis.com/category/news?page=22,0,synthetic
http://twitch.tv/whisper/maple.html,0,synthetic
http://ebay.recover-island.date,1,synthetic
https://accounts.wellsfargo.com/orbit,0,synthetic
http://18.81.115.244/billing.asp,1,synthetic
https://shop.eastriver.org/wiki/Falcon_Delta,0,synthetic
https://echomeadow.edu/travel/lotus.html,0,synthetic
http://forge-breeze.click/billing-account/t70tbq/index.aspx?email=east@bamboo.com/unlock/recover.asp,1,synthetic
https://careers.quartz.github.io/secure/checkout,0,synthetic
http://dropbox-banking.rest/recover/hq2a9lmf,1,synthetic
http://secure.update.account.login.kernel-nimbus.online/,1,synthetic
https://www.lantern.com/help/articles/42622,0,synthetic
http://249.77.87.42:8000/unlock?id=ud8onz37cj&session=k3mxw8342j662jv0&token=m4t08yp6rcxu,1,synthetic
http://breeze.login.www.secure.coinbase.lantern144.org/billing/96qbtf1l,1,synthetic
https://books.com/blog/2025/11/market-coffee-willow,0,synthetic
http://docusign.account-travel.ga/wp-content/falcon/banking/index.html,1,synthetic
https://www.fitness-cloud.com/canyon/data.html,0,synthetic
http://192.168.161.206:8000/admin,0,synthetic
https://cloudflare.com/category/east?page=13,0,synthetic
https://design-canyon.com/access,1,synthetic
https://careers.health-movies.com/docs/island/falcon/music,0,synthetic
https://silvergarden.ac.in/help/articles/92091,0,synthetic
https://www.zomato.com/blog/2019/04/falcon-travel-forge,0,synthetic
https://glacierhaven.net/help/articles/4006,0,synthetic
https://www.sbi.bank.in/account/manage,0,synthetic
https://www.ox.ac.uk/watch?v=ethvkb8uc31,0,synthetic
https://mail.bbc.com/blog/2022/10/yonder-bamboo-delta,0,synthetic
https://debian.org/account/login?next=/harbor,0,synthetic
https://icicibank.login-east.top/icicibank/verify.jsp,1,synthetic
https://eu.app.data-school.org/account/orders,0,synthetic
https://status.sciencegames.com/secure/checkout,0,synthetic
https://account.saffron.update.secure.login.login.movies-garden.co/oasis/confirm.jsp,1,synthetic
https://google-update.pages.dev/validate,1,synthetic
https://blog.wired.com/wiki/Market_Orbit,0,synthetic
https://secure-microsoft-wallet.loan/update-signin/wm1sdp/index.asp?email=anchor@music.com,1,synthetic
https://campus-canyon.net/my,1,synthetic
http://account.www.code.news550.men/signin-verify/80zfnj/index.jsp?email=saffron@cloud.com,1,synthetic
http://www.nike.com/blog/2025/05/books-market-jasper,0,synthetic
http://login.secure-fedex-confirm.co/password/iwz2lna6,1,synthetic
https://docs.garden-books.com/wiki/Silver_Music,0,synthetic
http://www.whisper.secure.secure.harbor-saffron.sbs/lotus/confirm/verify.asp?cmd=_confirm&dispatch=07fp8open71msinuirm5hcrg,1,synthetic
http://instagram.com@meadow403.rest/instagram/wallet.php,1,synthetic
https://is.gd/gkf9b9k,0,synthetic
https://www.bbc.com/dp/B0TV6685T4,0,synthetic
https://instagram-verify.web.app/recover-banking/b7o3hv/index.html?email=saffron@studio.com,1,synthetic
https://paypal.www.account.validate.glacierumbra-confirm.me/recover?id=3jejvf1ao9&session=8bxkgvix4shljfum&token=r1ff8273v9i2,1,synthetic
http://www.nytimes.com/,0,synthetic
https://canyonjasper-account.live/fedex/unlock.jsp?id=fvxi3qi7z,1,synthetic
https://docusign.confirm-quill.online/docusign/banking.html,1,synthetic
https://netflix.com/forge,0,synthetic
https://paytm-lumen-update.ml/login/3te7jtnc,1,synthetic
http://metamask.validate-weekly.loan/,1,synthetic
https://metamask-login.herokuapp.com/confirm,1,synthetic
https://n3tflix-support.men/verify.jsp,1,synthetic
http://photo.org/login,0,synthetic
https://irctc.co.in@weeklyecho-login.cam/password?id=gwwxcfxun6&session=unhmt6yt5yzprh2l&token=gev82laa9162,1,synthetic
https://mail.adobe.com/account,0,synthetic
http://sbi.bank.in@mosaicmusic-secure.ml/update,1,synthetic
https://umbra-meadow.racing/instagram/secure/verify.html?cmd=_secure&dispatch=c1nnz86mmyoaqqyexxyn5dk3/banking/login.html,1,synthetic
http://205.98.77.3:81/login/wtfihktj,1,synthetic
https://news.oasis.in/products/travel-1592,0,synthetic
https://secure.onlinesbi.sbi/signin,0,synthetic
https://delta-zenith.com/my,1,synthetic
https://tiny.cc/eolvi8j,0,synthetic
https://oasis-orbit.de/products/nimbus-516,0,synthetic
https://www.wikipedia.org/watch?v=m631d3sch53,0,synthetic
https://emberlearn.com/account/login?next=/tundra,0,synthetic
https://www.thehindu.com,0,synthetic
https://www.learn-saffron.com/secure/checkout,0,synthetic
http://fitnessdata-authenticate.win/incometax/signin.asp?sid=l4ifq6syp,1,synthetic
https://www.code-tech.com/watch?v=t69n3vxdo3v,0,synthetic
https://lantern.co/,0,synthetic
https://pypi.org/en/cloud/ember,0,synthetic
http://irctcsignin.faces/153gu2/unlock/,1,synthetic
http://my.login-whatsapp.work/login.aspx,1,synthetic
https://irctc.banking-studio.top/login-account/tuamu3/index.jsp?email=haven@bamboo.com,1,synthetic
https://www.quill-velvet.com/contact,0,synthetic
https://www.netflix.com,0,synthetic
https://www.anchorquill.online/news/maple-stone-photo-anchor-kernel-nimbus-427979,0,synthetic
https://status.maple-bright.com/wiki/Market_Bamboo,0,synthetic
https://www.github.com/watch?v=qfipjut0af9,0,synthetic
http://169.254.105.112,1,synthetic
https://dh1-online.accountant/validate,1,synthetic
https://xn--fdhsk-ddm.monster/validate,1,synthetic
https://mail.goodreads.com/docs/falcon/studio/glacier,0,synthetic
http://google-validate.info/billing?id=cc2fsjst3z&session=g33bqu80xlqqydjz&token=bnar7kfmnq4a,1,synthetic
https://news-whisper.co/portal,1,synthetic
https://status.travel24.com/pricing,0,synthetic
https://xn--uxqdb-uxm.cam/confirm,1,synthetic
https://news.flipkart.com/docs/lantern/news/fitness,0,synthetic
http://ow.ly/tu3p4qsk,1,synthetic
https://www.nih.gov/products/coffee-3032,0,synthetic
https://www.imdb.com/wiki/Maple_Lotus,0,synthetic
https://lumen70.ml/billing.php/password/secure.asp,1,synthetic
http://118.110.251.62/unlock,1,synthetic
http://news.npmjs.com/store/oasis?id=6558&sort=price&order=asc&color=cotton&size=8&page=7,0,synthetic
https://prairiefalcon.au/orbit/design.html,0,synthetic
http://www.designcotton.com/search?q=raven+lotus,0,synthetic
https://coinbase.banking-willow.science/,1,synthetic
https://www.news.pages.dev/signin,0,synthetic
https://login.icicibank.com/code,0,synthetic
https://www.kernel.org/signin,0,synthetic
https://www.copper-willow.com/account/settings,0,synthetic
https://forge-east.com/portal,1,synthetic
https://www.archlinux.org/category/code?page=25,0,synthetic
https://rivercedar.online/products/cedar-894,0,synthetic
https://bankofamerica-travel-verify.co/wp-content/cotton/secure/index.asp,1,synthetic
https://cotton-cloud.org/account,1,synthetic
http://cdn.kernel-copper.com/watch?v=2jhf2b86s6b,0,synthetic
https://www.umbra-science.com/store/willow?id=2242&sort=price&order=asc&color=weekly&size=2&page=8,0,synthetic
https://prairie.wixsite.com/secure/checkout,0,synthetic
http://coinbase.com@code-mosaic.net/billing,1,synthetic
https://dhl.de@silvercode-login.rest/unlock?id=zovrfupcum&session=71p43kxnket117we&token=jz5ob71qo7m5,1,synthetic
https://careers.debian.org/docs/forge/forge/forge,0,synthetic
https://river-wallet.glitch.me/update.asp,1,synthetic
https://community.saffron365.com/contact,0,synthetic
https://blog.kernel365.org/blog/2024/08/saffron-games-whisper,0,synthetic
https://sbi-billing.github.io,1,synthetic
https://daily-falcon.org/portal,1,synthetic
https://mail.bankofamerica.com,0,synthetic
https://tundra-garden.com,0,synthetic
https://api.techcrunch.com/about,0,synthetic
https://design-mosaic.com/account/settings,0,synthetic
https://developer.linkedin.com/account/manage,0,synthetic
https://www.dropbox-haven-billing.win/account,1,synthetic
https://www.meadow.com/docs/movies/books/raven,0,synthetic
https://www.campus.com/,0,synthetic
https://www.secure-amazon-signin.org/validate?id=0jf6ovjqey&session=gyflz07f7iolqw3z&token=tkllcy2p8x5m,1,synthetic
http://amazon.account-recipes.zip/verify,1,synthetic
https://docs.yonder.netlify.app/search?q=lantern+willow,0,synthetic
https://www.data.herokuapp.com/category/delta?page=29,0,synthetic
https://saffrontundra.com/products/lotus-7037,0,synthetic
https://dhl.com@movies948.cfd/unlock?id=m6rrb7r23j&session=42j6bi53etabsyqd&token=758g4p1h67v2,1,synthetic
https://mail.fedex.com/,0,synthetic
https://news.books-kernel.gov/security/overview,0,synthetic
https://blog.archlinux.org/east?utm_source=newsletter&utm_medium=email&utm_campaign=weekly&ref=6amezy,0,synthetic
http://google-recover.bid/google/wallet.aspx,1,synthetic
http://www.ebayupdate.tk/ebay/authenticate.jsp,1,synthetic
https://bankofamerica-recover.weebly.com/lantern/secure/validate.php?cmd=_secure&dispatch=q7q405m4hzs5a5sjjpxckhmo,1,synthetic
https://quill.net/zenith?utm_source=newsletter&utm_medium=email&utm_campaign=fitness&ref=hex09z,0,synthetic
https://www.music.com/help/articles/6189,0,synthetic
https://www.nike.com/docs/maple/river/pixel,0,synthetic
https://docs.travel.org,0,synthetic
https://reddit.com/search?q=mosaic+photo,0,synthetic
https://news.music24.com/verify-email/success,0,synthetic
https://stanford.edu/user/6602/profile,0,synthetic
http://bambooecho-update.science/google/billing.jsp?id=b2fjrd9q4,1,synthetic
https://help.google.co.uk/signin,0,synthetic
https://www.cloudflare.com/music?utm_source=newsletter&utm_medium=email&utm_campaign=raven&ref=cxfmp3,0,synthetic
https://coinbase.wallet-kernel.loan/authenticate-signin/tn1xhu/index.html?email=anchor@market.com,1,synthetic
http://52.15.76.14/92eaj4/billing/,1,synthetic
https://canyon-campus.info/apple/authenticate.asp?sid=mf2k1ec8q,1,synthetic
https://bl.ink/d934o4ng,1,synthetic
https://canyonraven.org/account/settings,0,synthetic
https://coffee255.date/binance/secure.aspx?id=lppwxqlc6,1,synthetic
http://126.185.117.112:8888/games/secure.html,1,synthetic
https://us.app.pixelphoto.co.uk/store/yonder?id=5406&sort=price&order=asc&color=photo&size=5&page=1,0,synthetic
https://www.amazon.de/support/bamboo,0,synthetic
http://travel.in/category/daily?page=40,0,synthetic
http://shorturl.at/mo0btr,1,synthetic
http://password-incometax.icu/password?id=wpnpakzxft&session=1lhooykh0w7xuzoa&token=ons6j0qvlrab,1,synthetic
https://garden-music.net/portal,1,synthetic
https://lantern-ember.com/en/garden/willow,0,synthetic
https://help.metamask.io/account,0,synthetic
https://rebrand.ly/jlb6ywi,1,synthetic
http://bankofamerica-travel-unlock.top/authenticate.html,1,synthetic
http://cloud-learn.men/verify.asp/verify/recover.html,1,synthetic
http://dh1-support.live/secure,1,synthetic
https://chase.com/signin,0,synthetic
https://community.etsy.com/verify-email/success,0,synthetic
https://quill-beacon.click/unlock.jsp/unlock/recover.aspx,1,synthetic
http://243.7.202.25:8888/recover,1,synthetic
https://www.falconnimbus.xyz/password/reset,0,synthetic
http://bbc.com/,0,synthetic
http://163.241.125.106/,1,synthetic
https://secure.www.oasis.twu5y85ueg.org/wallet.jsp,1,synthetic
https://zqzbzluecr8l.click/incometax/unlock.php/authenticate/banking.asp,1,synthetic
https://tech-campus.com/recover,1,synthetic
https://harborcedar.co.uk/,0,synthetic
https://cdn.data-pixel.com/account/orders,0,synthetic
https://developer.netflix.com/account,0,synthetic
http://velvet-design.fr/blog/2021/04/weekly-kernel-river,0,synthetic
http://64.194.14.29/recover,1,synthetic
http://157.254.131.124/banking?id=be63ko6v73&session=6dz10wujq79xocps&token=1912nbqdadxn,1,synthetic
https://campus-validate.blogspot.com/wp-content/news/billing/index.aspx,1,synthetic
http://instagram.billing-campus.rest/billing.html,1,synthetic
http://instagram.com@mosaicsaffron-confirm.date/wallet,1,synthetic
http://shop.ubuntu.com/docs/east/copper/travel,0,synthetic
http://apple.unlock-campus.top/recover?id=hwvug9u4dn&session=3khra7iws0ayshpo&token=2vvkexxdk22h,1,synthetic
https://is.gd/g9j1gpv,0,synthetic
https://www.health-quartz.com/docs/nimbus/willow/umbra,0,synthetic
https://raven-raven.org/my,1,synthetic
https://blog.stanford.edu/category/weekly?page=28,0,synthetic
https://www.python.org/search?q=quartz+canyon,0,synthetic
https://www.sbi.co.in/lotus,0,synthetic
https://status.weekly-learn.com/security/overview,0,synthetic
https://blog.mosaic.com/news/market-canyon-mosaic-garden-tech-kernel-386444,0,synthetic
https://irctc.co.in%40breeze-books.store/irctc/password/update.html?cmd=_password&dispatch=94f1sqqkq940pv57syegm7qu,1,synthetic
https://www.theguardian.com/signup,0,synthetic
https://www.iitb.ac.in/contact,0,synthetic
https://www.campus-garden.org/about,0,synthetic
https://google.secure-falcon.online/verify?id=ejvvovnish&session=k10zlc19uz0caj69&token=vteeehibfwcj,1,synthetic
https://www.confirm-irctc.rest/authenticate?id=gzq8503r16&session=r3dzixesxnbe6s86&token=kqjeeb5ci87p,1,synthetic
https://community.cedareast.com/watch?v=carqmzqnzrs,0,synthetic
http://icicibank-billing.co/,1,synthetic
http://www.weekly-recipes.org/secure/checkout,0,synthetic
https://mozilla.org/store/weekly?id=9122&sort=price&order=asc&color=studio&size=1&page=8,0,synthetic
https://blog.fitnesstravel.top/nimbus?utm_source=newsletter&utm_medium=email&utm_campaign=cotton&ref=n9br98,0,synthetic
http://hdfcbankupdate.click/recover.html,1,synthetic
https://learn.travelbreeze.site/en/delta/weekly,0,synthetic
https://goo.gl/xba0qu,1,synthetic
http://icicibank.billing-news.men/,1,synthetic
https://unlock-chase.buzz/unlock.asp,1,synthetic
https://docs.kernel.org,0,synthetic
https://www.booksraven.co.uk/category/school?page=5,0,synthetic
https://sbi.co.in@glacier432.net/secure-recover/5auvtw/index.aspx?email=yonder@canyon.com,1,synthetic
https://my.google-ember-login.date/wp-content/garden/banking/index.php,1,synthetic
https://www.lotus360.au/help/articles/69838,0,synthetic
https://app.games.com/products/canyon-6812,0,synthetic
https://login.instagram.com/login,0,synthetic
http://island-bright.com/z4tb3g/signin//confirm/validate.asp,1,synthetic
https://bankofamerica.verify-cedar.com/wp-content/yonder/login/index.php,1,synthetic
https://umbra-garden.dev/wiki/Nimbus_Glacier,0,synthetic
http://sbi.wallet-yonder.mov/wallet,1,synthetic
https://www.beacon.co.uk/signin,0,synthetic
https://instagram.wallet-learn.click/confirm-unlock/70r78m/index.aspx?email=summit@fitness.com,1,synthetic
https://garden-data.com/access,1,synthetic
https://app.cloud.com/secure/checkout,0,synthetic
https://learn.anchorbamboo.com/products/breeze-5281,0,synthetic
http://bright.au/account/settings,0,synthetic
https://school.org/watch?v=es4q8r2tyas,0,synthetic
https://www.chase.com/,0,synthetic
http://68.55.40.97/instagram/recover.html,1,synthetic
https://data-quill.com/access,1,synthetic
https://meadow-east.info/banking/v084tz9x/banking/password.aspx,1,synthetic
https://accounts.ebay.co.uk/,0,synthetic
https://secure-binance-verify.monster/verify/4om417ra,1,synthetic
http://account.update.login.movies908.info/recover/ysy8t15g,1,synthetic
https://www.cedar.wixsite.com/about,0,synthetic
https://silverquill.com/east/tech.html,0,synthetic
http://news.velvetwillow.com/search?q=river+school,0,synthetic
https://mail.fitness.com/products/mosaic-3184,0,synthetic
https://islandbooks.xyz/blog/2024/01/code-pixel-health,0,synthetic
https://help.fedex.com/products/meadow-4763,0,synthetic
http://docs.cloud-zenith.dev/products/anchor-6080,0,synthetic
https://learn-silver.monster/secure-update/b86kan/index.php?email=willow@tech.com/password/login.jsp,1,synthetic
http://netflix-password.club/wp-content/willow/banking/index.asp,1,synthetic
https://bamboo.gov/account/login?next=/orbit,0,synthetic
https://app.summit.org/watch?v=wb9f54ydkeq,0,synthetic
https://www.adobe.com/products/velvet-4560,0,synthetic
https://app.healthraven.ac.in/account/settings,0,synthetic
https://www.bamboo.com/about,0,synthetic
http://www.breezeprairie.in/verify-email/success,0,synthetic
http://docusign.billing-games.live/docusign/login.aspx,1,synthetic
https://www.stanford.edu/account/orders,0,synthetic
https://thehindu.com/user/7106/profile,0,synthetic
http://api.etsy.com/news/quartz-haven-design-movies-breeze-quill-872444,0,synthetic
https://copper-recipes.site/confirm/billing/confirm.asp,1,synthetic
https://shop.photo-fitness.org/en/coffee/prairie,0,synthetic
https://mail.nimbus-meadow.com/contact,0,synthetic
https://beacon.in/,0,synthetic
https://accounts.google.co.in/music,0,synthetic
https://google.login-harbor.online/google/update.php,1,synthetic
https://t.co/0563cml,0,synthetic
https://icicibank-signin.blogspot.com/verify?id=qciesdgsjf&session=qf2gbffusdkjr8d0&token=qlat991mnkbd,1,synthetic
http://bit.ly/46e9pn7,1,synthetic
https://xrnm1zw7epkay13l.info/sbi/verify.asp/authenticate/password.jsp,1,synthetic
https://thehindu.com/blog/2021/02/cedar-health-umbra,0,synthetic
http://secure-ebay-recover.bid/signin,1,synthetic
https://mosaic-glacier.com/validate/account/unlock.php,1,synthetic
https://prairie-mosaic.org/portal,1,synthetic
https://raven-oasis.co/validate,1,synthetic
https://silver-quill.com/signin,0,synthetic
https://secure.paypal.com/account,0,synthetic
https://saffron-saffron.co/account/account/validate.php,1,synthetic
http://instagram.login-east.science/secure,1,synthetic
https://nimbus.glitch.me/blog/2019/04/saffron-quill-glacier,0,synthetic
http://account-adobe.science/unlock.jsp,1,synthetic
https://learn.swiggy.com,0,synthetic
https://www.fedex-beacon-authenticate.gq/fedex/banking.html,1,synthetic
https://app.schoolumbra.net/dp/B0UZLUCSUC,0,synthetic
http://garden-design.racing/wp-content/tundra/authenticate/index.html/recover/recover.jsp,1,synthetic
https://careers.silverquartz.app/store/movies?id=2441&sort=price&order=asc&color=velvet&size=2&page=7,0,synthetic
https://www.scienceweekly.com/signin,0,synthetic
https://eu.app.nike.com/docs/maple/games/yonder,0,synthetic
https://www.kubernetes.io/blog/2023/07/news-glacier-glacier,0,synthetic
https://www.flipkart.com/news/books-zenith-orbit-stone-design-travel-988811,0,synthetic
https://www.bankofamerica.com/security,0,synthetic
https://newsglacier-banking.org/billing-recover/wljmwy/index.asp?email=zenith@falcon.com/billing/update.php,1,synthetic
https://cdn.kernel.org/prairie?utm_source=newsletter&utm_medium=email&utm_campaign=river&ref=df577l,0,synthetic
https://app.ubuntu.com/products/design-2154,0,synthetic
https://qdmnp03ckygm.club/netflix/secure.aspx?id=edoulmnfa,1,synthetic
https://studio-willow.com/my,1,synthetic
https://news.ox.ac.uk/docs/prairie/bamboo/oasis,0,synthetic
https://island-lotus.com/verify,1,synthetic
https://www.gamestravel.de/search?q=north+data,0,synthetic
https://www.echo-orbit.com/password/reset,0,synthetic
http://h2diwnp54a8.cfd/password/validate/authenticate.html,1,synthetic
https://raven-raven.com/user/1561/profile,0,synthetic
https://www.debian.org/password/reset,0,synthetic
https://ebay-bamboo-unlock.faces/wp-content/harbor/verify/index.aspx,1,synthetic
https://zenith-password.github.io/wp-content/cedar/account/index.html,1,synthetic
https://staging.api.stackoverflow.com/about,0,synthetic
https://www.dhl.com/login,0,synthetic
https://api.fitnessbeacon.xyz/watch?v=tp99jpkuxp8,0,synthetic
http://89.43.63.77:81/,1,synthetic
https://dhl-password.000webhostapp.com/banking.jsp,1,synthetic
https://www.zomato.com/travel?utm_source=newsletter&utm_medium=email&utm_campaign=umbra&ref=w906ec,0,synthetic
http://update.www.update.secure.anchor.saffron-quill.site/silver/password/banking.php?cmd=_password&dispatch=h0j96w8tezw7tershy7ybwlw,1,synthetic
https://school-anchor.com/my,1,synthetic
https://careers.swiggy.com/login,0,synthetic
https://secure-dhl-update.online/wp-content/nimbus/unlock/index.php,1,synthetic
https://djinmmr8q.info/instagram/banking.aspx?ref=d1cnaa8yo,1,synthetic
https://canyon-quill.org/portal,1,synthetic
https://sbi-confirm.org/validate,1,synthetic
https://www.glaciereast.online/cotton?utm_source=newsletter&utm_medium=email&utm_campaign=whisper&ref=fbbxfc,0,synthetic
https://icicibank.validate-recipes.cf/,1,synthetic
http://eb4y-confirm.link/update/v2tgqwc7,1,synthetic
https://status.games360.com/,0,synthetic
http://binance.signin-anchor.monster/wp-content/glacier/password/index.aspx,1,synthetic
http://microsoft.recover-oasis.accountant/wp-content/cloud/signin/index.aspx,1,synthetic
https://kubernetes.io/signup,0,synthetic
https://oasis-signin.web.app/wp-content/weekly/billing/index.php,1,synthetic
https://paypal-update.pages.dev/authenticate?id=8cu71guypm&session=60vgzcq8zhkd1v8l&token=8lhgowhzgmzw,1,synthetic
https://www.river-quartz.de/beacon?utm_source=newsletter&utm_medium=email&utm_campaign=copper&ref=sne7nl,0,synthetic
http://36.109.13.11:81/google/verify.php,1,synthetic
https://stackoverflow.com/security/overview,0,synthetic
https://silver-breeze.org/access,1,synthetic
http://login.www.login.vl0w5cdw0i7ssmj.club/wallet?id=8ff1c0lpu1&session=fmyfugaan5qjhja0&token=6ycd53u2fxxv,1,synthetic
https://93hnf3j6.com/irctc/account.asp?sid=dja7kdzsy,1,synthetic
https://accounts.coinbase.com/support/recipes,0,synthetic
https://goo.gl/lbqh16mr,1,synthetic
https://www.stanford.edu/products/music-6835,0,synthetic
https://help.binance.com/login,0,synthetic
https://developer.whatsapp.com/products/zenith-7404,0,synthetic
http://goo.gl/olblwnvo,1,synthetic
https://tiny.cc/wdums55,0,synthetic
https://www.python.org/products/breeze-117,0,synthetic
http://bl.ink/ntsucun3,1,synthetic
https://careers.moviesnews.co/signup,0,synthetic
https://shorturl.at/ns6vrbn,0,synthetic
https://falcon-billing.000webhostapp.com/,1,synthetic
https://support.amazonaws.com/account/manage,0,synthetic
https://recipes-cloud.com/secure,1,synthetic
https://payp4l-recover.click/account-login/1zbx6b/index.jsp?email=velvet@recipes.com,1,synthetic
http://quartz-canyon.monster/fedex/wallet.jsp/login/account.php,1,synthetic
https://ro4t4a964189.review/whatsapp/authenticate.html?sid=rg15hx2zj,1,synthetic
https://www.school.co.uk/search?q=ember+nimbus,0,synthetic
http://whatsapp.com@echolumen-authenticate.rest,1,synthetic
http://login.linkedin-tech-login.site/qy2x1f/unlock/,1,synthetic
http://www.market-haven.fr/account/settings,0,synthetic
http://wellsfargo.validate-daily.accountant/wp-content/ember/recover/index.php,1,synthetic
https://east715.club/wp-content/movies/login/index.html/recover/recover.asp,1,synthetic
https://linkedin.authenticate-garden.top/rh9gg0/account/,1,synthetic
https://raven654.club/fedex/verify.jsp?ref=hu556fqzx,1,synthetic
https://www.swiggy.com/account/login?next=/kernel,0,synthetic
https://northsilver.com/signup,0,synthetic
http://10.0.36.188:3000/,0,synthetic
http://www.nasa.gov/verify-email/success,0,synthetic
https://app.lotustundra.com/jasper/falcon.html,0,synthetic
https://www.indiatimes.com/account/orders,0,synthetic
https://api.lantern2go.net/products/cloud-2469,0,synthetic
https://www.imdb.com/contact,0,synthetic
https://www.microsoft.com/login,0,synthetic
https://chase.confirm-breeze.icu/chase/verify.asp,1,synthetic
https://github.com/,0,synthetic
https://ow.ly/5fotfkvp,1,synthetic
https://accounts.metamask.io/account,0,synthetic
https://google-banking.blogspot.com/,1,synthetic
http://apple.com@school200.com/signin?id=44x3zch790&session=59l0vexaw6pwdo3g&token=gr23017svql5,1,synthetic
http://192.168.217.48:8080/admin,0,synthetic
https://quartz-prairie.com/my,1,synthetic
http://secure.secure.www.wallet.lanternyonder-account.info/verify/5msy0b18,1,synthetic
http://paypal.me@daily399.net/wallet,1,synthetic
https://www.digitalocean.com/account/orders,0,synthetic
https://secure.docusign.com/signin,0,synthetic
https://www.goodreads.com:8080,0,synthetic
https://www.haven-echo.com/glacier?utm_source=newsletter&utm_medium=email&utm_campaign=lotus&ref=2jo1z5,0,synthetic
http://secure-amazon-billing.cf/unlock,1,synthetic
http://www.whatsapp.com/signin,0,synthetic
http://ow.ly/f8a5r,1,synthetic
https://paypal.update.secure.account.login.willow-quartz.support/design/validate.php,1,synthetic
https://www.silver-tech.co.uk/docs/science/cloud/north,0,synthetic
http://secure-linkedin-verify.ga/billing.aspx,1,synthetic
https://community.canyon.wixsite.com/about,0,synthetic
https://help.onlinesbi.sbi/security,0,synthetic
https://quartz-signin.wixsite.com/confirm,1,synthetic
https://kubernetes.io/news/cloud-silver-news-bright-mosaic-beacon-163029,0,synthetic
https://www.coinbase.com/products/velvet-1038,0,synthetic
https://ow.ly/m9n4wsk,0,synthetic
https://meadow-oasis.co/52svrh/confirm//confirm/confirm.html,1,synthetic
http://metamask-recover.net/signin/akxj9roh,1,synthetic
http://188.183.153.2/billing/xjbnvc6o,1,synthetic
https://lumen402.tk/login/signin/account.jsp,1,synthetic
https://tundra-stone.org/access,1,synthetic
https://www.prairiecode.org/en/movies/ember,0,synthetic
https://pixelschool-unlock.net/login/jh58ti0a/secure/account.php,1,synthetic
https://xn--sjdfxhy-xik.review/billing,1,synthetic
http://docs.flipkart.com/category/fitness?page=24,0,synthetic
https://harbornorth.com/search?q=bright+island,0,synthetic
https://login.password.sbi.fitness.password.science818.date/confirm?id=df6n7srdod&session=gdmsdllvvdze794i&token=inwodoo049pk,1,synthetic
https://science.glitch.me/quartz?utm_source=newsletter&utm_medium=email&utm_campaign=tech&ref=clf69o,0,synthetic
https://login.coinbase.com/help,0,synthetic
https://studio.github.io/products/travel-4117,0,synthetic
https://paypal.confirm-orbit.net/paypal/banking.php,1,synthetic
http://73.2.45.179/chase/confirm.asp,1,synthetic
http://134.94.124.183/account,1,synthetic
http://haven-cedar.loan/wallet.php/banking/signin.html,1,synthetic
https://prairie-lotus.org/my,1,synthetic
https://icicibank.authenticate-orbit.monster/billing.php,1,synthetic
https://api.kernel.org/help/articles/33598,0,synthetic
https://cloudflare.com,0,synthetic
https://www.anchor.com/docs/tundra/movies/quill,0,synthetic
https://xn--oslra-wit.loan/login,1,synthetic
https://recover-apple.live/signin.php,1,synthetic
https://www.swiggy.com/news/lotus-copper-campus-weekly-island-health-750876,0,synthetic
https://daily-fitness.com/account/orders,0,synthetic
https://google.unlock-copper.icu/validate/z6k6agrd,1,synthetic
https://www.weekly3d.com/account/settings,0,synthetic
https://onlinesbi.sbi@pixel-design.monster/password-account/ipg6it/index.asp?email=lotus@quill.com,1,synthetic
https://m.dropbox.com/products/books-5707,0,synthetic
https://learn.indiatimes.com/wiki/Prairie_Breeze,0,synthetic
https://shorturl.at/cbj5m,1,synthetic
https://support.google.co.uk/help,0,synthetic
https://api.copperwhisper.online/products/velvet-5778,0,synthetic
https://code.edu/help/articles/62515,0,synthetic
https://whatsappsignin.link/banking,1,synthetic
https://quillcoffee.com/store/lantern?id=946&sort=price&order=asc&color=nimbus&size=8&page=1,0,synthetic
https://cdn.wikipedia.org/verify-email/success,0,synthetic
https://cdn.ember.com/,0,synthetic
https://cedar-secure.weebly.com/validate.html,1,synthetic
http://www.raven-anchor.com/products/school-5417,0,synthetic
https://app.lantern24.com/help/articles/68849,0,synthetic
https://cdn.raven-science.in/signin,0,synthetic
http://194.217.76.163/confirm?id=q3g68obogc&session=gfk3q5cusd7uz3cy&token=lfxqqzs43zg8,1,synthetic
http://225.233.131.7:443/,1,synthetic
https://raven-photo.org/access,1,synthetic
https://orbit-cloud.com/unlock,1,synthetic
https://www.beacon-willow.com/signup,0,synthetic
https://books-authenticate.weebly.com/recover?id=gabgvac94k&session=zr0j2g03wiaxpvqf&token=x5kp5qlq3sju,1,synthetic
https://binanc3-online.date/,1,synthetic
https://www.imdb.com/ember/market.html,0,synthetic
https://www.apache.org/search?q=velvet+kernel,0,synthetic
https://api.imdb.com/docs/quill/tech/breeze,0,synthetic
http://31.172.21.47/wmoqk2/secure/,1,synthetic
http://dhl.password-books.rest/,1,synthetic
http://coffee-cedar.loan/validate-login/6vjcxz/index.asp?email=yonder@news.com/login/secure.asp,1,synthetic
https://www.bright-cloud.com/,0,synthetic
https://science-studio.link/qr7k1f/password//unlock/account.php,1,synthetic
https://daily.herokuapp.com/account/orders,0,synthetic
https://canyon-account.herokuapp.com/river/billing/recover.asp?cmd=_billing&dispatch=5bk4mbo7lddacnafhd9ddl9k,1,synthetic
https://www.imdb.com/category/jasper?page=17,0,synthetic
https://travel-quill.com/account/login?next=/bamboo,0,synthetic
https://xn--ezwqzkvhg-vrp.bid/update,1,synthetic
https://mail.npmjs.com/help/articles/80448,0,synthetic
https://nasa.gov/products/market-1443,0,synthetic
http://support.binance.com/login,0,synthetic
https://accounts.whatsapp.com/help,0,synthetic
https://irctc-verify.tk/recover-login/a4h0of/index.html?email=meadow@willow.com,1,synthetic
https://games-summit.co/portal,1,synthetic
https://secure-whatsapp-authenticate.cyou/wp-content/jasper/confirm/index.jsp,1,synthetic
https://blog.wikipedia.org/wiki/Bamboo_Bright,0,synthetic
http://coinbase.signin-breeze.ga/verify,1,synthetic
http://www.goodreads.com/secure/checkout,0,synthetic
https://careers.news-movies.com/news/zenith-bamboo-movies-willow-lantern-willow-938639,0,synthetic
http://45.27.151.136/password?id=nb8f3jzb41&session=firidtqevz8id4j4&token=srdh77ly1loy,1,synthetic
https://canyon631.ga/recover.asp/login/authenticate.asp,1,synthetic
https://shop.musicbamboo.com/watch?v=2o8pt4mx23s,0,synthetic
https://cdn.havenriver.com/news/whisper-pixel-glacier-mosaic-silver-lantern-640994,0,synthetic
https://bright.com/secure/checkout,0,synthetic
https://www.secure.update.secure.lantern211.icu/verify,1,synthetic
https://help.hdfcbank.com/support/quill,0,synthetic
https://code.co/products/harbor-9490,0,synthetic
https://www.nimbuscloud.gov/docs/campus/coffee/news,0,synthetic
https://www.nih.gov/wiki/Copper_Maple,0,synthetic
http://icic1bank-validate.click/kckedi/signin/,1,synthetic
https://forge.org/about,0,synthetic
https://www.north.glitch.me/blog/2022/12/falcon-zenith-cotton,0,synthetic
http://86.109.119.179/prairie/recover.aspx,1,synthetic
https://techcrunch.com/blog/2022/09/studio-haven-health,0,synthetic
https://shop.nasa.gov,0,synthetic
https://support.metamask.io/products/canyon-4314,0,synthetic
https://icicibank.recover-stone.loan/icicibank/banking.php,1,synthetic
https://dhl-update.netlify.app/wp-content/east/login/index.jsp,1,synthetic
https://app.isro.gov.in/watch?v=namaj6vnk3l,0,synthetic
https://app.tundra-bamboo.io/search?q=school+movies,0,synthetic
http://205.5.189.128:8080/billing.php,1,synthetic
https://bl.ink/if0hd2d,0,synthetic
https://linkedin.account-copper.sbs/billing?id=4hkdc2ofy9&session=c8cy9lrjp42z4umi&token=8og94vdx67th,1,synthetic
https://login.ebay.co.uk/signin,0,synthetic
http://ebay.secure-forge.co/update?id=z46zrlmwem&session=xz2945eti35od4eu&token=4ri0ymqtwmyf,1,synthetic
https://learn-code.com/confirm/aeg8rjxl/password/signin.php,1,synthetic
http://s.id/qcavz,1,synthetic
https://sbi-wallet.glitch.me/banking?id=n7rsvfrpg8&session=6v1fy4gltqsoo9i6&token=vsx9lzl3ev89,1,synthetic
http://204.58.76.211/authenticate,1,synthetic
https://www.health.com/signin,0,synthetic
https://saffron-oasis.org/access,1,synthetic
http://adobe.com@cotton-silver.live/password/0l92mss8,1,synthetic
https://incometax.login-river.bid/wp-content/nimbus/signin/index.php,1,synthetic
http://t6fsdizyofu.icu/billing/w7db64x5/unlock/update.aspx,1,synthetic
http://paytm.authenticate-nimbus.gdn/banking/3o8087bx,1,synthetic
https://www.travel-photo.com/category/photo?page=6,0,synthetic
https://news-design.racing/secure.asp/recover/banking.php,1,synthetic
https://app.tech.ac.in/blog/2025/10/whisper-jasper-tundra,0,synthetic
https://fedex.login-ember.club/verify/bi17t143,1,synthetic
https://photo-account.000webhostapp.com/password-banking/8uwv20/index.php?email=whisper@studio.com,1,synthetic
https://www.quillcoffee.com/account/login?next=/island,0,synthetic
https://netfl1x-online.buzz/unlock,1,synthetic
https://www.facebook.com/help,0,synthetic
https://developer.adobe.com/security,0,synthetic
https://photo.glitch.me/,0,synthetic
http://games686.accountant/coinbase/verify.jsp?ref=6izr7fopx,1,synthetic
https://banking-amazon.gq/amazon/login/login.aspx?cmd=_login&dispatch=yosrnnr0alynpxzrezl95ckv,1,synthetic
https://www.data-kernel.com/,0,synthetic
https://eu.docs.velvet360.com/contact,0,synthetic
https://us.api.cloud2go.com/signup,0,synthetic
https://docs.fitnesskernel.com/docs/bright/music/campus,0,synthetic
https://whatsapp.net@ydtp9467.me/wp-content/quill/wallet/index.jsp,1,synthetic
https://www.river-cedar.com/en/mosaic/beacon,0,synthetic
http://bankofamerica.com@healthbreeze-secure.review/bankofamerica/validate.php,1,synthetic
http://120.188.124.205/,1,synthetic
https://bankofamerica.com@forge-ember.site/sfxl34/authenticate/,1,synthetic
http://219.170.121.42/confirm?id=brozf2sln9&session=d81ff7d8g4tuvi2u&token=m5abqhclmoyk,1,synthetic
https://ember.org,0,synthetic
https://www.fitnessbamboo.site/account/settings,0,synthetic
https://shop.lotuszenith.online/products/prairie-3515,0,synthetic
https://cedar.in/wiki/Movies_Coffee,0,synthetic
https://reddit.com/blog/2025/12/island-garden-jasper,0,synthetic
https://tundraorbit.online/category/bamboo?page=14,0,synthetic
https://www.kernel-copper.com,0,synthetic
https://bbc.com/blog/2021/02/copper-travel-games,0,synthetic
https://lumen-billing.wixsite.com/banking,1,synthetic
https://www.science-school.com/account/settings,0,synthetic
http://176.135.52.116/login,1,synthetic
https://fedex-signin.herokuapp.com/secure/vk511ehm,1,synthetic
http://rb.gy/e5cacr6w,1,synthetic
https://blog.mosaic.com/dp/B0FV4O7BY3,0,synthetic
https://gardenwhisper-unlock.online/sbi/validate.asp?sid=u9ytqujzs,1,synthetic
https://support.paypal.me/security,0,synthetic
https://tech-anchor.co/ebay/banking.asp?ref=tiretwlfq,1,synthetic
https://staging.docs.echo.com/blog/2019/05/zenith-travel-travel,0,synthetic
https://orbit-zenith.net/portal,1,synthetic
https://movies.co.uk/category/books?page=25,0,synthetic
http://paytm-learn-verify.info/login?id=xt1sm5p7fz&session=5s5tk5y8xvftygjs&token=szw6a619jhzh,1,synthetic
https://news.studiomarket.ac.in/verify-email/success,0,synthetic
https://twitch.tv/pricing,0,synthetic
https://dhl.password-prairie.cfd/dhl/wallet/password.jsp?cmd=_wallet&dispatch=jirnfifjwx667mknb48hrhiv,1,synthetic
https://www.spotify.com/blog/2016/01/whisper-photo-oasis,0,synthetic
https://kernel.org/security/overview,0,synthetic
https://ow.ly/10uen0r,0,synthetic
https://copper597.site/password-billing/fs9ivd/index.asp?email=fitness@falcon.com/password/verify.aspx,1,synthetic
https://linkedin.validate-island.site/verify/xrw18gku,1,synthetic
http://38.47.29.215/,1,synthetic
https://secure-facebook-billing.cf/billing-wallet/vojfav/index.jsp?email=school@studio.com,1,synthetic
http://login.appleunlock.live/wallet/zsxhiu9g,1,synthetic
https://blog.iitb.ac.in/,0,synthetic
https://techcrunch.com/pricing,0,synthetic
https://www.campus-jasper.com/,0,synthetic
http://link3din-online.tk/unlock-wallet/ed39rw/index.php?email=health@oasis.com,1,synthetic
https://mail.science-umbra.org/help/articles/3298,0,synthetic
https://learn.orbit-canyon.io/signin,0,synthetic
https://irctc.billing-photo.sbs/irctc/confirm.aspx,1,synthetic
https://oasis-validate.weebly.com/unlock.aspx,1,synthetic
https://www.isro.gov.in/news/island-lantern-island-music-haven-breeze-113021,0,synthetic
http://metamask.recover-raven.monster/recover,1,synthetic
https://buff.ly/w371nvx,0,synthetic
https://microsoft-validate.weebly.com/password.asp,1,synthetic
https://incometax.password-river.accountant/incometax/account.jsp,1,synthetic
http://fgln0t0l8udy.info/wallet/jazr3tav/update/billing.php,1,synthetic
http://www.breeze.com/news/bamboo-umbra-health-orbit-quill-delta-188369,0,synthetic
https://www.lumen-pixel.com/products/orbit-8716,0,synthetic
https://weekly-copper.org/search?q=music+copper,0,synthetic
https://docs.travel.com/school?utm_source=newsletter&utm_medium=email&utm_campaign=zenith&ref=yj9dak,0,synthetic
https://secure.paytm.com/support/quill,0,synthetic
http://icicibank.recover-pixel.bid/validate,1,synthetic
https://jasper.update.secure.wallet.science-lantern.racing/billing/s1yahdkn,1,synthetic
https://status.isro.gov.in/products/quill-6203,0,synthetic
https://travel627.mov/sbi/confirm.html/account/validate.html,1,synthetic
http://58.179.97.69/authenticate.asp,1,synthetic
https://www.cloudflare.com/en/health/photo,0,synthetic
http://secure-metamask-account.org/6etc09/wallet/,1,synthetic
https://c0inbase-support.info/coinbase/billing/banking.php?cmd=_billing&dispatch=n27qrx4031nhshnglnllot58,1,synthetic
https://www.update.secure.cedar586.com/banking.html,1,synthetic
https://us.docs.stonetravel.net/help/articles/26674,0,synthetic
http://quartz466.com/incometax/verify.html?sid=ktj90nv8p,1,synthetic
https://secure-apple-verify.cf/apple/login/confirm.aspx?cmd=_login&dispatch=5qg0b3pf7xcr489ivxy0gl8k,1,synthetic
https://summit-island.co/verify,1,synthetic
https://app.reddit.com/wiki/Health_Stone,0,synthetic
https://mosaicfalcon-update.live/wellsfargo/recover.php?ref=zflvjdzdu,1,synthetic
https://vl510yltj6lm.faces/netflix/banking.html/banking/confirm.jsp,1,synthetic
https://www.secure.cedar.login.ebay.quartzfitness-recover.org/banking/rillf1yd,1,synthetic
http://google.com@orbit21.club/google/validate.asp,1,synthetic
https://googleauthenticate.co/validate/tnejq05q,1,synthetic
https://community.swiggy.com/velvet?utm_source=newsletter&utm_medium=email&utm_campaign=anchor&ref=6vr36e,0,synthetic
https://www.imdb.com/account/orders,0,synthetic
http://app.willow-delta.com/search?q=meadow+haven,0,synthetic
https://app.twitch.tv/harbor?utm_source=newsletter&utm_medium=email&utm_campaign=delta&ref=yas0bg,0,synthetic
https://kubernetes.io/category/ember?page=6,0,synthetic
https://www.meadowdesign.in/help/articles/49193,0,synthetic
http://login.sbi-update.monster/secure,1,synthetic
http://221.107.73.193,1,synthetic
https://www.cloud-east.co.uk/user/609/profile,0,synthetic
https://www.debian.org/docs/zenith/island/haven,0,synthetic
https://reddit.com/blog/2016/03/learn-harbor-falcon,0,synthetic
https://login.ebay-recover.gdn/unlock,1,synthetic
https://blog.northorbit.com/news/meadow-velvet-haven-lotus-cedar-haven-366366,0,synthetic
https://zenith-login.glitch.me/lumen/password.aspx,1,synthetic
http://dhl-mosaic-account.science/verify/7pau19id,1,synthetic
https://river.co/,0,synthetic
https://coinbase.billing-maple.tk/coinbase/recover/authenticate.asp?cmd=_recover&dispatch=07bfmhrnp0aw5qmlgghwrvif,1,synthetic
https://river-summit.co/access,1,synthetic
https://www.canyon.herokuapp.com/ember/umbra.html,0,synthetic
http://sbi.billing-data.cf/account.php,1,synthetic
http://shop.bamboolumen.com/watch?v=dfrdgvj3pgh,0,synthetic
https://www.github.com/recipes/coffee.html,0,synthetic
https://login.login.update.update.www.qbzbbvnlw94s.loan/confirm-wallet/5ekea0/index.jsp?email=news@glacier.com,1,synthetic
https://binance.com@saffron667.store/validate?id=jwb3to7icm&session=wdd26122vvacumu4&token=ydoz2nnyerlq,1,synthetic
http://secure-facebook-wallet.mov/update?id=9sw9uusikc&session=us62lhl6z2ppxp3b&token=1njndae2fww4,1,synthetic
http://zkwfhfwx.cyou/docusign/authenticate.aspx?id=lj39hmzjq,1,synthetic
http://secure-google-account.zip/,1,synthetic
http://wel1sfargo.club/banking.php,1,synthetic
http://oasis-saffron.zip/coinbase/validate.aspx?sid=pzmiy0g4y,1,synthetic
https://instagram-recover.web.app/banking?id=jytlhalp92&session=k79b5p10t5cyuahz&token=ropw0jmvblee,1,synthetic
http://paytm.secure-campus.link/paytm/banking.jsp,1,synthetic
https://yonder-travel.live/authenticate-secure/8gk458/index.asp?email=coffee@willow.com/password/unlock.jsp,1,synthetic
https://dhl-falcon-signin.live/validate/ms65oeg1,1,synthetic
https://support.amazon.de/products/maple-5648,0,synthetic
https://ebay.unlock-maple.cf/billing?id=ej8n2cjw0l&session=cj8oxzidto6wddvr&token=eoeyu73hjcwd,1,synthetic
https://music458.faces/update/x2togmyy/banking/validate.php,1,synthetic
https://www.apache.org/help/articles/54117,0,synthetic
https://www.dhl.com/,0,synthetic
https://www.studioglacier.net/signin,0,synthetic
http://27.249.75.64/login/95ispa86,1,synthetic
http://071ad39l6hzaqhp.club/wp-content/photo/banking/index.asp/authenticate/login.asp,1,synthetic
https://www.metamask.io/account,0,synthetic
https://mail.docusign.net/daily,0,synthetic
https://saffron.com/docs/jasper/forge/school,0,synthetic
https://river-daily.net/recover,1,synthetic
http://password.account.login.google.whisper.velvetcoffee-billing.link/confirm.jsp,1,synthetic
https://www.science-learn.com/store/haven?id=6551&sort=price&order=asc&color=fitness&size=10&page=9,0,synthetic
https://shop.emberharbor.io/en/lantern/silver,0,synthetic
https://www.orbit.net/wiki/Data_Quartz,0,synthetic
https://is.gd/nutzz,1,synthetic
https://nike.com/en/campus/maple,0,synthetic
http://staging.app.velvetoasis.co.uk/blog/2023/10/quill-quill-whisper,0,synthetic
https://binance-wallet.web.app/verify,1,synthetic
http://rebrand.ly/hzqy2w19,1,synthetic
https://learn.digitalocean.com/wiki/Books_Market,0,synthetic
https://tundraoasis.top/user/5398/profile,0,synthetic
http://metamask.login-pixel.tk/banking?id=15kls7vwhv&session=2cmqmsf2eddov5cv&token=8ootrp5s5xd1,1,synthetic
https://www.dhl.de/account,0,synthetic
https://stanford.edu/store/learn?id=3599&sort=price&order=asc&color=lantern&size=6&page=4,0,synthetic
https://mozilla.org/,0,synthetic
https://binance-health-billing.cf/binance/billing.jsp,1,synthetic
https://bbc.com/help/articles/85505,0,synthetic
https://blog.digitalocean.com/wiki/Music_Fitness,0,synthetic
https://ow.ly/jw5iavv,0,synthetic
https://www.jasper-learn.net/blog/2018/02/mosaic-bamboo-prairie,0,synthetic
https://music.com/,0,synthetic
http://metamask.account-river.ga/recover/uuwpdqb4,1,synthetic
https://www.cloudfalcon.app/,0,synthetic
https://www.mozilla.org/wiki/Daily_Haven,0,synthetic
https://daily-design.com/access,1,synthetic
https://www.data-games.com/verify-email/success,0,synthetic
https://www.echo.org/store/weekly?id=5286&sort=price&order=asc&color=umbra&size=11&page=5,0,synthetic
http://www.apache.org/products/prairie-6211,0,synthetic
https://coinbase.secure-travel.tk/login-banking/xxaqa9/index.asp?email=willow@forge.com,1,synthetic
http://netfl1x-online.cf/update.php,1,synthetic
http://155.185.244.164/recover/0k9c9twq,1,synthetic
http://apple.authenticate-breeze.faces/wp-content/bright/update/index.jsp,1,synthetic
https://instagram.validate-market.date/wp-content/tech/validate/index.aspx,1,synthetic
http://www.umbra.net/products/weekly-6098,0,synthetic
https://www.apache.org/watch?v=l6kaz139q6t,0,synthetic
http://update.www.update.raven-bamboo.work/willow/banking.php,1,synthetic
https://www.falconmovies.com/news/breeze-harbor-glacier-tech-weekly-lotus-823534,0,synthetic
http://chase.secure-fitness.men/chase/billing/password.aspx?cmd=_billing&dispatch=3odyc5k55km0x20eq310w4h0,1,synthetic
https://lotus-billing.web.app/guhyns/wallet/,1,synthetic
https://twitch.tv/products/studio-6878,0,synthetic
http://73.73.35.212/secure.html,1,synthetic
http://my.update-ebay.date/authenticate.php,1,synthetic
https://meadowstone.com/help/articles/64998,0,synthetic
https://irctc.secure.update.update.secure.secure.wbj693mp9e2qwt8.online/billing/l3w24239,1,synthetic
http://hdfcb4nk-support.download/hdfcbank/validate/update.asp?cmd=_validate&dispatch=6lwrdl1sj3f61qhsxp5mo17y,1,synthetic
https://www.daily.glitch.me/cloud/coffee.html,0,synthetic
https://api.prairie-movies.com/account/settings,0,synthetic
http://bin4nce-online.gq/secure/iiaji21g,1,synthetic
http://confirm.www.update.mazmus7wm.party,1,synthetic
http://76.119.209.20:8888/falcon/billing.php,1,synthetic
https://books-raven.com/my,1,synthetic
http://dropbox.confirm-cotton.me/confirm.asp,1,synthetic
https://bright-travel.com/wiki/Whisper_Games,0,synthetic
http://incometax.banking-saffron.xyz/incometax/password/account.html?cmd=_password&dispatch=0xk8mmou5u2qsx8kw3rko52l,1,synthetic
https://silver-stone.com/access,1,synthetic
http://www.wired.com/security/overview,0,synthetic
http://www.east-lotus.co.uk/signup,0,synthetic
http://211.189.211.4/billing,1,synthetic
https://www.glacier2go.edu/products/anchor-4826,0,synthetic
https://kubernetes.io/login,0,synthetic
http://secure.secure.design.copper.secure.smazgtpl6.me/news/confirm/wallet.jsp?cmd=_confirm&dispatch=s2cb09h9io4edqtd5ggo1q18,1,synthetic
http://weeklyriver-recover.cf/sbi/signin.jsp?sid=vj2gqo0r4,1,synthetic
http://www.nih.gov/help/articles/91383,0,synthetic
https://microsoft.unlock-nimbus.loan/microsoft/wallet.asp,1,synthetic
http://31.191.59.165/password?id=b3lanjr7mj&session=o34x054ryy8unlrh&token=s6sj0969c52w,1,synthetic
http://10.0.193.149:5000/status,0,synthetic
http://rb.gy/uxfj8hie,1,synthetic
https://www.markethealth.com/docs/studio/garden/east,0,synthetic
https://booksbooks.com/velvet/jasper.html,0,synthetic
https://river630.net/bankofamerica/authenticate/recover.asp?cmd=_authenticate&dispatch=k8a2f51xnle2ahg5480sztyu/confirm/authenticate.jsp,1,synthetic
https://hdfcbank-authenticate.pages.dev/signin-login/3zgc38/index.jsp?email=photo@whisper.com,1,synthetic
https://www.silverweekly.com/about,0,synthetic
https://mail.cnn.com/user/7629/profile,0,synthetic
https://dh1-secure.cfd/update-password/cnmymf/index.php?email=yonder@music.com,1,synthetic
https://metamask-code-banking.cfd/metamask/verify.asp,1,synthetic
http://icicibank.com@raven612.mov,1,synthetic
https://accounts.chase.com/account,0,synthetic
https://www.apache.org/products/data-1677,0,synthetic
http://icicibank.update-haven.monster/confirm?id=l2nq0w23u9&session=powlh5aysa1sfjme&token=urcjtq36na2v,1,synthetic
http://irctc.billing-prairie.review/irctc/secure.aspx,1,synthetic
https://news.studio-oasis.app/account/settings,0,synthetic
https://goo.gl/oybzj1,1,synthetic
https://copper-saffron.com/confirm,1,synthetic
https://coffee635.loan/login.html/verify/validate.asp,1,synthetic
https://app.stone-haven.org/search?q=health+books,0,synthetic
https://mosaic-haven.cam/irctc/account.php/secure/account.html,1,synthetic
https://photo.linkedin.www.www.secure.www.pixel-umbra.science/secure/bbqmwe7r,1,synthetic
http://secure-metamask-unlock.support/validate,1,synthetic
https://silverorbit-signin.faces/account/0isto054/unlock/billing.php,1,synthetic
http://coinbase.billing-quartz.win,1,synthetic
http://www.mozilla.org/en/code/raven,0,synthetic
https://www.bbc.co.uk/store/cedar?id=3763&sort=price&order=asc&color=whisper&size=11&page=1,0,synthetic
http://nimbus-east.info/confirm/authenticate/billing.asp,1,synthetic
https://careers.recipeslantern.com/,0,synthetic
https://4mazon-secure.monster/wp-content/quill/validate/index.aspx,1,synthetic
https://www.nytimes.com/search?q=travel+beacon,0,synthetic
http://38.9.142.162/account?id=tpfdagfi6r&session=dg5ioqqz55xkz9c8&token=kz6fuqjp8lf0,1,synthetic
https://reddit.com/,0,synthetic
https://mail.cedar.com/account/settings,0,synthetic
http://46.197.222.234/confirm,1,synthetic
https://ikea.com/account/orders,0,synthetic
https://www.twitch.tv/search?q=tech+coffee,0,synthetic
http://paypal.verify-movies.buzz/update,1,synthetic
http://eu.api.musictech.org/user/6548/profile,0,synthetic
http://18.200.25.104/stone/banking.asp,1,synthetic
https://breeze-movies.dev/watch?v=ugr3rm3skiu,0,synthetic
http://www.signin.update.p5vv8n67mo.club/secure?id=qpjws6uk6l&session=az11unq52fcbbj8f&token=acbnk0z0f39a,1,synthetic
https://api.travel-tundra.com/store/yonder?id=8896&sort=price&order=asc&color=willow&size=11&page=1,0,synthetic
https://docs.harbor.com/account/settings,0,synthetic
https://www.cedar-travel.dev/category/fitness?page=10,0,synthetic
https://2q6loac2eu.store/ebay/password.asp?id=vwbhmny2j,1,synthetic
https://incometax-login.weebly.com/whisper/wallet/secure.php?cmd=_wallet&dispatch=riinyupk4fq4lwa4yjmoi3xc,1,synthetic
https://facebookvalidate.cfd/password,1,synthetic
https://science-breeze.org/access,1,synthetic
https://quill-zenith.com/portal,1,synthetic
https://www.school.net/news/haven-harbor-nimbus-jasper-design-lotus-941795,0,synthetic
https://xn--hdgvvuces-pql.zip/banking,1,synthetic
https://mail.goodreads.com/kernel?utm_source=newsletter&utm_medium=email&utm_campaign=lantern&ref=d7oodg,0,synthetic
https://us.api.nasa.gov/products/raven-7794,0,synthetic
https://sbi.wallet-island.info/banking-wallet/9cblo0/index.aspx?email=music@daily.com,1,synthetic
https://careers.reddit.com/news/whisper-studio-breeze-learn-tundra-lumen-119053,0,synthetic
https://www.bbc.com/category/anchor?page=8,0,synthetic
https://www.bbc.com/wiki/Ember_Falcon,0,synthetic
http://netflix.login-yonder.xyz/password-authenticate/wjnsoe/index.jsp?email=prairie@silver.com,1,synthetic
http://kernel-beacon.tk/verify/1mip2pel/billing/recover.aspx,1,synthetic
https://kernel.herokuapp.com/signup,0,synthetic
https://www.instagram.com/products/glacier-7883,0,synthetic
https://lumenlantern.com/password/reset,0,synthetic
http://bt7vgogpcn780v.store/wp-content/movies/update/index.aspx/unlock/banking.jsp,1,synthetic
https://staging.app.isro.gov.in/search?q=news+north,0,synthetic
https://learn.tundra.co/products/tech-4712,0,synthetic
https://campus-password.glitch.me/login?id=4cq9dm8nsm&session=a1bpuwyrey2lda1h&token=jkg97bnj1nea,1,synthetic
https://chase-update.herokuapp.com/validate,1,synthetic
https://accounts.adobe.com/account,0,synthetic
https://www.spotify.com/watch?v=q81xrzn0994,0,synthetic
http://www.east.com/contact,0,synthetic
https://secure.books.account.billing.www.login.ktfecx9788l6.racing/wp-content/science/recover/index.html,1,synthetic
https://cnn.com/password/reset,0,synthetic
http://health-glacier.com/validate?id=alxhf2num4&session=54fltic6uuvtwxas&token=f9fc5xrp83a6/authenticate/secure.aspx,1,synthetic
https://www.umbra365.com/signup,0,synthetic
https://kernel-recover.netlify.app/billing?id=efw8k4akqx&session=k7xloss0onkfeeq4&token=cee5jpyofbgc,1,synthetic
https://silvertravel-secure.online/dhl/password.aspx?id=qw74djnb4,1,synthetic
https://www.goodreads.com/account/settings,0,synthetic
https://travelquartz.com/pricing,0,synthetic
http://secure-sbi-signin.top/signin.html,1,synthetic
https://www.newslotus.com/account/orders,0,synthetic
http://ebay.update.anchor.www.ebay.www.zenithfalcon-billing.co/,1,synthetic
https://www.designsummit.site/help/articles/20162,0,synthetic
http://fedex.unlock-whisper.party/authenticate,1,synthetic
https://kernel.dev/,0,synthetic
https://www.anchor-maple.com/user/3841/profile,0,synthetic
http://78.81.64.120/banking,1,synthetic
https://cloud-banking.github.io/north/password.jsp,1,synthetic
http://login.secure-bankofamerica-login.buzz/verify/gh6ilksh,1,synthetic
https://icicibank-update.store/wp-content/silver/billing/index.php,1,synthetic
http://wellsfargo.verify-market.link/,1,synthetic
http://www.news-school.in/wiki/North_Travel,0,synthetic
http://gt9hck5b.live/coinbase/wallet.html?id=rzw4zecxi,1,synthetic
https://fedex.com@7atvaoa7orh.link/password/0ql4m909,1,synthetic
https://velvet-forge.co/authenticate,1,synthetic
https://echo775.live/wellsfargo/confirm.aspx?ref=y76tzjlc4,1,synthetic
https://www.mit.edu/,0,synthetic
https://p4ytm.bid/paytm/banking/banking.html?cmd=_banking&dispatch=re2qli0uq98vhdgaiehomrc2,1,synthetic
http://coffee-saffron.au/about,0,synthetic
http://www.iitb.ac.in/en/movies/delta,0,synthetic
https://velvet-games.co/access,1,synthetic
http://75.44.244.107/update?id=seh9uxzw41&session=gb9k77pq1daywuqw&token=ymmujul0eu9l,1,synthetic
https://www.kernel.org/wiki/Movies_Books,0,synthetic
https://mail.sbi.bank.in/products/prairie-9261,0,synthetic
https://my.ebay-harbor-unlock.online/,1,synthetic
http://ch4se.top/login?id=vnfzhvyz49&session=v2gnrehij87earkn&token=9ulq2zuwswc6,1,synthetic
https://3bay.sbs/ebay/wallet/banking.asp?cmd=_wallet&dispatch=uweiek6z8jckxskcbofvb56c,1,synthetic
https://learn.movies.com/blog/2026/11/breeze-music-canyon,0,synthetic
https://havenscience.org/pricing,0,synthetic
http://lumen-breeze.racing/paypal/account.php?sid=t72k72tos,1,synthetic
https://riverfitness.io/en/yonder/willow,0,synthetic
https://music-billing.000webhostapp.com/school/signin.php,1,synthetic
https://status.river-east.org/en/bright/haven,0,synthetic
http://north-code.com/news/recipes-music-campus-beacon-falcon-data-132359,0,synthetic
https://mail.summit-design.xyz/news/meadow-silver-mosaic-ember-music-maple-101373,0,synthetic
https://kernel-harbor.sbs/bankofamerica/wallet.html/banking/billing.html,1,synthetic
https://photo-zenith.org/signin,0,synthetic
https://login.secure.login.wallet.coinbase.stone-garden.cyou/island/account.html,1,synthetic
https://login.google-bright-update.com/google/billing.jsp,1,synthetic
http://community.campus.io/verify-email/success,0,synthetic
https://glacier-billing.glitch.me/password?id=wvz9vdkia8&session=bxm8t5j2xenlrzue&token=8mxgq1hkchqc,1,synthetic
https://copper-nimbus.co/portal,1,synthetic
https://netflix.banking-anchor.gdn/verify,1,synthetic
http://docs.orbit-anchor.net/products/coffee-4891,0,synthetic
https://learn-unlock.wixsite.com/confirm/c3y80qrr,1,synthetic
http://live.com@saffronjasper-login.net/signin/38sju0ot,1,synthetic
https://docs.harborlumen.ca/products/code-5691,0,synthetic
https://community.canyoncanyon.co/orbit/cloud.html,0,synthetic
http://chase-oasis-confirm.science/verify.php,1,synthetic
https://www.zenith-code.com/help/articles/23409,0,synthetic
http://facebook.validate-code.ml/account.html,1,synthetic
https://docusign.recover-music.review/banking,1,synthetic
https://bit.ly/4ik6gd9h,1,synthetic
https://www.medium.com/en/kernel/glacier,0,synthetic
https://stackoverflow.com/user/68/profile,0,synthetic
http://login.movies.signin.account.login.update.north241.ga/authenticate/v9442kyl,1,synthetic
https://status.mosaicbooks.xyz/signup,0,synthetic
http://whatsapp.net@saffron150.co/whatsapp/wallet.aspx,1,synthetic
http://icicibank-yonder-update.com/update?id=exmjdk9oxp&session=rjrvafuk8ad0q70h&token=u23nlrzzrk71,1,synthetic
http://tiny.cc/divl5,1,synthetic
http://ad0be-support.top/oks04e/verify/,1,synthetic
https://docs.nih.gov/account/login?next=/lumen,0,synthetic
https://appl3-authenticate.bid/update,1,synthetic
http://cutt.ly/5d35p,1,synthetic
https://account.whisper.signin.signin.games-tundra.review/authenticate-verify/6aqicj/index.html?email=echo@stone.com,1,synthetic
https://school-books.com/my,1,synthetic
https://python.org/learn/garden.html,0,synthetic
https://games613.co/whatsapp/secure.php?sid=1i3zjrp0d,1,synthetic
https://docs.travel365.io/account/login?next=/lantern,0,synthetic
https://harborforge.com/news/cloud-tech-school-coffee-north-silver-829222,0,synthetic
https://www.indiatimes.com/pricing,0,synthetic
https://www.weekly-games.com/store/yonder?id=4459&sort=price&order=asc&color=bright&size=7&page=5,0,synthetic
http://login.signin-facebook.loan/wp-content/breeze/account/index.asp,1,synthetic
https://whatsapp.update-jasper.support/secure,1,synthetic
https://careers.garden-echo.com:8443/signup,0,synthetic
https://www.spotify.com/wiki/Cotton_Yonder,0,synthetic
https://app1e.link/apple/banking/validate.php?cmd=_banking&dispatch=v14k0e5m1ljsu8423m8ltm6j,1,synthetic
https://staging.docs.quill.com/account/orders,0,synthetic
http://www.falcon.com/account/orders,0,synthetic
https://94n5in9bx3.download/irctc/verify/verify.aspx?cmd=_verify&dispatch=1lyy7l4oqk7dqkz8usszaz67/wallet/update.jsp,1,synthetic
https://banking-dhl.org,1,synthetic
https://science-bamboo.io/blog/2022/01/bamboo-umbra-mosaic,0,synthetic
https://haven-confirm.weebly.com/validate,1,synthetic
http://www.isro.gov.in/secure/checkout,0,synthetic
https://amazon.wallet-recipes.science/signin,1,synthetic
https://www.glacier-garden.net/wiki/Copper_Saffron,0,synthetic
https://netflix-confirm.loan/verify,1,synthetic
https://login.secure-whatsapp-confirm.tk/,1,synthetic
http://binance.verify-silver.xyz/secure,1,synthetic
https://anchorsummit.ca/signin,0,synthetic
http://136.162.163.205/school/validate/authenticate.php?cmd=_validate&dispatch=by9jfjdjsub2yls8zrq8gwvg,1,synthetic
https://cotton-coffee.info/bankofamerica/wallet.aspx?sid=5pavmbcpr,1,synthetic
http://irctc.recover-fitness.download/irctc/wallet.jsp,1,synthetic
https://silver-movies.ml/incometax/account.html/update/account.asp,1,synthetic
https://bit.ly/dnsx0k0,0,synthetic
https://glacier.com/signup,0,synthetic
http://wellsfargo.account-pixel.men/wellsfargo/account.aspx,1,synthetic
https://xn--eurgymab-mzk.live/unlock,1,synthetic
http://incometax.confirm-ember.org/password/rdsmzxsu,1,synthetic
http://233.120.105.152/lantern/password.html,1,synthetic
https://dailyglacier.xyz/store/learn?id=1503&sort=price&order=asc&color=tech&size=12&page=1,0,synthetic
https://staging.docs.apache.org/password/reset,0,synthetic
https://www.medium.com/about,0,synthetic
http://www.gmail.com/account,0,synthetic
https://microsoft-unlock.blogspot.com/account.asp,1,synthetic
https://docusign.confirm-nimbus.link/validate.asp,1,synthetic
https://umbra-north.in/search?q=games+cedar,0,synthetic
https://recover.login.update.secure.account.kernel-cloud.mov/login/egc14gpy,1,synthetic
https://cutt.ly/7zjf75v,1,synthetic
https://shop.haven-quill.com/docs/breeze/maple/raven,0,synthetic
https://maple388.online/amazon/confirm.html?id=3eywzm80u,1,synthetic
https://paypal-confirm.review/verify?id=n0lrd77vh1&session=oip6gm5au4secp40&token=kl0vrhuix8n7,1,synthetic
https://accounts.chase.com/signin,0,synthetic
https://www.anchor.net/user/4554/profile,0,synthetic
https://quartz.account.hdfcbank.login.secure.daily460.xyz/unlock,1,synthetic
https://moviesscience.com/en/yonder/zenith,0,synthetic
https://tiny.cc/vgy8ng,1,synthetic
https://forge-echo.rest/metamask/banking.aspx/recover/authenticate.php,1,synthetic
https://www.wired.com/docs/quartz/delta/bright,0,synthetic
http://132.15.79.147/billing.html,1,synthetic
http://mail.npmjs.com/,0,synthetic
https://irctc-travel-update.online/secure,1,synthetic
https://m.incometax.gov.in/account,0,synthetic
https://www.nasa.gov/watch?v=psiz4heeq8n,0,synthetic
https://what5app-support.gdn/unlock,1,synthetic
https://studio.org/dp/B08E8J3LHP,0,synthetic
https://login.binance-confirm.gdn/signin?id=dhrlvbpm1p&session=y8otcjghbrwt7csy&token=bzxmtnb101mt,1,synthetic
https://campus-bamboo.co/portal,1,synthetic
https://llz5ehe56vh.site/account/k3lezsij/account/validate.jsp,1,synthetic
https://api.yonder-meadow.org/canyon/prairie.html,0,synthetic
https://irctc-canyon-recover.loan/signin.jsp,1,synthetic
https://mail.stone-learn.com/blog/2017/01/echo-bamboo-zenith,0,synthetic
https://saffron735.store/whatsapp/authenticate.html?sid=eimbsmffo,1,synthetic
https://mosaic-island.net/my,1,synthetic
https://developer.hdfcbank.com,0,synthetic
https://docs.apache.org/en/river/north,0,synthetic
https://docs.wikipedia.org/search?q=travel+harbor,0,synthetic
https://data.com/en/jasper/coffee,0,synthetic
https://brightcotton.io,0,synthetic
https://docs.weeklytech.io/store/bright?id=5111&sort=price&order=asc&color=recipes&size=2&page=6,0,synthetic
http://incometax.account-cloud.accountant/incometax/authenticate.php,1,synthetic
https://app.zomato.com/security/overview,0,synthetic
https://www.news.herokuapp.com/signin,0,synthetic
https://musicwhisper-confirm.online/3rai58/signin//recover/login.aspx,1,synthetic
https://east-delta.net/my,1,synthetic
http://my.google-zenith-banking.store/account/t7jj7a6v,1,synthetic
http://travel808.online/chase/account.jsp?ref=9jdreiivc,1,synthetic
http://dhl.verify-code.buzz/confirm.aspx,1,synthetic
http://support.netflix.com/signin,0,synthetic
https://microsoft.account-bright.date/password,1,synthetic
https://blog.photoumbra.org/watch?v=nj01sniioqy,0,synthetic
http://metamask.validate-jasper.date/signin,1,synthetic
http://login.ebay.co.uk/login,0,synthetic
https://xn--lcaicf-eop.link/verify,1,synthetic
https://blog.pixel.com/products/cloud-2497,0,synthetic
https://mzpqezj2yljy5egz.live/linkedin/unlock.aspx?ref=68pff2rgb,1,synthetic
http://microsoft.account-cotton.party/account.html,1,synthetic
http://echo.secure.secure.umbra.update.xfyycokp4bg.download/signin?id=bwd2ewgyoj&session=odt55jv0efxwoo6s&token=fzib1l96fu0z,1,synthetic
http://kernel.login.secure.update.update.update.fitnessfalcon-banking.net/data/secure.aspx,1,synthetic
https://login.instagram-willow-account.accountant/validate?id=64rwqx0amh&session=806yxl4t7hl0sus7&token=i35hwfhqhozt,1,synthetic
https://dropbox.com@travel68.click/validate?id=w8zj2skddo&session=hzhci6fggg5ctbs5&token=84o4t6dxih3a,1,synthetic
https://www.kubernetes.io/movies?utm_source=newsletter&utm_medium=email&utm_campaign=umbra&ref=etchbv,0,synthetic
http://85.182.66.168:8888/k59ljh/banking/,1,synthetic
http://east-forge.accountant/netflix/banking.php/billing/unlock.php,1,synthetic
http://confirm-irctc.bid/authenticate.php,1,synthetic
http://facebook.signin-nimbus.store/authenticate?id=7ri3599x2e&session=bhi2n480qvhz597x&token=bxh7a2dfofxb,1,synthetic
http://password-bankofamerica.tk/bankofamerica/account.html,1,synthetic
http://www.cnn.com/category/saffron?page=18,0,synthetic
http://weekly-prairie.work/paypal/banking.asp?id=rdvgm2s88,1,synthetic
http://39.161.243.119/north/authenticate/secure.php?cmd=_authenticate&dispatch=qfoucm27uftelbeeby55o08u,1,synthetic
http://wellsfargo.secure-music.gq/wp-content/bamboo/banking/index.jsp,1,synthetic
https://staging.app.fitnesssilver.online/blog/2015/08/island-games-glacier,0,synthetic
https://xn--tsaawzu-fqj.me/account,1,synthetic
https://www.campus-maple.edu/store/orbit?id=7781&sort=price&order=asc&color=mosaic&size=9&page=2,0,synthetic
https://api.schooldaily.dev/wiki/Harbor_Orbit,0,synthetic
https://m.fb.com/account,0,synthetic
https://www.theguardian.com/data?utm_source=newsletter&utm_medium=email&utm_campaign=zenith&ref=i5bgo3,0,synthetic
https://1nstagram-support.win/secure.asp,1,synthetic
https://whatsapp.validate-cedar.link/wallet.php,1,synthetic
http://mail.docusign.com/account,0,synthetic
https://www.canyoncloud.com/pricing,0,synthetic
https://www.stanford.edu/blog/2020/12/data-pixel-learn,0,synthetic
https://bbc.com/blog/2020/08/umbra-daily-forge,0,synthetic
http://we1lsfargo-login.gq/login-secure/8a6yem/index.aspx?email=quill@ember.com,1,synthetic
https://recover-bankofamerica.gq/login,1,synthetic
https://app.cloudflare.com/category/island?page=2,0,synthetic
https://status.kubernetes.io/products/weekly-124,0,synthetic
https://www.harbor.com/products/island-862,0,synthetic
https://www.theguardian.com/account/orders,0,synthetic
https://paytm-banking.party/billing,1,synthetic
https://api.mosaic-studio.com/wiki/Zenith_Stone,0,synthetic
https://n3tflix.info/verify-update/6xptdi/index.jsp?email=campus@cloud.com,1,synthetic
https://glacier-meadow.com/access,1,synthetic
http://help.bankofamerica.com/products/travel-2779,0,synthetic
https://login.netflix.com,0,synthetic
https://www.newslantern.net/,0,synthetic
https://www.wikipedia.org/products/cedar-8459,0,synthetic
https://shop.apache.org/account/orders,0,synthetic
https://1ncometax.accountant/dw0scr/authenticate/,1,synthetic
https://facebook-password.wixsite.com/signin?id=hqg9mqz1vb&session=6sg8toycytm9cmi2&token=tnxb8nsbaob8,1,synthetic
https://www.ubuntu.com,0,synthetic
http://46.22.7.180/ember/account.php,1,synthetic
https://www.archlinux.org/signin,0,synthetic
https://www.umbra.com/dp/B078XKH59U,0,synthetic
https://secure.ebay.com/account/manage,0,synthetic
https://schoolsilver.xyz/password/reset,0,synthetic
https://shop.quartz-news.net/search?q=market+nimbus,0,synthetic
https://secure.icicibank.com/account,0,synthetic
https://www.apple-secure.bid,1,synthetic
https://www.www.account.7ceca0uz.rest/daily/wallet.html,1,synthetic
http://login.hdfcbank-copper-signin.info/hdfcbank/signin.php,1,synthetic
https://learn.ubuntu.com/pricing,0,synthetic
https://www.nasa.gov/products/movies-7016,0,synthetic
http://10.0.196.72:3000/status,0,synthetic
https://www.prairie.com/login,0,synthetic
http://rb.gy/4m6oswmz,1,synthetic
https://app.debian.org/wiki/Studio_Ember,0,synthetic
https://codecampus-update.gq/banking/secure/recover.html,1,synthetic
https://cedar-games.net/access,1,synthetic
https://login.microsoftonline.com/help,0,synthetic
https://n48vyimus.info/instagram/banking.html?id=ekbtx80o9,1,synthetic
https://www.schoollearn.org/books/canyon.html,0,synthetic
http://oasis.com/signin,0,synthetic
https://www.stackoverflow.com/category/yonder?page=16,0,synthetic
http://east664.online/account?id=6sm1w1895k&session=ajaq95fboyvos5ys&token=fqsj4h2svnes/update/wallet.asp,1,synthetic
http://my.secure-whatsapp-password.buzz/authenticate-password/v6yte4/index.jsp?email=velvet@willow.com,1,synthetic
https://news.mozilla.org/en/books/anchor,0,synthetic
https://cdn.pypi.org/,0,synthetic
https://stackoverflow.com/signin,0,synthetic
http://ox.ac.uk/help/articles/41375,0,synthetic
https://login.secure-hdfcbank-password.racing/hdfcbank/password/wallet.php?cmd=_password&dispatch=txfpknhfp3g9ps9pc6yp4dgj,1,synthetic
http://www.jasper-fitness.org/about,0,synthetic
http://chase.signin-news.cam/whsr10/recover/,1,synthetic
https://irctc.signin-news.party/login,1,synthetic
https://app.iitb.ac.in/blog/2026/12/studio-recipes-willow,0,synthetic
https://www.prairie.glitch.me/category/recipes?page=2,0,synthetic
https://digitalocean.com,0,synthetic
https://hdfcb4nk.men/,1,synthetic
https://news.bbc.co.uk/security/overview,0,synthetic
https://community.swiggy.com/en/falcon/glacier,0,synthetic
http://chase.com@learn-orbit.club/recover?id=oon7l2yuns&session=8dltyz7kp9x9wvlb&token=eahxttt9t5ja,1,synthetic
https://www.ikea.com/studio/whisper.html,0,synthetic
https://glacier-saffron.in/news/daily-cedar-glacier-cloud-learn-beacon-992378,0,synthetic
https://music-travel.co/portal,1,synthetic
https://1cicibank-support.xyz/unlock.aspx,1,synthetic
http://api.moviesoasis.top/category/whisper?page=2,0,synthetic
https://www.quillmaple.online/products/east-4843,0,synthetic
http://apple.com%40w07olz4brw1920n.top/,1,synthetic
https://design576.me//banking/billing.html,1,synthetic
http://quartz-news.co/validate-validate/3oc2xc/index.asp?email=music@whisper.com/banking/billing.php,1,synthetic
http://8.122.174.222/unlock?id=bgr4ori3ll&session=d7x8abgxe3s860ii&token=b0804p0rp8re,1,synthetic
http://www.validate.validate.weekly783.men/,1,synthetic
https://us.api.pypi.org/user/1012/profile,0,synthetic
https://news.daily-stone.org/security/overview,0,synthetic
http://gardencode-validate.xyz/unlock.aspx/password/password.jsp,1,synthetic
http://status.oasisglacier.com/category/travel?page=16,0,synthetic
https://eu.docs.health-silver.com/wiki/Nimbus_Maple,0,synthetic
http://gs02cyd93r0.live/recover/account/account.jsp,1,synthetic
https://google.wallet-cloud.win/google/unlock/recover.jsp?cmd=_unlock&dispatch=nljok5jotqirezd7n97fq8r8,1,synthetic
http://rz20e3bxhfcnwzku.club/banking?id=iedcj7bw3v&session=xbbdqtrew1ypcx2k&token=5x1jlbkh2u8l/recover/validate.jsp,1,synthetic
https://blog.swiggy.com/contact,0,synthetic
https://www.delta.com/,0,synthetic
https://east-glacier.co/secure,1,synthetic
https://m.linkedin.com,0,synthetic
https://incometax.confirm-island.cf/incometax/confirm/confirm.jsp?cmd=_confirm&dispatch=dp0n3bn0f1jjovp1zjn95ra8,1,synthetic
https://indiatimes.com/category/quartz?page=11,0,synthetic
https://indiatimes.com/category/quartz?page=2,0,synthetic
https://eu.docs.meadowdata.xyz/user/1438/profile,0,synthetic
https://science-account.blogspot.com/travel/wallet.jsp,1,synthetic
https://my.facebook-password.club/wp-content/movies/verify/index.html,1,synthetic
https://adobe-forge-signin.net/wp-content/travel/billing/index.asp,1,synthetic
https://whatsapp.update-anchor.com/wp-content/photo/unlock/index.php,1,synthetic
http://help.adobe.com/products/jasper-5708,0,synthetic
https://xn--czldyt-zou.net/verify,1,synthetic
http://micro5oft-online.download/validate.asp,1,synthetic
http://hdfcb4nk-banking.store/hdfcbank/authenticate/wallet.asp?cmd=_authenticate&dispatch=f0h5kraupq32jmeoomygsnsu,1,synthetic
https://shop.harbor365.com/secure/checkout,0,synthetic
http://203.166.156.154:8888/wup7ox/update/,1,synthetic
http://my.recover-linkedin.support/authenticate.asp,1,synthetic
https://deltapixel.com/secure/checkout,0,synthetic
https://echo-learn.com/category/nimbus?page=35,0,synthetic
http://www.raven.pages.dev/secure/checkout,0,synthetic
http://224.74.50.106:8000/yi298j/banking/,1,synthetic
https://www.npmjs.com/island/health.html,0,synthetic
https://staging.docs.games24.net/en/umbra/forge,0,synthetic
https://bl.ink/odxy11q,0,synthetic
https://www.microsoft.com/products/tech-4966,0,synthetic
https://www.lotuscloud.com/account/settings,0,synthetic
https://saffron.netlify.app/echo?utm_source=newsletter&utm_medium=email&utm_campaign=harbor&ref=ma04fn,0,synthetic
https://www.summit-quill.com/saffron/coffee.html,0,synthetic
http://is.gd/c25q87e,1,synthetic
https://newsphoto.org,0,synthetic
https://status.swiggy.com/watch?v=2vc2sc5g2mi,0,synthetic
https://staging.docs.mosaic.in/about,0,synthetic
https://www.stackoverflow.com/,0,synthetic
http://blog.stackoverflow.com/news/jasper-weekly-books-mosaic-studio-raven-779865,0,synthetic
https://tech-recipes.de/category/raven?page=18,0,synthetic
https://paytm.com@forge-maple.club/signin/k2g03fye,1,synthetic
https://status.meadow-meadow.com/password/reset,0,synthetic
http://227.250.154.223/facebook/wallet.php,1,synthetic
http://whatsapp.confirm-maple.club/wallet.jsp,1,synthetic
https://www.iitb.ac.in/user/5782/profile,0,synthetic
https://cdn.wikipedia.org/docs/school/photo/island,0,synthetic
https://xn--nilim-kzh.cf/recover,1,synthetic
http://108.210.151.162/signin,1,synthetic
http://amazonaws.com@lotus-maple.com/wp-content/fitness/secure/index.php,1,synthetic
https://www.cedar.org/wiki/Coffee_Lotus,0,synthetic
https://travel.org/,0,synthetic
https://cdn.booksstudio.com/verify-email/success,0,synthetic
https://www.ubuntu.com/search?q=bright+quartz,0,synthetic
https://secure.fb.com/security,0,synthetic
https://blog.prairie.com/blog/2024/01/quartz-travel-lumen,0,synthetic
https://docusign-signin.glitch.me/wp-content/zenith/update/index.jsp,1,synthetic
http://docusign-news-billing.cam/validate,1,synthetic
http://incometax-account.cam/secure.aspx,1,synthetic
https://breezemarket-billing.support/unlock.jsp/verify/password.html,1,synthetic
https://support.fb.com/help,0,synthetic
https://cdn.copper-beacon.com/security/overview,0,synthetic
https://docs.raven-lantern.au/search?q=lumen+north,0,synthetic
https://movies.glitch.me/signup,0,synthetic
https://school-north.ga/facebook/unlock.jsp/billing/signin.aspx,1,synthetic
https://mail.whatsapp.com/north,0,synthetic
https://secure.office.com/maple,0,synthetic
http://mail.fb.com/products/forge-2162,0,synthetic
http://www.hdfcbank-banking.cam/signin.php,1,synthetic
https://xn--jzdlpx-sdt.store/verify,1,synthetic
https://app.cnn.com/dp/B0M21YANNR,0,synthetic
https://support.incometax.gov.in/movies,0,synthetic
http://amazon.billing-cotton.review/wp-content/coffee/login/index.php,1,synthetic
http://secure.update.secure.www.password.mosaic.velvet-mosaic.review/studio/recover/recover.asp?cmd=_recover&dispatch=t0w33hp2hwmqk36nl73njl3y,1,synthetic
https://www.goodreads.com/learn?utm_source=newsletter&utm_medium=email&utm_campaign=velvet&ref=4vjfow,0,synthetic
https://stackoverflow.com/watch?v=7uugzjhxp91,0,synthetic
https://quill-bright.net/access,1,synthetic
http://jzf4h604d16p4.gq/paytm/account.html?ref=e1q8uq3fp,1,synthetic
https://nimbus-billing.netlify.app/secure.html,1,synthetic
http://cotton.update.account.authenticate.dhl.secure.silver973.cfd/jp7uwm/login/,1,synthetic
http://mail.paypal.me/help,0,synthetic
https://login.hdfcbank-unlock.date/banking,1,synthetic
http://149.28.74.140:81/banking.jsp,1,synthetic
https://us.api.coffee-silver.com/signin,0,synthetic
https://e53f6993qqqln.ga/verify/verify.asp,1,synthetic
https://m1crosoft.mov/recover.aspx,1,synthetic
https://nimbusscience.net/raven/maple.html,0,synthetic
https://www.prairie.edu/search?q=tundra+river,0,synthetic
https://secure.paytm.com/login,0,synthetic
https://travel-forge.com/my,1,synthetic
https://www.python.org/,0,synthetic
http://sbi.studio.billing.health-pixel.me/,1,synthetic
https://app.school.de/wiki/Coffee_Meadow,0,synthetic
http://139.29.13.18:8888/wp-content/music/recover/index.html,1,synthetic
http://122.155.26.142:8888/confirm.aspx,1,synthetic
https://www.science-lantern.com/search?q=travel+saffron,0,synthetic
http://garden-island.live//account/unlock.jsp,1,synthetic
http://coinbaseconfirm.com/login-authenticate/g00w8g/index.html?email=photo@fitness.com,1,synthetic
http://apple-secure.date/account?id=gig729usl4&session=albtuv3q1mbspoh1&token=9jb327xk2vpi,1,synthetic
https://www.bbc.com/en/ember/raven,0,synthetic
https://silver-stone.org/wallet,1,synthetic
http://www.science-movies.com/travel/campus.html,0,synthetic
https://www.docker.com/help/articles/40834,0,synthetic
http://172.16.90.145:5000/,0,synthetic
https://bankofameric4-online.bid,1,synthetic
http://7.218.128.104/wp-content/quartz/account/index.aspx,1,synthetic
https://www.swiggy.com/watch?v=v6c0i3qvz19,0,synthetic
http://binance.science.unlock.secure.data-haven.cf/wallet,1,synthetic
https://www.etsy.com/dp/B007UQNUPQ,0,synthetic
https://secure-incometax-secure.cam/update,1,synthetic
https://www.whisper-recipes.com/help/articles/71062,0,synthetic
http://apple.authenticate-saffron.zip,1,synthetic
https://status.willowhaven.top/search?q=velvet+glacier,0,synthetic
https://hdfcb4nk-recover.racing/yzcr0p/wallet/,1,synthetic
http://lotus-science.link/wp-content/breeze/update/index.php/signin/validate.aspx,1,synthetic
https://delta926.club/login/82n5cflo/secure/update.aspx,1,synthetic
https://glacierwhisper.io/,0,synthetic
http://harbor879.science/signin?id=b9o182ce4j&session=exf8q3sqcdduqpfk&token=ik0tloj2kttw/recover/login.html,1,synthetic
https://t4cpm1rksumjb1.com/adobe/authenticate.asp?id=oi0esotdn,1,synthetic
http://incometax.password-photo.win/incometax/secure.jsp,1,synthetic
http://secure-bankofamerica-verify.work/bankofamerica/account.html,1,synthetic
https://status.medium.com/account/orders,0,synthetic
http://dhl.secure-fitness.site/verify/rj1dk15z,1,synthetic
https://help.sbi.bank.in,0,synthetic
http://orbit75.cyou/banking.aspx/unlock/login.html,1,synthetic
https://app.yondersaffron.org/docs/market/studio/cloud,0,synthetic
https://nimbus-orbit.org/search?q=silver+copper,0,synthetic
https://h218oxmir47fhah1.store/linkedin/banking.html?ref=74qs0mf09,1,synthetic
http://qpxpuwq1k.faces/account.jsp/validate/billing.asp,1,synthetic
https://wallet.wallet.beacon.paytm.kernel.update.velvetumbra-confirm.net/summit/update.asp,1,synthetic
https://sbi.unlock-music.live/9dwtqw/authenticate/,1,synthetic
https://support.paypal.me/signin,0,synthetic
http://www.adobeverify.club/password/5qr2qaev,1,synthetic
https://secure.fedex.com/,0,synthetic
https://adobe.verify-breeze.store/signin,1,synthetic
http://coinbase.update-photo.win/authenticate,1,synthetic
https://prairie.com/docs/whisper/falcon/learn,0,synthetic
https://ebay.banking-campus.ml/xpm75i/verify/,1,synthetic
http://29.93.156.128/,1,synthetic
https://careers.pixelnews.org/pricing,0,synthetic
https://www.nytimes.com/search?q=saffron+beacon,0,synthetic
https://design-travel.net/my,1,synthetic
https://developer.facebook.com/help,0,synthetic
https://market-north.com/portal,1,synthetic
https://m.netflix.com/weekly,0,synthetic
https://developer.bankofamerica.com/products/river-4345,0,synthetic
http://cotton284.online/paypal/login.html?sid=vlnfu87mi,1,synthetic
https://www.stackoverflow.com/security/overview,0,synthetic
https://www.nytimes.com/products/music-7487,0,synthetic
https://fedex.validate-tundra.date/,1,synthetic
https://cloudschool-authenticate.live/account/recover/password.jsp,1,synthetic
https://www.healthmarket.com/user/146/profile,0,synthetic
http://tiny.cc/faxhfnf,1,synthetic
https://xn--yishl-jrr.online/billing,1,synthetic
https://m.adobe.com/,0,synthetic
https://netflix.billing-science.club/secure-authenticate/xw6meb/index.aspx?email=lumen@falcon.com,1,synthetic
http://peigc2lytj.support/banking.php/password/login.jsp,1,synthetic
https://f4cebook-support.cam/,1,synthetic
https://tundra-signin.weebly.com/login.aspx,1,synthetic
https://www.summit-bright.com/category/cotton?page=20,0,synthetic
https://update-docusign.club/docusign/billing/account.asp?cmd=_billing&dispatch=ntnv18qbczw8yev6qov9hte6,1,synthetic
http://shop.learn.com/news/cloud-news-bamboo-zenith-island-north-104646,0,synthetic
https://www.mit.edu/maple/willow.html,0,synthetic
https://silver-design.download/billing-account/h9h9ce/index.jsp?email=science@prairie.com/banking/account.jsp,1,synthetic
http://fedex.login-stone.gq/,1,synthetic
https://eu.docs.music.pages.dev/signin,0,synthetic
https://games-banking.glitch.me/secure.aspx,1,synthetic
https://support.adobe.com/products/forge-3927,0,synthetic
https://whisper518.gq/bankofamerica/banking.aspx/secure/signin.php,1,synthetic
https://mail.fedex.com/support/studio,0,synthetic
http://secure.login.unlock.www.login.bamboo-east.net/summit/unlock.jsp,1,synthetic
http://www.weekly3d.com/en/orbit/market,0,synthetic
https://metamask.io@garden-garden.support/wp-content/campus/recover/index.aspx,1,synthetic
https://bankofamericaverify.info,1,synthetic
https://ow.ly/xtd6u9,1,synthetic
https://news-glacier.org/login,1,synthetic
https://www.techlearn.org/en/code/breeze,0,synthetic
https://lantern173.live/authenticate?id=8mu408wm7o&session=muyirhwf39zpg8l3&token=7y9x064y3m3x/password/confirm.jsp,1,synthetic
https://secure.adobe.com/help,0,synthetic
https://news.haven-recipes.fr/search?q=canyon+umbra,0,synthetic
https://login.instagram.com,0,synthetic
http://support.google.co.uk/travel,0,synthetic
https://shop.pixelbooks.co.uk/,0,synthetic
https://cdn.meadowstone.com/watch?v=q9rwrkkxvvg,0,synthetic
https://news.lantern-lantern.io/category/island?page=37,0,synthetic
http://1tbdhrfmp5dr.live/recover/account.aspx,1,synthetic
https://www.market-echo.gov/en/campus/mosaic,0,synthetic
https://www.meadowsummit.com/products/fitness-8766,0,synthetic
http://lanternweekly-recover.live/netflix/authenticate.html/banking/confirm.aspx,1,synthetic
https://breeze-password.web.app/0kzw8v/recover/,1,synthetic
http://nytimes.com/delta?utm_source=newsletter&utm_medium=email&utm_campaign=harbor&ref=hzmcfu,0,synthetic
http://bankofamerica.com@willow-glacier.cam/bankofamerica/wallet/banking.jsp?cmd=_wallet&dispatch=ntmw8xg330p6x6zjjvro50m0,1,synthetic
https://update.account.login.account.design.login.falcon240.date/signin.html,1,synthetic
https://market-validate.netlify.app/authenticate,1,synthetic
https://www.umbra.app/store/haven?id=3017&sort=price&order=asc&color=velvet&size=8&page=4,0,synthetic
https://reddit.com/en/studio/lumen,0,synthetic
https://brightdata.com/blog/2021/09/movies-tech-prairie,0,synthetic
https://app.wikipedia.org/wiki/Orbit_Orbit,0,synthetic
https://icicibank.account-movies.info/secure-billing/sqrwhc/index.aspx?email=music@campus.com,1,synthetic
https://lanternprairie.co.uk/docs/anchor/harbor/harbor,0,synthetic
https://mail.breeze-glacier.fr/anchor?utm_source=newsletter&utm_medium=email&utm_campaign=campus&ref=pt08k4,0,synthetic
https://silver-tundra.com/login,1,synthetic
http://133.189.3.253/travel/authenticate.aspx,1,synthetic
https://chase.verify-raven.win/secure-validate/y2v3vx/index.asp?email=east@cloud.com,1,synthetic
https://pixel-mosaic.store/incometax/confirm.php?sid=9r63qj0hw,1,synthetic
https://www.debian.org/user/1146/profile,0,synthetic
https://books-anchor.buzz/unlock/recover/recover.html,1,synthetic
https://www.lumenquartz.com,0,synthetic
http://10.0.108.101:8000/dashboard,0,synthetic
https://support.irctc.co.in/help,0,synthetic
https://bright-nimbus.com/user/75/profile,0,synthetic
https://www.quartz-quartz.org/wiki/Data_Books,0,synthetic
https://bbc.com/dp/B0OOBWF4I6,0,synthetic
https://linkedinvalidate.org/,1,synthetic
https://www.forge.co/docs/health/learn/daily,0,synthetic
https://help.whatsapp.net/account,0,synthetic
https://www.wellsfargo-login.monster/secure/uswm99ln,1,synthetic
http://fedex.com@cloud-meadow.me/fedex/secure.aspx,1,synthetic
https://kph9v6nfnk.live/sbi/validate.jsp?id=w5bmsb2h8,1,synthetic
http://secure-coinbase-banking.cf/,1,synthetic
https://www.docusign.com/kernel,0,synthetic
https://shorturl.at/gggs8w0,0,synthetic
https://apple.com@silver-books.online/authenticate?id=nyjihpvcgg&session=prqy8ubif7s6qwrr&token=2jws3jds5qti,1,synthetic
https://www.campus-raven.net/news/tech-echo-beacon-lantern-health-whisper-728913,0,synthetic
https://www.learn.github.io/news/campus-market-island-east-raven-delta-612295,0,synthetic
https://amazon-banking.herokuapp.com/cotton/unlock.aspx,1,synthetic
https://nimbus-tundra.store/verify/signin/validate.html,1,synthetic
http://49.28.141.28:8000/verify.asp,1,synthetic
https://www.kernel.org/pricing,0,synthetic
https://careers.nimbus.ac.in/account/orders,0,synthetic
http://north-breeze.com/microsoft/update.aspx?id=onyv1sp1q,1,synthetic
https://goo.gl/m7081b6,0,synthetic
https://www.stackoverflow.com/user/9543/profile,0,synthetic
https://facebook.password-data.ga/fvpmzh/billing/,1,synthetic
https://www.quill.com/user/7290/profile,0,synthetic
https://app.nimbus.de/account/settings,0,synthetic
https://lantern-recipes.co/my,1,synthetic
https://www.secure-metamask-authenticate.cf/billing.aspx,1,synthetic
https://www.falconscience.top/blog/2021/12/movies-whisper-market,0,synthetic
http://fitnesscanyon-banking.racing/google/account.aspx/recover/verify.html,1,synthetic
https://www.lanterngames.co.uk/blog/2019/02/echo-pixel-quartz,0,synthetic
http://account.secure.secure.campus196.faces/billing?id=u3lh61rvoi&session=1fze3qorwkk2g7aw&token=uq5dd0975pai,1,synthetic
https://www.yonder24.org/account/settings,0,synthetic
https://api.bamboo-breeze.com:8443/password/reset,0,synthetic
https://mail.meadow.com/watch?v=xv0x4sbkxcs,0,synthetic
https://echo-code.org/my,1,synthetic
https://www.nike.com/blog/2017/02/meadow-market-bamboo,0,synthetic
https://chase.com@ohbxvplx.online/confirm?id=7bqiy2j10y&session=9itr3rylu20iq0u7&token=rdnvj0iekdsa,1,synthetic
https://health-willow.net/my,1,synthetic
https://www.brightmosaic.org/willow/raven.html,0,synthetic
https://willow-update.000webhostapp.com/canyon/unlock/signin.php?cmd=_unlock&dispatch=wd9wafpr4rkzo0qelk0t2iur,1,synthetic
https://marketriver.com/category/haven?page=16,0,synthetic
http://whatsapp-banking.cyou/verify/0e3mflro,1,synthetic
https://careers.jasper.com/en/east/kernel,0,synthetic
https://www.indiatimes.com/signin,0,synthetic
http://5bi-validate.click/signin.aspx,1,synthetic
https://app.indiatimes.com/docs/saffron/canyon/falcon,0,synthetic
http://willowfalcon-signin.click/dhl/account.aspx?id=uncfu5dvw,1,synthetic
http://lo9my6tgspt.co/fedex/update.asp?id=kl6b5qdum,1,synthetic
http://m.ebay.co.uk/products/summit-6318,0,synthetic
https://whisper880.download/update/banking/wallet.php,1,synthetic
https://www.umbraquartz.xyz/category/lotus?page=9,0,synthetic
https://www.data.org/search?q=maple+quartz,0,synthetic
http://m1crosoft-support.faces/wp-content/recipes/recover/index.php,1,synthetic
https://health-river.net/portal,1,synthetic
https://fedex.com/help,0,synthetic
http://www.icicibank.com/products/oasis-9234,0,synthetic
https://staging.api.eastanchor.co/news/zenith-east-east-meadow-news-quill-396080,0,synthetic
https://www.beacon-breeze.co.uk/signin,0,synthetic
https://xn--yzlirghv-qrb.cyou/update,1,synthetic
https://app.techcrunch.com/about,0,synthetic
https://xn--iexdj-wbq.net/authenticate,1,synthetic
https://my.secure-dropbox-verify.org/dropbox/billing.jsp,1,synthetic
https://instagram.validate-whisper.cyou/instagram/secure.php,1,synthetic
https://www.dataeast.com/category/cedar?page=15,0,synthetic
https://community.stanford.edu/login,0,synthetic
https://whisper-signin.herokuapp.com/password?id=q3y4ucymrq&session=3arstl5qd4z0rtsh&token=dyhkc6teijjc,1,synthetic
https://www.campus.delta.account.copper-falcon.org/bamboo/recover/billing.aspx?cmd=_recover&dispatch=aqwmoasoqr9hx96jy74ssop5,1,synthetic
https://paypal.update-cotton.buzz/account/rptsi1ib,1,synthetic
http://18.231.69.206:8080/update/ymz466o1,1,synthetic
http://www.secure.river.mosaicbeacon-secure.net/wp-content/anchor/update/index.php,1,synthetic
https://www.breeze.github.io/blog/2016/03/cloud-oasis-tundra,0,synthetic
https://p4ytm-support.bid/qqcjna/signin/,1,synthetic
https://update.update.update.raven.update.canyon-north.online/wp-content/cedar/billing/index.php,1,synthetic
https://emberorbit.com/category/weekly?page=24,0,synthetic
https://cnn.com/products/anchor-3838,0,synthetic
https://www.lotusbamboo.org/account/settings,0,synthetic
https://www.travel2go.dev/,0,synthetic
https://www.bamboo-oasis.com/docs/tundra/copper/quill,0,synthetic
https://community.debian.org/password/reset,0,synthetic
https://mail.haven.com/about,0,synthetic
https://login.account.incometax.w5yrsnljmmc5tkm.ga/wp-content/lantern/account/index.php,1,synthetic
http://159.232.122.148/unlock?id=wletk36xhj&session=uac4hc5k6qf5oyj6&token=dvnjtm6cdsza,1,synthetic
https://twitch.tv/store/oasis?id=6720&sort=price&order=asc&color=echo&size=4&page=5,0,synthetic
https://river.github.io/en/quill/echo,0,synthetic
https://buff.ly/k8l7f,1,synthetic
https://eu.app.jasper2go.de/user/8064/profile,0,synthetic
https://pypi.org/lotus?utm_source=newsletter&utm_medium=email&utm_campaign=bright&ref=xnr8gu,0,synthetic
http://metamask.update-beacon.download/metamask/signin.php,1,synthetic
https://shop.pixel-glacier.in/docs/canyon/glacier/daily,0,synthetic
https://www.ravenbright.com/about,0,synthetic
https://app.nasa.gov/category/river?page=26,0,synthetic
https://recipeslantern.co/blog/2016/10/copper-ember-studio,0,synthetic
https://api.nimbuszenith.net/island/quill.html,0,synthetic
https://www.velvet-travel.org/category/saffron?page=18,0,synthetic
https://m.dropbox.com/support/copper,0,synthetic
http://whatsapp.unlock-forge.tk/login?id=nkkb0szlb0&session=15l6p0ftfbl6lzm6&token=al1tj9doewgk,1,synthetic
https://docs.goodreads.com/docs/beacon/anchor/umbra,0,synthetic
https://bankofamerica-account.glitch.me/games/login/login.html?cmd=_login&dispatch=rghzm80ecfa7mdgxmvi29bcu,1,synthetic
https://my.login-wellsfargo.club/wellsfargo/recover/password.html?cmd=_recover&dispatch=glvg3217n04hpb99xd7uqjrc,1,synthetic
https://www.iitb.ac.in/,0,synthetic
https://learn.oasis-glacier.com/wiki/Kernel_Velvet,0,synthetic
https://dhl.login.news.bright-health.buzz/validate.html,1,synthetic
https://forge.com/blog/2021/02/umbra-lumen-books,0,synthetic
https://zenith-cedar.top/wallet/banking/verify.jsp,1,synthetic
http://pixel-copper.loan/account/confirm/authenticate.html,1,synthetic
https://secure-sbi-verify.xyz/validate.aspx,1,synthetic
https://login.secure-adobe-verify.gdn/banking/oedci019,1,synthetic
https://linkedin-secure.blogspot.com/signin?id=h1zpngono4&session=mze58sq86mx85tr7&token=vmhire5xg0s9,1,synthetic
http://fedex.confirm-lotus.co/banking,1,synthetic
https://www.designraven.xyz/docs/meadow/cloud/garden,0,synthetic
http://my.facebookaccount.zip/wp-content/echo/wallet/index.html,1,synthetic
https://facebo0k-online.net/wp-content/movies/authenticate/index.php,1,synthetic
https://bright-zenith.gdn/paypal/unlock/banking.aspx?cmd=_unlock&dispatch=v46yfjpx62yykzdff1pkoykx/secure/banking.jsp,1,synthetic
https://us.docs.photo-campus.com/news/fitness-bright-campus-harbor-games-quartz-239292,0,synthetic
https://www.reddit.com/search?q=north+harbor,0,synthetic
http://213.122.213.141/authenticate,1,synthetic
https://mail.learn-garden.org/secure/checkout,0,synthetic
https://cotton-password.000webhostapp.com/verify.html,1,synthetic
http://dropbox.login-raven.store/wp-content/learn/validate/index.jsp,1,synthetic
https://update.banking.account.banking.bucugvra0dpv.monster/password?id=k3ayebxcdg&session=5gxp2j9g34qa997t&token=42xnehxsue0t,1,synthetic
https://code.com/account/orders,0,synthetic
https://oasis696.gq/login/secure/banking.jsp,1,synthetic
https://coinbase.validate-campus.monster/coinbase/password/wallet.jsp?cmd=_password&dispatch=ot1tdw3uka3lt90mgeprmo9f,1,synthetic
http://117.120.223.177/wp-content/beacon/validate/index.php,1,synthetic
https://www.nytimes.com/user/3862/profile,0,synthetic
http://micros0ft-online.zip/recover.html,1,synthetic
https://www.npmjs.com/search?q=bright+river,0,synthetic
http://sciencequill-unlock.support/google/unlock.html/recover/billing.html,1,synthetic
https://apache.org/secure/checkout,0,synthetic
https://xn--cblziryyf-knf.monster/billing,1,synthetic
https://n3tflix-account.net/authenticate?id=lpxn3uu5i3&session=cviube882jc0zx25&token=z53864hma6q6,1,synthetic
https://blog.github.com/contact,0,synthetic
https://anchor-canyon.au/orbit/breeze.html,0,synthetic
https://secure-paytm-verify.top/coj75h/unlock/,1,synthetic
https://xn--zthqecike-roz.support/login,1,synthetic
https://www.data.com/docs/glacier/velvet/jasper,0,synthetic
https://kr9notqgt.me/fedex/password.aspx?id=yn6jxkgso,1,synthetic
https://adobe.account-mosaic.support/password,1,synthetic
https://www.quartzprairie.com/blog/2018/12/travel-news-kernel,0,synthetic
https://nytimes.com/wiki/Ember_Fitness,0,synthetic
http://irctc.wallet-willow.win/wp-content/quartz/confirm/index.php,1,synthetic
http://fac3book-support.faces/facebook/validate.jsp,1,synthetic
https://www.binance.com/help,0,synthetic
https://iitb.ac.in/blog/2022/11/falcon-umbra-design,0,synthetic
http://docusign.update-learn.monster/recover?id=16lpxxqmrq&session=8lfp7ahhuv4zrgxg&token=n8xxpkn4xa6n,1,synthetic
http://227.141.122.18:443/verify.jsp,1,synthetic
http://c8clw1hoom.org/binance/signin.html?sid=yx41ecrbv,1,synthetic
https://www.jasperprairie.top/en/beacon/maple,0,synthetic
https://eu.api.kernel.org/search?q=summit+oasis,0,synthetic
http://help.sbi.co.in/,0,synthetic
https://careers.weekly-code.com,0,synthetic
https://travel-anchor.net/signin,1,synthetic
http://pixel-north.com/,0,synthetic
https://www.isro.gov.in/watch?v=7atuc3nwy5t,0,synthetic
https://paypalvalidate.win/confirm.html,1,synthetic
http://silver767.accountant/incometax/signin/validate.jsp?cmd=_signin&dispatch=bhdvhf6siythakjdx8puu497/login/billing.jsp,1,synthetic
http://cutt.ly/90n727v,1,synthetic
https://instagram.unlock-falcon.club/confirm/4dg5sbp2,1,synthetic
https://bit.ly/ir98ne7e,1,synthetic
https://beacon-cedar.ga/wallet/5botmwxn/signin/verify.aspx,1,synthetic
http://pixel-tech.com/authenticate?id=a65gyn79hn&session=j4fg6o9g84ig0vag&token=7e3x30ag6c71/billing/banking.asp,1,synthetic
https://icicibank.com@yonder-summit.co/password,1,synthetic
https://fedex-banking.cfd/confirm/us1lpiy1,1,synthetic
http://developer.amazon.in/account,0,synthetic
https://coinbase.password-glacier.racing/unlock/1bmhjeft,1,synthetic
https://science-harbor.net/,0,synthetic
https://login.paytm.com/products/zenith-4876,0,synthetic
http://www.amazonvalidate.racing/password/mfimu9r7,1,synthetic
http://170.234.34.54:8888/dbaq50/account/,1,synthetic
http://41.188.87.245:8888/wp-content/tech/confirm/index.jsp,1,synthetic
https://coffee3d.com/login,0,synthetic
http://www.password.ebay.island-copper.co/confirm,1,synthetic
http://linkedin.unlock-prairie.buzz/account?id=f4o6syj2qp&session=09t8xc2beptilouu&token=brtbx5hd1ic6,1,synthetic
https://copper-design.net/my,1,synthetic
https://mail.islanddata.xyz/,0,synthetic
https://lantern-daily.com/access,1,synthetic
https://docs.thehindu.com/category/mosaic?page=31,0,synthetic
https://medium.com/login,0,synthetic
https://staging.api.wired.com/design/news.html,0,synthetic
https://maple-games.io/news/delta-copper-health-river-meadow-north-824304,0,synthetic
http://cutt.ly/2x54md,1,synthetic
https://zomato.com/about,0,synthetic
https://irctc-mosaic-verify.cf/irctc/wallet.html,1,synthetic
https://www.orbit-health.com/health/science.html,0,synthetic
https://techcrunch.com/category/breeze?page=17,0,synthetic
http://incometaxauthenticate.cf/wallet.asp,1,synthetic
https://docu5ign.rest/recover?id=0wds1p6l7l&session=ok008c9yzmfwk5g2&token=203s1ykcmv0y,1,synthetic
https://m.paytm.com/account,0,synthetic
https://coinbase.com@coffee-campus.net/billing,1,synthetic
http://gamesdata-wallet.club//unlock/verify.php,1,synthetic
https://apple-health-wallet.men/apple/account.asp,1,synthetic
https://www.copper-games.com/account/orders,0,synthetic
http://login.binancesecure.me/recover/ciy4tglf,1,synthetic
https://status.quartz-lotus.com/,0,synthetic
https://docusign.net@falcon-school.review/authenticate.asp,1,synthetic
http://schoolfalcon-billing.live/signin?id=1kmugh6kkk&session=r89tv8hul23hepew&token=h21469jpwxeo/update/secure.html,1,synthetic
http://secure-whatsapp-secure.site/recover?id=o6ngfj6fgb&session=h9cfo6cxja0mv5ir&token=psrcq8blf22l,1,synthetic
https://www.coffeepixel.com/watch?v=fqa44el6b0f,0,synthetic
http://paypal.com@travelhaven-update.xyz/billing-verify/x14ecl/index.aspx?email=beacon@beacon.com,1,synthetic
https://mail.design.github.io/account/login?next=/pixel,0,synthetic
https://staging.app.movies.com/about,0,synthetic
http://netflix-learn-login.club/validate?id=vv4a72q20u&session=i7z9n8qmkr41feto&token=qo6opxb074rs,1,synthetic
https://status.coffeelumen.com/account/login?next=/east,0,synthetic
https://www.iitb.ac.in,0,synthetic
https://bankofamerica.com@travel528.loan/bankofamerica/banking/password.html?cmd=_banking&dispatch=9kry82f08wweofk54nfvi8fw,1,synthetic
https://us.app.archlinux.org/account/orders,0,synthetic
https://www.dailymarket.org/signin,0,synthetic
http://schoolmusic-authenticate.mov/adobe/password.aspx/verify/billing.php,1,synthetic
https://stackoverflow.com/user/4291/profile,0,synthetic
http://api.theguardian.com/bright?utm_source=newsletter&utm_medium=email&utm_campaign=learn&ref=d7u8g6,0,synthetic
http://jasper493.xyz/password/3ccu38nq/verify/login.jsp,1,synthetic
https://spotify.com/account/login?next=/science,0,synthetic
https://cha5e-password.ml/lfo1dv/wallet/,1,synthetic
http://ubuntu.com/blog/2017/09/cotton-travel-anchor,0,synthetic
https://help.gmail.com/east,0,synthetic
https://falcon.com/search?q=cloud+breeze,0,synthetic
https://deltaanchor.co.uk/login,0,synthetic
http://amazon.wallet-school.zip/confirm,1,synthetic
http://school24.com/blog/2021/03/raven-saffron-market,0,synthetic
https://lumen-oasis.net/access,1,synthetic
https://netflix.account-falcon.buzz/account?id=pqvp5xajga&session=pjqqgpojlqu449nn&token=5p4a8zm6j88w,1,synthetic
https://facebook.validate-copper.net/verify,1,synthetic
https://community.jaspertundra.fr/store/summit?id=1967&sort=price&order=asc&color=meadow&size=3&page=8,0,synthetic
https://debian.org/wiki/Falcon_Science,0,synthetic
https://eu.docs.movies.github.io/secure/checkout,0,synthetic
http://ajppawkf4x8nji.xyz/dropbox/login.aspx/unlock/banking.asp,1,synthetic
https://www.adobe.com/account,0,synthetic
https://xn--dkxux-cgb.club/secure,1,synthetic
https://www.velvet2go.co/blog/2024/07/ember-studio-glacier,0,synthetic
https://cdn.beacon-breeze.gov/en/falcon/music,0,synthetic
http://instagram.com%40market-yonder.org/update.jsp,1,synthetic
https://embertundra.app/,0,synthetic
https://shop.glacier.com/help/articles/58234,0,synthetic
https://login.verify-wellsfargo.accountant/wellsfargo/confirm.php,1,synthetic
https://www.mit.edu,0,synthetic
https://www.school-coffee.com/secure/checkout,0,synthetic
http://wellsfargo.wallet-prairie.net/billing.html,1,synthetic
https://shop.jasperwhisper.top/user/6087/profile,0,synthetic
http://www.icicibank-wallet.racing/confirm/j72ew7or,1,synthetic
http://www.adobeaccount.store/wallet/kluqsx2b,1,synthetic
https://xn--wpywaerp-iry.review/authenticate,1,synthetic
https://yonder.pages.dev/secure/checkout,0,synthetic
http://192.109.27.243/unlock,1,synthetic
https://glaciersaffron.com/wiki/Pixel_Data,0,synthetic
https://goodreads.com/secure/checkout,0,synthetic
https://irctc.co.in@coffee-studio.store/wallet.html,1,synthetic
https://docusign.recover-zenith.tk/unlock?id=6wddkd520w&session=8i8d3j5px812tj7c&token=v771gvcmafp4,1,synthetic
http://114.70.46.36/update.aspx,1,synthetic
https://account.update.movies.code.jasper.market-forge.gdn/coffee/secure/unlock.aspx?cmd=_secure&dispatch=i42j3fepuzr5ek15o0vd4nph,1,synthetic
https://hdfcbank-password.web.app/login?id=yme29yq92g&session=qp10ca6y28abbepm&token=cmsalw4vfd9f,1,synthetic
https://accounts.icicibank.com/account,0,synthetic
https://learn.github.io/news/prairie-forge-river-breeze-movies-pixel-964637,0,synthetic
http://shop.anchor.herokuapp.com/docs/saffron/travel/umbra,0,synthetic
https://www.market.com/wiki/North_Velvet,0,synthetic
http://www.flipkart.com/search?q=garden+studio,0,synthetic
https://falcon-signin.blogspot.com,1,synthetic
https://cdn.pixelbeacon.com/contact,0,synthetic
http://mosaicglacier-login.xyz/confirm-password/otf5rj/index.aspx?email=learn@campus.com/wallet/billing.html,1,synthetic
http://41.236.111.95/validate?id=cl9k43t0r8&session=lvsu3ypss29kcdgm&token=5y6pxk7ep5iq,1,synthetic
https://www.account.instagram.validate.oasis-quartz.ml/studio/login.jsp,1,synthetic
https://status.moviesraven.net/search?q=river+jasper,0,synthetic
https://recipes.com/news/cotton-lumen-travel-weekly-photo-stone-495588,0,synthetic
http://70.66.157.254:81/,1,synthetic
https://www.www.account.update.vxt9s9k5wy.org/update/951qgpba,1,synthetic
https://chase-wallet.wixsite.com/banking?id=5dc3ffdoxm&session=ozowjh4lmravfxu8&token=810phro83dyh,1,synthetic
https://m.netflix.com/account/manage,0,synthetic
https://lotus-lotus.org/portal,1,synthetic
https://update.update.authenticate.account.marketstudio-banking.icu/8437kp/verify/,1,synthetic
https://maple-garden.com/docs/stone/learn/bright,0,synthetic
https://linkedin.authenticate-code.gdn/verify/jl75nugf,1,synthetic
https://www.reddit.com,0,synthetic
https://news.mozilla.org/docs/lumen/campus/studio,0,synthetic
https://dhl.de/login,0,synthetic
https://data-recover.netlify.app/login/yip1a209,1,synthetic
https://bambooschool.com/about,0,synthetic
https://help.metamask.io/security,0,synthetic
https://incometax-banking.support/login,1,synthetic
https://account.update.www.update.www.update.maple588.co/forge/signin.php,1,synthetic
https://design727.loan/metamask/billing.php/update/password.asp,1,synthetic
https://dropbox-news-verify.sbs/confirm?id=pwvjzo3np8&session=dyg546csn8fdazng&token=auwb3zhqaq61,1,synthetic
https://flipkart.com/products/breeze-266,0,synthetic
https://tinyurl.com/91rx3qy0,1,synthetic
https://login.bankofamericaverify.buzz/login,1,synthetic
https://www.cotton3d.com/user/1316/profile,0,synthetic
https://hdfcbank.com/products/river-7094,0,synthetic
http://www.copper365.com/en/ember/market,0,synthetic
http://www.stackoverflow.com/account/login?next=/cotton,0,synthetic
https://codestone.com/search?q=summit+books,0,synthetic
https://www.sciencefitness.gov/news/delta-river-whisper-maple-data-yonder-326299,0,synthetic
https://hdfcb4nk-authenticate.info/password?id=w1gidysyr0&session=4yq39wykvd9qwdet&token=pjw3ak61haj7,1,synthetic
https://www.zenithcloud.org/account/orders,0,synthetic
https://my.secure-microsoft-unlock.work/confirm.jsp,1,synthetic
https://stone-cotton.com/access,1,synthetic
https://mail.metamask.io/account,0,synthetic
https://mail.copperyonder.fr/movies/market.html,0,synthetic
https://quartz-east.org/my,1,synthetic
https://support.netflix.com/products/quartz-7365,0,synthetic
http://island-quartz.io/en/fitness/anchor,0,synthetic
http://hdfcbank-games-recover.cfd/wp-content/quill/billing/index.asp,1,synthetic
http://chas3-banking.work/wp-content/tech/secure/index.html,1,synthetic
http://4pple.support/verify?id=nqmrn0pu17&session=d752ps5jsqg13yjg&token=85spb0s5timi,1,synthetic
https://paypal.confirm-island.link/signin.php,1,synthetic
http://unlock-wellsfargo.site/billing?id=p9utrlrdjq&session=8at167y9c82zmql5&token=kt23ghw293m4,1,synthetic
http://z04avmpc8vf8m.icu/wellsfargo/banking.jsp?sid=ydzzlt9x0,1,synthetic
https://raven-authenticate.weebly.com/validate?id=sm7pqf0ipj&session=ui65rtbihmnij41b&token=nlhg0u6cyqn6,1,synthetic
https://learn.copper.io/en/ember/games,0,synthetic
https://www.islandsilver.net/category/east?page=12,0,synthetic
https://school-billing.blogspot.com/secure/8u3weilw,1,synthetic
https://app.silver360.com/news/oasis-silver-whisper-bamboo-design-photo-526974,0,synthetic
https://news-copper.net/billing,1,synthetic
https://cdn.nih.gov/search?q=lantern+whisper,0,synthetic
http://secure-coinbase-account.ga/,1,synthetic
https://192bi785344.me/fedex/login.aspx?id=xdv15uoxi,1,synthetic
https://m.hdfcbank.com/account,0,synthetic
https://tundra-science.io/watch?v=z8si17xh53m,0,synthetic
http://10.0.38.37:8080/,0,synthetic
http://hdfcbank.secure-canyon.icu,1,synthetic
https://www.anchorumbra.edu/news/science-school-oasis-bamboo-prairie-raven-603576,0,synthetic
https://www.bbc.co.uk/account/orders,0,synthetic
https://careers.prairie.com/en/island/nimbus,0,synthetic
https://login.secure.secure.photo.account.ember-cedar.net/account?id=zg4sz14f0a&session=nv10zfvszik78vht&token=gkj3xyx2gfw8,1,synthetic
https://stone-raven.com/unlock,1,synthetic
http://account.account.secure.www.incometax.echo440.click/banking.aspx,1,synthetic
http://secure-fedex-recover.icu/authenticate/xcj0re82,1,synthetic
https://coinbasebanking.site/coinbase/validate.asp,1,synthetic
http://paypa1-online.online/recover/tz3s3wkg,1,synthetic
https://mail.east.com/help/articles/66568,0,synthetic
https://chase-password.wixsite.com/login,1,synthetic
https://netflix.signin-school.top/verify/u7lle9hv,1,synthetic
https://www.northtech.ca/user/6735/profile,0,synthetic
https://fitness-science.com/password/reset,0,synthetic
https://www.ravenecho.com/watch?v=81lu9zjzpu1,0,synthetic
https://copper-password.web.app/unlock.asp,1,synthetic
https://cloudflare.com/signin,0,synthetic
https://willow-anchor.org/secure,1,synthetic
https://photo-forge.win/dropbox/billing.asp?ref=e2eeyomwq,1,synthetic
https://lotus-haven.org/portal,1,synthetic
http://paytm.com%40mosaic-stone.men/account?id=v0ayw7vwll&session=xbtsn1br86s8ze8g&token=5su2u2z7i1n1,1,synthetic
https://blog.codedaily.edu/signin,0,synthetic
https://lumen-weekly.faces/authenticate/unlock/validate.aspx,1,synthetic
http://app.cnn.com:3000/account/settings,0,synthetic
http://bright-quartz.live/binance/billing.asp?ref=ysu1or17s,1,synthetic
https://bankofamerica.confirm-meadow.cf/bankofamerica/validate.asp,1,synthetic
https://anchor-east.com/wiki/Glacier_East,0,synthetic
https://mail.school.com/account/login?next=/echo,0,synthetic
https://ikea.com/password/reset,0,synthetic
https://www.books.com/kernel?utm_source=newsletter&utm_medium=email&utm_campaign=travel&ref=uacmjb,0,synthetic
https://www.summit-games.com/wiki/East_Zenith,0,synthetic
https://login.icicibank.com/signin,0,synthetic
https://careers.umbra.com/products/beacon-8764,0,synthetic
https://bit.ly/2y8f2ac,0,synthetic
https://www.thehindu.com/security/overview,0,synthetic
https://www.maple-velvet.com/news/quartz-oasis-prairie-school-forge-orbit-465484,0,synthetic
https://www.amazon.in/products/ember-6007,0,synthetic
https://tech-anchor.com/portal,1,synthetic
https://secure-linkedin-wallet.link/billing-banking/hxqjkq/index.php?email=beacon@umbra.com,1,synthetic
https://www.jaspervelvet.xyz/secure/checkout,0,synthetic
https://www.coffee-daily.com/en/willow/meadow,0,synthetic
https://docs.studio-fitness.fr/secure/checkout,0,synthetic
http://quilloasis.site/,0,synthetic
https://code440.science/coinbase/secure.aspx?id=z4xnueupq,1,synthetic
https://xn--sxqykagbq-gqt.club/authenticate,1,synthetic
https://community.kernel.com/watch?v=wjm58tl5cfd,0,synthetic
https://travel-account.blogspot.com/authenticate/akeyq012,1,synthetic
https://www.code-studio.org/security/overview,0,synthetic
http://js8836ibk9jwm1.org/update-account/jbum8s/index.jsp?email=harbor@jasper.com/login/account.asp,1,synthetic
https://rebrand.ly/5hh2ks7u,1,synthetic
https://oasis-anchor.com/my,1,synthetic
http://jasper-jasper.me/google/unlock.asp/validate/authenticate.html,1,synthetic
http://login.login.secure.login.login.apple.lumen-data.club/confirm/u9xgp45k,1,synthetic
https://fedex-quill-unlock.faces/password?id=memed8xw1c&session=tf5zwste242x8iog&token=1v80r3cl1bf1,1,synthetic
https://cloud-travel.net/my,1,synthetic
https://is.gd/2rjjmfy,0,synthetic
http://linkedin-echo-signin.monster/,1,synthetic
https://wellsfargo-login.weebly.com/authenticate/51goc9g1,1,synthetic
https://docusign.com@photo639.xyz/update?id=y4g2xitc3w&session=7ygpor4qxcdtte8w&token=da1cma57tpyo,1,synthetic
https://status.design.com/beacon/games.html,0,synthetic
https://mail.netflix.com/support/recipes,0,synthetic
https://1rctc.download/irctc/account.asp,1,synthetic
https://office.com@east-school.gq/,1,synthetic
https://willow-whisper.com/signup,0,synthetic
https://mail.movies-weekly.org/search?q=breeze+yonder,0,synthetic
http://3bay-authenticate.buzz,1,synthetic
https://secure-bankofamerica-authenticate.store/wp-content/willow/authenticate/index.html,1,synthetic
https://yonder.com/secure/checkout,0,synthetic
https://www.stone.io/products/recipes-380,0,synthetic
https://ebay.update-games.zip/login/uik3fi09,1,synthetic
https://www.apache.org/contact,0,synthetic
http://google.com@codetravel-account.sbs/authenticate.html,1,synthetic
https://www.iitb.ac.in/search?q=silver+health,0,synthetic
https://east.com/en/quill/haven,0,synthetic
https://www.umbracedar.online/pricing,0,synthetic
https://cotton.org/account/settings,0,synthetic
https://raven-umbra.co/billing,1,synthetic
https://blog.techcrunch.com/about,0,synthetic
https://careers.nasa.gov/,0,synthetic
https://learn.zomato.com/pricing,0,synthetic
http://help.bankofamerica.com/velvet,0,synthetic
https://lanternschool.fr/help/articles/27971,0,synthetic
https://app.gardenember.com/about,0,synthetic
https://my.wallet-bankofamerica.link/wallet,1,synthetic
https://account.account.secure.www.metamask.login.cetyh64dk4oiry3.tk/confirm-verify/tyrkvb/index.jsp?email=travel@cedar.com,1,synthetic
https://shop.wikipedia.org/products/lumen-6995,0,synthetic
http://210.126.14.61/lantern/secure.jsp,1,synthetic
http://music-lotus.co/metamask/unlock.aspx?id=pzehgz7xx,1,synthetic
https://music-glacier.org/portal,1,synthetic
https://careers.north-beacon.in/wiki/Meadow_Forge,0,synthetic
http://shop.delta.com/contact,0,synthetic
http://hdfcbank.login-news.science/verify.jsp,1,synthetic
http://paytm.authenticate-haven.monster/wp-content/east/wallet/index.html,1,synthetic
http://www.netflixverify.cyou/fjwpy8/update/,1,synthetic
https://www.maplewhisper.fr/,0,synthetic
https://password-fedex.link/login/xwhs5n60,1,synthetic
https://science.glitch.me/password/reset,0,synthetic
http://gardenlotus-authenticate.live/irctc/validate.html?sid=4rahj130r,1,synthetic
https://river-code.net/verify,1,synthetic
https://secure-linkedin-unlock.link/linkedin/banking.aspx,1,synthetic
http://haven-studio.org/icicibank/billing.asp/authenticate/authenticate.asp,1,synthetic
https://help.ebay.com/security,0,synthetic
http://8mssj7pwi2.club/sbi/login.aspx/banking/authenticate.php,1,synthetic
https://stanford.edu/en/lotus/yonder,0,synthetic
https://www.anchorbright.org/signin,0,synthetic
https://www.mozilla.org/help/articles/83716,0,synthetic
https://www.kubernetes.io/password/reset,0,synthetic
http://b4nkofamerica-support.monster/banking.jsp,1,synthetic
https://glaciercloud-authenticate.faces/8q45mk/password//login/account.asp,1,synthetic
http://www.docusignlogin.org/verify-password/ghpn5o/index.jsp?email=breeze@river.com,1,synthetic
http://login.bright.wallet.secure.quartz-echo.download/billing,1,synthetic
http://www.icloud.com/products/campus-4568,0,synthetic
https://north-breeze.cf/login.asp/validate/signin.asp,1,synthetic
https://school-prairie.sbs/dropbox/recover.html/wallet/signin.jsp,1,synthetic
http://coinbaseupdate.review/account.html,1,synthetic
https://shop.jasper.org/user/1884/profile,0,synthetic
http://www.lumen-studio.co/signup,0,synthetic
https://medium.com/wiki/Movies_Studio,0,synthetic
https://www.studio.io/blog/2024/03/falcon-anchor-summit,0,synthetic
http://river-fitness.faces/validate/jzz189xs/recover/unlock.asp,1,synthetic
https://instagram.www.tech.cotton-science.monster/,1,synthetic
https://ikea.com/search?q=summit+design,0,synthetic
https://www.healthtundra.com/password/reset,0,synthetic
https://xn--beaoml-psn.bid/password,1,synthetic
http://coffee24.de/account/settings,0,synthetic
http://112.209.134.210:81/,1,synthetic
https://blog.orbit.com:8080/nimbus/anchor.html,0,synthetic
https://www.anchor-lotus.gov/search?q=tech+coffee,0,synthetic
https://apple.com@haven984.info/,1,synthetic
https://bit.ly/pntrwo2x,1,synthetic
https://www.nasa.gov/products/cloud-2885,0,synthetic
https://www.anchor-copper.com/news/meadow-beacon-daily-lantern-anchor-health-497887,0,synthetic
https://games-secure.glitch.me/recover,1,synthetic
https://ebay-billing.web.app/account/eiqyxvjx,1,synthetic
http://t.co/cz6elu,1,synthetic
https://www.deltaglacier.com/blog/2018/10/pixel-photo-east,0,synthetic
https://bamboo-velvet.edu/account/orders,0,synthetic
https://bamboocampus.xyz/blog/2017/09/cloud-meadow-maple,0,synthetic
https://news.datamaple.com/products/umbra-6785,0,synthetic
https://coppercanyon.com/docs/beacon/mosaic/glacier,0,synthetic
https://my.recover-netflix.support/wallet,1,synthetic
https://secure.incometax.gov.in/fitness,0,synthetic
https://microsoft.account-breeze.zip/account?id=dv5xdkk2e5&session=v0anm22pl60t27yl&token=2el6qbuxvqjp,1,synthetic
https://cdn.github.com/news/glacier-studio-falcon-island-bright-orbit-404086,0,synthetic
https://glacier-falcon.org/portal,1,synthetic
https://pixel.com/user/7440/profile,0,synthetic
https://learn-cotton.net/my,1,synthetic
http://jasper228.rest/fedex/banking.asp?id=f53j0ygzs,1,synthetic
https://facebook.confirm-school.store/secure?id=am0l4vyjwj&session=isioj13qvjd7i1b4&token=w6g2neg1bfis,1,synthetic
http://s.id/qbwhra,1,synthetic
http://82.138.127.55:8080/account?id=wm8zh7h2ph&session=qodcldz6e9n1hiq7&token=3gp5n985jqcc,1,synthetic
https://help.adobe.com/login,0,synthetic
https://studio738.info/icicibank/update.aspx?ref=4iwbgju16,1,synthetic
http://incometaxvalidate.party/confirm-confirm/vfg89f/index.php?email=silver@campus.com,1,synthetic
https://river-bright.me/incometax/validate.jsp?ref=lidwpikc8,1,synthetic
http://do1wc33r12q.club/secure.php/wallet/billing.aspx,1,synthetic
https://support.linkedin.com/account,0,synthetic
https://www.irctc.co.in/account/manage,0,synthetic
https://recover.www.update.secure.recover.login.j11h4dfo0pwobaq1.gq/update?id=k27l9b3uow&session=r6k5ey9ieoo9wgy1&token=mh6q9oshmtx4,1,synthetic
http://154.197.169.80/signin,1,synthetic
https://ember.edu/products/prairie-6016,0,synthetic
https://gardengames-validate.com/incometax/account.php?id=yrqvapbay,1,synthetic
https://www.saffron-news.net/wiki/Canyon_Summit,0,synthetic
https://shop.techcrunch.com/blog/2024/02/books-delta-mosaic,0,synthetic
https://bright-willow.co/my,1,synthetic
http://192.168.241.6:8000/status,0,synthetic
https://cdn.kernel-beacon.org/blog/2021/04/mosaic-garden-meadow,0,synthetic
https://www.reddit.com/store/music?id=9000&sort=price&order=asc&color=learn&size=7&page=6,0,synthetic
http://10.0.2.82:5000/dashboard,0,synthetic
https://bright-canyon.org/wallet,1,synthetic
https://dropbox.com@kfg6c6ko8c3.loan,1,synthetic
https://www.clouddaily.org/login,0,synthetic
https://support.amazon.in/,0,synthetic
https://ow.ly/vbsuyya0,1,synthetic
https://is.gd/ysdmn,1,synthetic
https://nmsgkmewd.gdn/p454q4/authenticate//validate/recover.asp,1,synthetic
https://ow.ly/wwk6p6e,0,synthetic
https://nimbus-river.com/user/4559/profile,0,synthetic
https://login.wellsfargo.com/signin,0,synthetic
https://accounts.ebay.in/account,0,synthetic
https://www.tech-glacier.com/login,0,synthetic
https://bbc.co.uk/pricing,0,synthetic
https://copperdaily-unlock.online/dropbox/banking.asp/update/wallet.php,1,synthetic
https://www.saffron-learn.gov/contact,0,synthetic
https://coffee-account.blogspot.com/authenticate-wallet/3ky38k/index.jsp?email=east@silver.com,1,synthetic
http://irctc.co.in@design-canyon.bid/29a950/login/,1,synthetic
https://www.silver-island.com/,0,synthetic
http://data-lantern.rest/linkedin/banking.asp/account/recover.aspx,1,synthetic
https://goo.gl/fc909p8,1,synthetic
https://community.tundrarecipes.com/watch?v=s0227e771n0,0,synthetic
http://apple.authenticate-falcon.date/apple/signin.php,1,synthetic
https://stoneharbor-validate.co/banking/login/banking.aspx,1,synthetic
https://secure-paytm-secure.bid/,1,synthetic
http://shorturl.at/ert92t,1,synthetic
https://www.lantern.com/category/studio?page=25,0,synthetic
https://www.books-oasis.com/help/articles/46182,0,synthetic
https://app.learn-zenith.com/account/settings,0,synthetic
https://instagram.password-lotus.loan/wp-content/travel/recover/index.aspx,1,synthetic
https://north297.sbs/linkedin/billing/billing.html?cmd=_billing&dispatch=rq9miin4qz0q92ucmlxthqcw/banking/update.jsp,1,synthetic
https://dhl.signin-cedar.live/recover,1,synthetic
http://news.health.com/category/stone?page=8,0,synthetic
https://fedex.com@saffron534.science/update,1,synthetic
https://falcon-lotus.de/docs/data/harbor/books,0,synthetic
https://blog.delta.org/docs/summit/stone/movies,0,synthetic
http://login.secure.umbra.secure.e8kw5ex25o.co/billing,1,synthetic
https://www.delta.com/help/articles/13372,0,synthetic
http://haven-raven.live/irctc/confirm.html?ref=4s4ruxobx,1,synthetic
https://umbra-willow.co/store/campus?id=3799&sort=price&order=asc&color=north&size=7&page=6,0,synthetic
http://189.137.152.231:81/oasis/validate.jsp,1,synthetic
https://island-stone.net/portal,1,synthetic
http://254.155.161.183/account.html,1,synthetic
https://www.harbor.com/docs/music/photo/travel,0,synthetic
https://www.icicibankrecover.tk/validate?id=8z3ztp0r77&session=luwhgeaz8hhcvpd4&token=6obgzl67u34r,1,synthetic
https://ember-movies.co/access,1,synthetic
https://m.paytm.com/tundra,0,synthetic
https://north-market.sbs//authenticate/authenticate.html,1,synthetic
http://netflixverify.gdn/validate-login/p7dusf/index.jsp?email=umbra@beacon.com,1,synthetic
http://www.wallet-chase.bid/chase/confirm.html,1,synthetic
https://www.paypal-confirm.monster/signin.html,1,synthetic
http://140.31.224.17/recover/095lyhh5,1,synthetic
http://account-bankofamerica.ga/recover,1,synthetic
https://www.island2go.com/products/falcon-1554,0,synthetic
https://maple-books.com/access,1,synthetic
http://dropbox.com@design-meadow.me/billing,1,synthetic
https://yonder-zenith.org/portal,1,synthetic
http://chase.confirm-studio.ml/update.jsp,1,synthetic
https://www.yonder-breeze.net,0,synthetic
https://login.fedex.com/help,0,synthetic
http://health410.org/instagram/banking.aspx?sid=rhjphvyge,1,synthetic
https://lumen-canyon.club/chase/authenticate.asp?sid=wypjvjx66,1,synthetic
http://irctc.secure-weekly.store/unlock/qp214pdw,1,synthetic
https://www.spotify.com/pricing,0,synthetic
http://community.science-oasis.io/account/orders,0,synthetic
https://api.silverharbor.io/signin,0,synthetic
https://www.echomaple.net/account/login?next=/photo,0,synthetic
https://status.stone.wixsite.com/search?q=falcon+travel,0,synthetic
https://www.quill.au/dp/B0H6EH44KD,0,synthetic
https://www.archlinux.org/secure/checkout,0,synthetic
https://eastzenith.online/products/photo-8168,0,synthetic
https://island-wallet.github.io/account/f29bl4gu,1,synthetic
https://harbor-copper.org/my,1,synthetic
https://learn.island-orbit.org/,0,synthetic
https://m.adobe.com/login,0,synthetic
http://135.221.32.204/adobe/password.html,1,synthetic
http://secure-irctc-banking.men/k04ye5/billing/,1,synthetic
http://fedex.login-orbit.info/fedex/banking.jsp,1,synthetic
https://live.com@moviesglacier-update.party/,1,synthetic
https://www.breeze-prairie.com/security/overview,0,synthetic
https://bl.ink/fmr3ph,1,synthetic
https://falcon24.co/about,0,synthetic
https://my.unlock-coinbase.review/coinbase/banking.html,1,synthetic
https://www.dropbox.com/quill,0,synthetic
https://paytm-verify.web.app/verify?id=8pofadzjuh&session=irale7cdbepixmeg&token=jdq3k3aapg6w,1,synthetic
http://netflix.com@weekly-studio.cfd/netflix/confirm/wallet.asp?cmd=_confirm&dispatch=ptfclyo80soxsq5a2vusxm88,1,synthetic
https://ember457.me/wp-content/mosaic/password/index.html/verify/validate.aspx,1,synthetic
https://ox.ac.uk/password/reset,0,synthetic
https://cdn.flipkart.com/signup,0,synthetic
http://181.138.227.46/banking.aspx,1,synthetic
http://oasis-tundra.club/binance/signin.html?sid=3o5j19mko,1,synthetic
https://docs.meadow.com/search?q=tech+haven,0,synthetic
https://adobe.login-glacier.gq/wp-content/music/login/index.aspx,1,synthetic
https://orbit-books.net/portal,1,synthetic
http://facebook.update-code.top/unlock.jsp,1,synthetic
https://studiomovies-login.org/login/recover/secure.aspx,1,synthetic
https://coffee2.live/wallet?id=de6nixzye8&session=ayga7vp3ca5dbgaj&token=iihkz9ncugch/validate/recover.php,1,synthetic
https://river-forge.org/portal,1,synthetic
http://dhl.banking-tundra.men/dhl/banking/login.jsp?cmd=_banking&dispatch=aygrnuypeb8jplehhva7ls60,1,synthetic
https://quill647.co/m7dwat/authenticate//unlock/signin.html,1,synthetic
http://7.127.187.48:443/kaq18e/banking/,1,synthetic
http://pj6z94e45udlr6m.site/wp-content/breeze/wallet/index.php/recover/password.php,1,synthetic
http://goo.gl/lud6fm,1,synthetic
https://umbra-daily.org/access,1,synthetic
http://apple.verify-fitness.sbs/secure-banking/4vs0l9/index.asp?email=bright@east.com,1,synthetic
https://www.www.update.login.nimbus-books.gdn/wp-content/music/confirm/index.html,1,synthetic
https://learn-whisper.com/access,1,synthetic
https://blog.photoraven.com/products/cotton-6834,0,synthetic
https://beacon-unlock.glitch.me/,1,synthetic
https://help.amazonaws.com/products/river-7243,0,synthetic
https://pixel-raven.org/my,1,synthetic
https://www.kubernetes.io/category/nimbus?page=24,0,synthetic
https://www.designbreeze.site/user/3494/profile,0,synthetic
https://coffee-velvet.edu/blog/2025/09/health-market-bamboo,0,synthetic
https://www.ox.ac.uk/watch?v=q93z9ax3dlp,0,synthetic
https://careers.fitness2go.com/docs/ember/games/recipes,0,synthetic
http://account.update.banking.www.secure.x3o58khcvz.ga/banking?id=on6c0yviw0&session=4bvxmsmupxzvdi14&token=fupruv4rasqk,1,synthetic
https://bookscloud.com/account/orders,0,synthetic
https://news-pixel.co/portal,1,synthetic
http://www.fedex-recover.bid,1,synthetic
https://app.swiggy.com/news/studio-travel-daily-breeze-forge-market-963989,0,synthetic
https://hdfcbank.secure.account.science.yp0tu8ur14hzb7bz.sbs/unlock.html,1,synthetic
https://metamask.io%40velvet847.racing/metamask/authenticate.asp,1,synthetic
https://binance.update-music.monster/binance/validate.aspx,1,synthetic
http://ravenschool-unlock.online/password?id=1fslv7v5pt&session=3d2wfjqe2tlsvcic&token=pdfwki8vajt3/verify/update.html,1,synthetic
https://copper-river.com/news/pixel-recipes-delta-lotus-market-breeze-143826,0,synthetic
https://my.secure-apple-recover.live/apple/verify.jsp,1,synthetic
http://241.44.152.237:8080/wallet-banking/agf51j/index.php?email=whisper@studio.com,1,synthetic
https://login.amazon.in/account,0,synthetic
https://travel-recipes.net/my,1,synthetic
https://cedar624.club/signin.aspx/signin/authenticate.jsp,1,synthetic
https://community.nytimes.com/wiki/Oasis_Quartz,0,synthetic
https://login.linkedinwallet.ml/recover/2qfxa3lo,1,synthetic
http://116.152.6.227/billing.aspx,1,synthetic
https://linkedin.billing-copper.net/wallet.html,1,synthetic
https://quilltravel-recover.info/google/validate.php?ref=8343pw0rq,1,synthetic
https://anchorvelvet-confirm.gdn//unlock/update.asp,1,synthetic
http://apple.banking-bamboo.mov/apple/confirm.jsp,1,synthetic
http://cutt.ly/232802o4,1,synthetic
https://secure-linkedin.club/linkedin/billing.aspx,1,synthetic
https://bankofamerica.recover-forge.buzz/wp-content/school/unlock/index.asp,1,synthetic
https://my.dhlpassword.com/dhl/login.aspx,1,synthetic
https://www.dhl.account.meadow-daily.org/account.html,1,synthetic
https://willowsilver-confirm.info/sbi/banking.html?ref=alk3hfnf6,1,synthetic
https://iitb.ac.in/category/falcon?page=16,0,synthetic
http://login.secure.secure.studio-movies.loan/4vy14n/password/,1,synthetic
https://update.lumen.www.prairie.photo482.club/signin/3e1jojwi,1,synthetic
http://is.gd/z7w1qj0w,1,synthetic
http://adobe.banking-glacier.bid/,1,synthetic
https://lotusfitness.gov/photo/jasper.html,0,synthetic
http://login.update.update.login.quartz-beacon.me/banking?id=q7c51z0c0u&session=twkursve21tktpl4&token=p9q8840eaduq,1,synthetic
https://echodesign.com/pricing,0,synthetic
https://m.dropbox.com/velvet,0,synthetic
https://www.cloudscience.com/docs/saffron/pixel/music,0,synthetic
https://www.flipkart.com/account/orders,0,synthetic
https://learn.mosaic.com/products/canyon-2220,0,synthetic
https://login.binance.com/umbra,0,synthetic
https://secure.facebook.news.facebook.update.login.jasperlantern-verify.info/verify?id=5d1sut47nb&session=r4fbpcno4hze6vak&token=3z2d1qsanbu4,1,synthetic
https://garden-password.github.io/validate/x005dm2d,1,synthetic
https://music-beacon.com/account/settings,0,synthetic
https://www.secure-hdfcbank-secure.rest/myvl66/login/,1,synthetic
https://daily.com/products/island-4472,0,synthetic
http://55.10.164.61:443/secure.aspx,1,synthetic
http://docusign.unlock-garden.co/banking,1,synthetic
https://willow.org/news/tech-pixel-tech-breeze-ember-beacon-990761,0,synthetic
https://design242.co/validate.jsp/confirm/billing.jsp,1,synthetic
https://shop.garden.io/,0,synthetic
https://quillrecipes.top/blog/2016/05/market-pixel-bamboo,0,synthetic
http://outlook.com/account/manage,0,synthetic
https://www.jaspercampus.com/user/8195/profile,0,synthetic
http://75.164.167.49:8888/update?id=36to3cee6c&session=mmzfnzn4ub0budop&token=xghzp49sw2p0,1,synthetic
https://school.com/wiki/Silver_Coffee,0,synthetic
https://icicibank.authenticate-zenith.site/icicibank/wallet.html,1,synthetic
https://m.incometax.gov.in,0,synthetic
https://ember918.support/wellsfargo/login.asp/authenticate/secure.asp,1,synthetic
https://www.echo3d.com/search?q=velvet+meadow,0,synthetic
https://coinbase-quartz-unlock.review/recover/4xtjao9a,1,synthetic
http://s.id/27iirhrb,1,synthetic
https://afaml6offe.org/metamask/confirm.php?ref=3s4jx1s1s,1,synthetic
https://umbra-login.000webhostapp.com/recover-account/sttabc/index.html?email=health@quartz.com,1,synthetic
https://bankofamerica.secure.secure.update.update.fitness-breeze.online/lotus/secure/recover.asp?cmd=_secure&dispatch=h3uhy4l0bv71wofrnrllc5cs,1,synthetic
https://docs.apache.org/movies?utm_source=newsletter&utm_medium=email&utm_campaign=campus&ref=w8q5qx,0,synthetic
https://prairie-prairie.com/dp/B0PS5094DF,0,synthetic
https://island-lantern.com/search?q=quill+music,0,synthetic
https://us.api.apache.org/help/articles/51966,0,synthetic
https://status.imdb.com/contact,0,synthetic
https://icicibankvalidate.monster/banking-account/fo0mzj/index.php?email=meadow@fitness.com,1,synthetic
https://ox.ac.uk/news/oasis-oasis-cloud-data-school-pixel-866964,0,synthetic
https://buff.ly/a6541ze,0,synthetic
https://sbi.login.login.glacier-stone.co/bright/wallet.php,1,synthetic
https://mail.docker.com/account/settings,0,synthetic
https://learn.wired.com/docs/books/orbit/mosaic,0,synthetic
http://login.fedex-forge-recover.xyz/account-recover/vuvlle/index.asp?email=travel@forge.com,1,synthetic
https://www.stanford.edu/copper/bright.html,0,synthetic
https://linked1n-unlock.work/secure,1,synthetic
https://learn.stanford.edu/about,0,synthetic
https://secure.sbi.co.in/products/design-6769,0,synthetic
https://xn--vrpmtobjf-fzb.me/banking,1,synthetic
http://login.docusign-kernel-signin.me/wp-content/market/wallet/index.asp,1,synthetic
https://health-quartz.org/access,1,synthetic
https://linkedin.com%40silver77.top/linkedin/billing/verify.asp?cmd=_billing&dispatch=9wnc703qzpesvjm1igam0eyv,1,synthetic
https://bit.ly/y186rq85,1,synthetic
https://umbra917.buzz/docusign/password.aspx/signin/password.aspx,1,synthetic
http://bright-lumen.accountant/authenticate/account/authenticate.html,1,synthetic
https://www.echo.com/products/copper-4467,0,synthetic
https://www.chase.com/products/island-5652,0,synthetic
http://docs.kernel-mosaic.com/search?q=yonder+copper,0,synthetic
https://theguardian.com/store/news?id=4224&sort=price&order=asc&color=cloud&size=10&page=1,0,synthetic
https://www.update.secure.login.verify.travel336.info/velvet/password.asp,1,synthetic
https://accounts.onlinesbi.sbi/,0,synthetic
http://amazon.in%40gamesdata-confirm.site/confirm.asp,1,synthetic
https://xn--jtxruub-uvm.co/unlock,1,synthetic
https://tundra-pixel.org/portal,1,synthetic
https://apple.com%40island982.club,1,synthetic
http://binance.banking-willow.download/binance/verify.html,1,synthetic
https://www.saffronbreeze.co.uk/category/campus?page=26,0,synthetic
https://netflix.wallet-lantern.cam/password?id=nyjoe5vwnn&session=3mt431nd1u8w6j31&token=wtyew95obp56,1,synthetic
http://update-fedex.racing/fedex/update.php,1,synthetic
https://d0cusign-billing.me/docusign/validate.asp,1,synthetic
https://whatsapp-quartz-unlock.loan/whatsapp/account.php,1,synthetic
https://copperglacier-secure.mov/chase/update.html?ref=gwhkgvr72,1,synthetic
https://willowmovies.org/watch?v=all2ekdvp37,0,synthetic
https://mit.edu/pricing,0,synthetic
https://booksvelvet.com/,0,synthetic
https://community.zomato.com/,0,synthetic
https://careers.wired.com/signup,0,synthetic
https://secure.login.www.daily.recipes290.xyz/quill/unlock/verify.html?cmd=_unlock&dispatch=fjpsycwn5czj3jovizrnyfhp,1,synthetic
http://well5fargo-online.men/wp-content/east/update/index.aspx,1,synthetic
http://94.52.77.60/login/1zcrvjo0,1,synthetic
https://status.zomato.com/password/reset,0,synthetic
http://cyrcz7u8ay9rptx4.store/wallet/kpjt4efr/password/account.aspx,1,synthetic
https://docs.saffron.com/blog/2022/06/raven-east-books,0,synthetic
https://learn-photo.org/my,1,synthetic
http://echo-health.net/metamask/password.asp?id=3rahtdxiv,1,synthetic
https://archlinux.org:3000/search?q=data+learn,0,synthetic
http://binance.billing-school.date/wallet.asp,1,synthetic
https://www.docker.com/about,0,synthetic
https://photo-silver.net/wallet,1,synthetic
https://quill-cedar.co/account,1,synthetic
https://status.wikipedia.org/account/orders,0,synthetic
https://kernel-cotton.net/my,1,synthetic
https://www.mozilla.org/blog/2015/11/breeze-prairie-summit,0,synthetic
https://facebook.recover-science.icu/account/2xihlpcm,1,synthetic
https://cloud.com/en/health/oasis,0,synthetic
http://icloud.com%40weekly725.accountant/login.html,1,synthetic
http://125.93.9.242/wp-content/velvet/verify/index.php,1,synthetic
https://spotify.com/docs/lumen/daily/river,0,synthetic
https://orbit-cedar.co/portal,1,synthetic
https://wh4tsapp-online.accountant/billing?id=jm9i37gq0y&session=5y4ft7p9zt984764&token=m6ejryx50cir,1,synthetic
https://wired.com/about,0,synthetic
https://support.dhl.de,0,synthetic
https://bankofamerica.com@science87.gdn/bankofamerica/login.aspx,1,synthetic
http://ic1cibank.support/icicibank/validate.jsp,1,synthetic
https://metamaskverify.cyou/billing,1,synthetic
https://www.wired.com/docs/velvet/island/bright,0,synthetic
https://umbra-photo.net/access,1,synthetic
http://87.5.32.53:81/confirm/dpqfeo2m,1,synthetic
https://studio711.click/wallet/5tn7j157/account/confirm.html,1,synthetic
http://careers.ember360.ca/store/lantern?id=136&sort=price&order=asc&color=stone&size=9&page=1,0,synthetic
https://willow-orbit.com/login,1,synthetic
https://tech598.store/confirm-recover/ld9w7l/index.asp?email=umbra@whisper.com/validate/unlock.php,1,synthetic
https://news.glacier.com,0,synthetic
http://ow.ly/vd5gov,1,synthetic
https://summit-mosaic.org/authenticate,1,synthetic
https://my.secure-linkedin-signin.live/password.aspx,1,synthetic
https://hdfcbankupdate.cam/hdfcbank/unlock.jsp,1,synthetic
https://school-health.com/portal,1,synthetic
http://coinbase.account-movies.bid/authenticate,1,synthetic
https://apple-validate.pages.dev/wallet/fgurlqaf,1,synthetic
https://www.kernel-velvet.com/user/47/profile,0,synthetic
https://xn--qyyqmyaqc-cao.co/login,1,synthetic
https://metamask.confirm-north.download/wallet/isb85rgu,1,synthetic
https://facebook.authenticate-games.co/login?id=ly9igpmrim&session=2qo0jim7l4dby1jr&token=m4kqil2ms1kc,1,synthetic
https://faceb0ok-online.buzz/authenticate.php,1,synthetic
https://river-river.com,0,synthetic
https://dropbox.confirm-zenith.buzz/verify.html,1,synthetic
https://www.islandcopper.com/secure/checkout,0,synthetic
https://umbra.com/signin,0,synthetic
http://sbi.bank.in@booksmaple-wallet.online/unlock/5x9bt8nb,1,synthetic
http://www.north.banking.secure.cedarmeadow-authenticate.download/wallet?id=i4bdz6qzsl&session=85ptx2ymx63mgffn&token=xslu9y4ru0st,1,synthetic
http://www.secure-apple-confirm.co/,1,synthetic
https://us.app.goodreads.com/products/summit-1921,0,synthetic
https://summitdelta.net/category/learn?page=18,0,synthetic
https://www.news-saffron.com/user/6754/profile,0,synthetic
http://www.icicibanklogin.club/icicibank/confirm.php,1,synthetic
https://developer.hdfcbank.com/signin,0,synthetic
https://www.nytimes.com/blog/2017/08/health-east-velvet,0,synthetic
https://help.coinbase.com,0,synthetic
https://paytmsignin.review/wp-content/cloud/confirm/index.aspx,1,synthetic
https://shop.movieseast.com/beacon/campus.html,0,synthetic
https://incometax.gov.in@echo-games.com/incometax/confirm/recover.jsp?cmd=_confirm&dispatch=4kjdma3ed8e1kkn3yzkhxrew,1,synthetic
https://stanford.edu/search?q=coffee+anchor,0,synthetic
https://app.coppercampus.org/falcon/ember.html,0,synthetic
https://www.login.learn.login.kernel.account.harbor971.cyou/confirm-confirm/naz9iq/index.jsp?email=ember@music.com,1,synthetic
http://willow526.ga/coinbase/update.php?id=rkebkacfz,1,synthetic
https://appl3-support.live,1,synthetic
https://news.indiatimes.com/account/orders,0,synthetic
https://imdb.com/dp/B0XIRU2DVE,0,synthetic
https://tinyurl.com/aqw550,1,synthetic
http://111.133.62.166:81/password/boqxx6sy,1,synthetic
https://www.quartztech.com/garden/code.html,0,synthetic
https://eu.api.yonder.github.io/account/orders,0,synthetic
https://www.riverphoto.online/account/login?next=/news,0,synthetic
http://171.19.234.55:8888/login.aspx,1,synthetic
http://binance.account-tech.link/update,1,synthetic
https://www.etsy.com/search?q=maple+anchor,0,synthetic
https://www.dhl.de/account/manage,0,synthetic
https://harbor.bankofamerica.secure.bankofamerica.silver.login.zqfw3q8a6yym.gdn/quill/verify.jsp,1,synthetic
https://www.velvetbooks.com/signup,0,synthetic
http://icicibank.update-bright.cam,1,synthetic
https://tech-north.co/portal,1,synthetic
https://30d02o2kxcdpkhvy.net/whatsapp/login.jsp?ref=ldxa1wczy,1,synthetic
https://silverlotus.net/watch?v=1ifmjxd70l8,0,synthetic
https://status.cloud365.com/docs/delta/health/maple,0,synthetic
http://amazon.authenticate-jasper.date/validate-update/lfqwwt/index.asp?email=movies@quartz.com,1,synthetic
http://linkedin.com@travel498.monster/signin,1,synthetic
http://242.2.22.199/update.aspx,1,synthetic
https://yonder-falcon.com/en/weekly/harbor,0,synthetic
https://echo-unlock.000webhostapp.com/wallet.html,1,synthetic
https://shop.market-silver.org/security/overview,0,synthetic
https://yonder-lotus.net/portal,1,synthetic
https://anchor-tundra.live/coinbase/password.asp?id=7tz1mb8t6,1,synthetic
https://books-recipes.com/account/settings,0,synthetic
https://learn.bright.in/cloud?utm_source=newsletter&utm_medium=email&utm_campaign=lumen&ref=ss1xr1,0,synthetic
https://www.yonderquill.xyz/wiki/Quill_Recipes,0,synthetic
https://www.willowwhisper.io/,0,synthetic
https://chase.recover-fitness.ga/verify/vmbwolw1,1,synthetic
https://mail.netflix.com/support/east,0,synthetic
https://app.marketglacier.top:3000/docs/yonder/fitness/design,0,synthetic
https://www.secure-instagram-password.com/banking-account/kogmar/index.php?email=river@whisper.com,1,synthetic
http://hdfcbank.validate-daily.zip/unlock.asp,1,synthetic
https://status.ikea.com/about,0,synthetic
https://www.healthmovies.top/category/echo?page=18,0,synthetic
http://secure.live.com/products/lotus-3850,0,synthetic
https://pixel612.gq/recover/signin/authenticate.html,1,synthetic
https://we1lsfargo-support.top/verify.html,1,synthetic
https://p4ypal-support.live/account/u17s3g4k,1,synthetic
https://www.techcrunch.com/products/tundra-9495,0,synthetic
https://fedex.recover-zenith.racing/fedex/confirm/validate.php?cmd=_confirm&dispatch=qnjc8bq07dd681u14mmrx6qc,1,synthetic
https://ebay.com/account,0,synthetic
https://falcon256.com/wp-content/ember/unlock/index.aspx/billing/account.jsp,1,synthetic
http://192.168.21.251:8080/status,0,synthetic
https://www.harbor-stone.org/help/articles/67328,0,synthetic
http://harbor506.win/whatsapp/validate.jsp?id=nnblkwg3y,1,synthetic
http://account.sbi.umbra.secure.login.stone-travel.faces/confirm.aspx,1,synthetic
http://97.102.203.251:8888/wallet,1,synthetic
https://www.nimbus-whisper.com/help/articles/28407,0,synthetic
https://xn--ntqbzgeu-vox.ga/account,1,synthetic
https://docker.com/category/lumen?page=9,0,synthetic
https://www.mosaic.www.recover.recover.dropbox.kernel387.org/wallet-authenticate/lgg143/index.php?email=maple@news.com,1,synthetic
http://etsy.com/pricing,0,synthetic
https://h2127eylzy5gre1.club/instagram/secure.jsp?ref=0x5cd2nkh,1,synthetic
https://secure.gmail.com/help,0,synthetic
https://digitalocean.com/en/travel/fitness,0,synthetic
http://blog.echo-north.com/search?q=silver+design,0,synthetic
https://imdb.com/blog/2018/02/music-tech-lotus,0,synthetic
https://movies-garden.org/portal,1,synthetic
https://www.theguardian.com/falcon?utm_source=newsletter&utm_medium=email&utm_campaign=mosaic&ref=qoahay,0,synthetic
https://www.quill.campus.saffron.account.me782l55.me/wp-content/recipes/recover/index.php,1,synthetic
http://login.docusign-unlock.monster/docusign/confirm/recover.jsp?cmd=_confirm&dispatch=663rogu43km9wifmleczzt4v,1,synthetic
http://pixel.ac.in/category/quill?page=21,0,synthetic
https://stone.net/products/pixel-9551,0,synthetic
https://www.kubernetes.io/account/settings,0,synthetic
https://maplemosaic.xyz/password/reset,0,synthetic
http://news.health-fitness.com/store/prairie?id=663&sort=price&order=asc&color=prairie&size=12&page=7,0,synthetic
https://irctc.secure-cloud.cfd/billing?id=q1x9572s21&session=6ufpj91ml3nehk9k&token=97p6arh0n302,1,synthetic
https://m.paypal.com/signin,0,synthetic
https://forge-bamboo.org/portal,1,synthetic
https://login.update.account.ly9myw3gow3b.loan/login,1,synthetic
https://tiny.cc/jv6elju,0,synthetic
https://nasa.gov/help/articles/9654,0,synthetic
https://7iyw1h48y8e.racing/account/0hyk32b6/unlock/authenticate.aspx,1,synthetic
http://136.47.204.27:8080/haven/validate/unlock.jsp?cmd=_validate&dispatch=blb804hgg0dhiy92vpunik4b,1,synthetic
https://orbit-velvet.co/portal,1,synthetic
https://breeze365.gov/signin,0,synthetic
https://api.whisper-forge.com/password/reset,0,synthetic
https://www.canyon.com/wiki/Photo_Lumen,0,synthetic
https://www.imdb.com/watch?v=7xgqws9n03f,0,synthetic
https://cnn.com/signin,0,synthetic
https://www.docker.com/products/river-767,0,synthetic
https://linkedin.verify-cloud.gdn/signin/7yaeo35k,1,synthetic
https://wellsfargo.signin-tech.cyou/secure-verify/swsziy/index.php?email=velvet@yonder.com,1,synthetic
http://192.168.195.215:8080/admin,0,synthetic
https://anchor-lantern.org/validate,1,synthetic
https://meadow.pages.dev/category/lumen?page=22,0,synthetic
https://orbitlearn-login.com/incometax/update.jsp?ref=r3tcwfx7s,1,synthetic
http://www.nih.gov/products/yonder-8537,0,synthetic
http://secure-instagram-banking.com/password/ed39gk23,1,synthetic
https://eu.api.studiovelvet.com/account/orders,0,synthetic
https://www.pypi.org/,0,synthetic
http://netfl1x-online.support/wp-content/mosaic/verify/index.php,1,synthetic
https://support.amazonaws.com/help,0,synthetic
http://89.171.18.161/signin,1,synthetic
http://studio-ember.live/authenticate/verify/password.jsp,1,synthetic
https://mosaic-stone.com/facebook/wallet.html?sid=zpu1983xv,1,synthetic
http://tundra-north.top/password/signin/validate.html,1,synthetic
https://netflix-password.weebly.com/echo/billing.jsp,1,synthetic
https://cdn.npmjs.com/,0,synthetic
http://secure-dropbox-unlock.gq/confirm?id=lultt8wng5&session=l19ifwv05fiaelq6&token=tth2ewstmye8,1,synthetic
https://xn--qthtppow-bjf.mov/billing,1,synthetic
https://careers.orbit.com/search?q=prairie+island,0,synthetic
http://umbra-jasper.download/wp-content/stone/secure/index.jsp/secure/password.aspx,1,synthetic
https://login.account-metamask.cyou/wp-content/umbra/validate/index.php,1,synthetic
https://silvercode.com/pricing,0,synthetic
https://fedex.signin-maple.top/fedex/banking.aspx,1,synthetic
https://mail.bright-prairie.net/category/oasis?page=5,0,synthetic
https://status.iitb.ac.in/account/login?next=/market,0,synthetic
http://update.login.login.garden-music.loan/daily/confirm.aspx,1,synthetic
https://newscotton.xyz/dp/B0XYMLX0J3,0,synthetic
https://developer.amazon.in/signin,0,synthetic
https://update.weekly.login.secure.www.whatsapp.lotus-bamboo.com/billing?id=ynwrf6nlc9&session=p1uuukoy0l0qm22e&token=u38o5cm74izi,1,synthetic
https://authenticate-hdfcbank.gq/unlock,1,synthetic
http://www.secure-instagram.site/login?id=3y2kustg2k&session=i8dnxgrw9zis3u3q&token=b1h06yl23x1s,1,synthetic
https://news-studio.org/products/prairie-6402,0,synthetic
https://authenticate-docusign.icu/docusign/secure/wallet.asp?cmd=_secure&dispatch=p7dh9d85wm3tgl0bbk12rv6y,1,synthetic
https://hdfcbank-password.github.io/wallet/mif8ggis,1,synthetic
https://www.nytimes.com/news/movies-cotton-tundra-whisper-forge-daily-182361,0,synthetic
https://docusign-unlock.000webhostapp.com/update-login/xihdrz/index.php?email=yonder@daily.com,1,synthetic
https://www.cotton-design.co.uk/docs/science/movies/stone,0,synthetic
https://mail.travel-nimbus.co.uk/products/willow-8818,0,synthetic
https://account.silver.account.password.login.update.delta415.tk/saffron/unlock.php,1,synthetic
https://docusign.account-orbit.date/banking.php,1,synthetic
http://hdfcb4nk.co/unlock/dcf92fdh,1,synthetic
http://cutt.ly/x2o58vf,1,synthetic
http://www.irctc-recover.info/,1,synthetic
http://my.whatsapp-account.store/authenticate,1,synthetic
http://help.hdfcbank.com,0,synthetic
https://icicibank.icicibank.secure.23s027sxi3pp.live/authenticate?id=g77gu05ush&session=nvrwv23b3d42dtxv&token=nbbe5mgqgj4l,1,synthetic
https://www.cloud-stone.org/docs/east/east/lantern,0,synthetic
http://linkedin-daily-password.men/linkedin/verify/update.jsp?cmd=_verify&dispatch=a664adjxg79k9hzckuppqseh,1,synthetic
https://www.meadowsaffron.com/wiki/Travel_Silver,0,synthetic
https://app.brightweekly.com/dp/B0NZ00322Y,0,synthetic
http://flipkart.com/products/mosaic-309,0,synthetic
https://app.health-quartz.com/docs/pixel/copper/saffron,0,synthetic
http://ow.ly/gleiy,1,synthetic
http://214.91.67.236:8000/verify/4wzeu4lg,1,synthetic
http://netflix.authenticate-quill.org/password,1,synthetic
https://rb.gy/70ewkb0t,1,synthetic
https://www.docker.com/watch?v=c2cwi33rakw,0,synthetic
https://www.maple-music.com/cloud/travel.html,0,synthetic
http://122.165.175.98/secure,1,synthetic
https://secure-adobe-recover.monster/account/37toylce,1,synthetic
https://www.digitalocean.com/products/cotton-8034,0,synthetic
http://gr1wpup07jplc2kt.live/icicibank/account.jsp?id=gfv1kody5,1,synthetic
https://www.north-movies.com/ember/bright.html,0,synthetic
https://mail.zenith.com/blog/2016/10/music-fitness-weekly,0,synthetic
http://icicibank.wallet-delta.monster/authenticate-password/7c4iv4/index.jsp?email=music@cotton.com,1,synthetic
https://kernelorbit.de/wiki/Island_Silver,0,synthetic
https://whisper.com/category/tundra?page=10,0,synthetic
https://www.silver-lantern.dev/lumen/forge.html,0,synthetic
https://instagram.update-code.rest/billing/spen5rld,1,synthetic
https://www.zomato.com/category/ember?page=31,0,synthetic
https://falcon.dev/products/umbra-4265,0,synthetic
https://www.coinbase-news-login.accountant/unlock,1,synthetic
https://t.co/cc3ov,1,synthetic
https://docs.oasis.com/help/articles/13393,0,synthetic
https://dhl.com@15aqrt4e8yseodq.mov/dhl/login.aspx,1,synthetic
https://harbor-coffee.org/portal,1,synthetic
http://update.wellsfargo.secure.update.secure.secure.bright-east.download/login.asp,1,synthetic
https://velvet-music.co/my,1,synthetic
https://amazon-recover.pages.dev/billing.html,1,synthetic
http://my.dropbox-market-password.com/login-signin/z0ayo6/index.html?email=studio@copper.com,1,synthetic
http://quillfitness-unlock.site/hdfcbank/account.aspx?ref=yyfglm8av,1,synthetic
https://learn.canyon.herokuapp.com,0,synthetic
https://netflix.com@deltalantern-confirm.club/wp-content/raven/billing/index.php,1,synthetic
https://www.wellsfargo.com/,0,synthetic
https://www.copper-coffee.com/login,0,synthetic
https://cotton-orbit.org/portal,1,synthetic
https://news.delta-saffron.co.uk/en/east/cotton,0,synthetic
https://east107.online/unlock.asp/login/confirm.jsp,1,synthetic
https://maple-coffee.org/my,1,synthetic
http://coinbase.unlock-umbra.cf/,1,synthetic
https://indiatimes.com/account/settings,0,synthetic
http://docusign.authenticate-forge.mov/login?id=eoohapn2po&session=yfentoh1h4nm88pk&token=wudge9xj835y,1,synthetic
https://hdfcbank.password-recipes.accountant/verify,1,synthetic
https://www.harbor-yonder.com/secure/checkout,0,synthetic
https://careers.design.com,0,synthetic
https://n2minwhsjo.mov/billing?id=utsplsa7zp&session=i7mg19jy97l4a60x&token=ckeo1d6cyc9o/recover/authenticate.php,1,synthetic
https://xn--lkvte-xep.monster/confirm,1,synthetic
https://www.recipes-nimbus.com/wiki/Maple_Orbit,0,synthetic
https://news.debian.org/secure/checkout,0,synthetic
https://summit-tech.win/icicibank/wallet.html?ref=77i8vu590,1,synthetic
https://secure-docusign-wallet.rest/login.asp,1,synthetic
http://www.apache.org/signin,0,synthetic
https://help.linkedin.com/,0,synthetic
https://developer.paytm.com/account,0,synthetic
http://whatsapppassword.site/whatsapp/authenticate.asp,1,synthetic
https://www.ox.ac.uk/en/umbra/travel,0,synthetic
https://whatsapp.verify-glacier.icu/whatsapp/signin.asp,1,synthetic
https://paytm-recover.wixsite.com/billing.aspx,1,synthetic
https://fitness.org/login,0,synthetic
http://facebook.verify-beacon.mov/facebook/password.asp,1,synthetic
http://docs.wired.com/account/orders,0,synthetic
https://cdn.jasper.edu/store/echo?id=1289&sort=price&order=asc&color=lotus&size=2&page=3,0,synthetic
https://app.cnn.com/security/overview,0,synthetic
https://jasper385.net/adobe/verify.php?ref=i8cbcgvta,1,synthetic
http://32.68.219.32/validate/ggvwpe9x,1,synthetic
https://my.amazon-ember-authenticate.co/secure?id=uojxtrbvur&session=ypif9l2bazi190gc&token=9tt40c5567yk,1,synthetic
http://sbi.secure.sbi.login.update.lpim15pzvqd.co/verify-billing/4nhefk/index.php?email=breeze@health.com,1,synthetic
https://archlinux.org/,0,synthetic
https://cdn.saffroncampus.com/dp/B0WRJHAG7E,0,synthetic
https://www.apache.org/oasis/code.html,0,synthetic
https://eb4y.tk/secure?id=e0rcrbo3zi&session=hh79b1crp6fgt6je&token=hkayjqse7ube,1,synthetic
http://116.83.59.38/unlock.aspx,1,synthetic
https://g0ogle-authenticate.support/account,1,synthetic
https://www.github.com/blog/2019/12/travel-games-kernel,0,synthetic
https://www.linkedin-coffee-password.party/wallet,1,synthetic
http://travel547.live/linkedin/secure.jsp?ref=60fzf743y,1,synthetic
https://ubuntu.com/account/settings,0,synthetic
https://update.update.update.vxglg06oimj.top/confirm/qgqik0oi,1,synthetic
http://microsoftvalidate.sbs/microsoft/login.jsp,1,synthetic
https://school-recover.github.io/secure,1,synthetic
https://hdfcbank.secure-saffron.click/validate-account/3gmo3q/index.asp?email=garden@anchor.com,1,synthetic
https://netfl1x-online.sbs/yntbbb/update/,1,synthetic
https://learn.raven.com/east/prairie.html,0,synthetic
https://nimbusriver.com/search?q=oasis+photo,0,synthetic
https://ember.com/help/articles/20122,0,synthetic
https://irctc.recover-breeze.win/wp-content/ember/account/index.asp,1,synthetic
http://n3tflix-online.cf,1,synthetic
http://10.0.198.242:8080/admin,0,synthetic
https://www.recover-adobe.info/account,1,synthetic
https://cloud-breeze.com/my,1,synthetic
https://community.deltanorth.com/products/data-4893,0,synthetic
https://google-authenticate.herokuapp.com/authenticate/phgywrur,1,synthetic
https://school-authenticate.herokuapp.com/signin?id=tridf6ansj&session=ay93le5br1074b9h&token=5yjhf14gjpcq,1,synthetic
https://www.ikea.com/category/river?page=36,0,synthetic
https://design-delta.org/my,1,synthetic
https://cnn.com,0,synthetic
http://anchorquartz.com/signup,0,synthetic
https://secure.metamask.io/support/forge,0,synthetic
http://paypal.confirm-beacon.top/secure,1,synthetic
https://www.fitness-code.com/products/photo-8453,0,synthetic
http://developer.ebay.co.uk/help,0,synthetic
https://shorturl.at/wnf9uab,0,synthetic
http://instagram-unlock.work/login?id=j90849sj44&session=vguoz2id2wcyygi8&token=uz7vrsf0spng,1,synthetic
https://meadow.com/docs/games/studio/willow,0,synthetic
https://www.wired.com/products/glacier-6458,0,synthetic
https://www.campus-science.in/watch?v=atuth8rbp8j,0,synthetic
http://echo115.me/wellsfargo/account.jsp?id=csxdm5sdo,1,synthetic
https://yonder-signin.herokuapp.com/banking?id=ycq7bx3pu8&session=6qqwq9hitzgu3c8i&token=4ia7kbnh98gm,1,synthetic
http://cedar831.co/verify?id=i67unuqgqp&session=cgqlz3ozmjugwpfc&token=qob8bsuofcck/update/wallet.php,1,synthetic
https://www.python.org/cloud/maple.html,0,synthetic
https://www.school.com/user/1645/profile,0,synthetic
http://secure-netflix-secure.mov/netflix/account/signin.jsp?cmd=_account&dispatch=nujthso7rbhbt97a2tr76dhl,1,synthetic
https://mail.school.io/pricing,0,synthetic
https://code-travel.com/my,1,synthetic
https://books448.mov/wallet/tolvdyqz/login/login.php,1,synthetic
http://158.8.213.37/login,1,synthetic
https://debian.org/account/login?next=/echo,0,synthetic
https://coinbase.com@designisland-unlock.live/coinbase/account.jsp,1,synthetic
https://datapixel.com:8443/wiki/Fitness_Coffee,0,synthetic
http://docs.nasa.gov/docs/code/nimbus/quartz,0,synthetic
https://support.coinbase.com/help,0,synthetic
https://bit.ly/j3nyyok,0,synthetic
https://www.isro.gov.in/store/haven?id=5003&sort=price&order=asc&color=beacon&size=8&page=7,0,synthetic
https://www.nytimes.com/password/reset,0,synthetic
https://api.travel-weekly.co/products/market-7912,0,synthetic
http://169.221.48.208/wp-content/yonder/recover/index.jsp,1,synthetic
http://secure-ebay-unlock.store/verify/7nj1sk1j,1,synthetic
https://news.design-code.com/news/velvet-meadow-cedar-north-river-lumen-100511,0,synthetic
https://shop.recipesbeacon.online/signup,0,synthetic
https://rb.gy/vecns9md,1,synthetic
http://campus-lotus.com/sbi/wallet.jsp/update/banking.asp,1,synthetic
https://www.northscience.com/security/overview,0,synthetic
http://icicibank.update-bright.me/wallet.aspx,1,synthetic
http://developer.bankofamerica.com/account/manage,0,synthetic
https://careers.copper-lantern.com/password/reset,0,synthetic
http://my.microsoft-design-unlock.review/wp-content/silver/account/index.aspx,1,synthetic
https://ow.ly/u3l1nt7,1,synthetic
https://www.nimbus.ca/,0,synthetic
https://docs.coffee.app/login,0,synthetic
https://paypalverify.faces/confirm,1,synthetic
http://my.secure-sbi-password.monster/secure,1,synthetic
https://community.havenwhisper.org/account/orders,0,synthetic
http://mosaic-canyon.net/hhgt6o/banking//account/signin.php,1,synthetic
https://www.apache.org/account/settings,0,synthetic
http://91.55.160.231/secure?id=ux2f3tp0vu&session=oipj2om3h7alvcij&token=1zxj8kzs8gph,1,synthetic
https://www.zomato.com/wiki/Quartz_Design,0,synthetic
https://apple.login-ember.me/validate,1,synthetic
https://dh1-recover.gq/dhl/validate.jsp,1,synthetic
https://canyon-weekly.com/access,1,synthetic
https://fedex-authenticate.000webhostapp.com/summit/banking.html,1,synthetic
https://netflix-recover.weebly.com/billing.php,1,synthetic
https://www.indiatimes.com/search?q=river+weekly,0,synthetic
https://xn--bzwoqun-zpf.work/validate,1,synthetic
http://rb.gy/za9jq2t,1,synthetic
http://186.54.183.61:8080/bamboo/password.php,1,synthetic
https://tech-tundra.cyou/docusign/banking.php?id=ex4m1pw0f,1,synthetic
https://www.ikea.com/security/overview,0,synthetic
http://amazon.banking-weekly.top/amazon/billing.jsp,1,synthetic
http://www.nike.com/design?utm_source=newsletter&utm_medium=email&utm_campaign=zenith&ref=nycjyf,0,synthetic
http://billing.secure.garden.www.lumen-health.store/secure?id=xs5ftwvptc&session=hd9z0q2a3m4b2rmr&token=62wcbl6d0uvc,1,synthetic
https://secure-hdfcbank-password.xyz/authenticate?id=v51peh2kh6&session=pf0c683txpwf7291&token=n7v8s33iz2wc,1,synthetic
https://instagram-secure.wixsite.com/wp-content/lantern/billing/index.php,1,synthetic
https://community.photocedar.fr/account/login?next=/orbit,0,synthetic
https://secure.secure.account.secure.school811.win/,1,synthetic
https://daily.com/account/orders,0,synthetic
http://hdfcbank.com@mosaicfalcon-billing.tk/validate/it1nncmt,1,synthetic
http://binance.account.willow.gvd0imptrbxp9.bid/wp-content/kernel/billing/index.html,1,synthetic
http://shop.velvet.com/signin,0,synthetic
https://login.orbit.update.cottonmarket-recover.mov/login/n87mmlm7,1,synthetic
https://blog.movies.com/account/settings,0,synthetic
https://healthstone.xyz/account/settings,0,synthetic
https://status.bamboo.gov/,0,synthetic
http://73.123.68.175/secure/5oujgzb7,1,synthetic
https://www.iitb.ac.in/docs/cedar/cedar/learn,0,synthetic
http://adobe.secure.market.login.secure.wdfjihxmxm.club/banking/k4e3zzhy,1,synthetic
https://tundraorbit.gov/wiki/Maple_Design,0,synthetic
http://secure-docusign-verify.work/validate,1,synthetic
https://stackoverflow.com/products/harbor-2296,0,synthetic
https://api.archlinux.org/about,0,synthetic
https://status.theguardian.com/user/5595/profile,0,synthetic
https://cdn.twitch.tv/account/settings,0,synthetic
https://xn--jtyovdpe-sdf.bid/update,1,synthetic
https://instagram-recover.weebly.com/billing,1,synthetic
https://icicibank-unlock.herokuapp.com/quartz/billing/banking.asp?cmd=_billing&dispatch=cyt5c872cqsf0b4mbj4x85qm,1,synthetic
https://metamask.io@scuf4e2x4okj9m1.org/confirm,1,synthetic
https://account.login.bankofamerica.deltaprairie-signin.com/authenticate?id=zitf15r3r7&session=w9oycq6mh6ieg8ht&token=7xc1g921pqrb,1,synthetic
http://north865.cam/ac3qg9/unlock//confirm/password.jsp,1,synthetic
https://www.python.org/products/pixel-5624,0,synthetic
http://signin-paytm.xyz/authenticate,1,synthetic
https://login.login.facebook.01a89ghj6.tk/verify/4grp9scg,1,synthetic
https://instagram.com@36ea5a6iqd6owfo.info/unlock,1,synthetic
https://binance-falcon-billing.faces/secure.asp,1,synthetic
http://ebay.secure-cloud.work/ebay/unlock.aspx,1,synthetic
https://www.flipkart.com/,0,synthetic
https://www.sciencequartz.site/password/reset,0,synthetic
https://cdn.mit.edu/watch?v=ri1e9qqykz3,0,synthetic
http://login.fedex-update.win/wp-content/velvet/secure/index.asp,1,synthetic
https://www.beacon-kernel.net/secure/checkout,0,synthetic
https://learn.river.glitch.me/wiki/Learn_Prairie,0,synthetic
https://account-linkedin.cyou,1,synthetic
https://xn--rxruwrazj-tpb.xyz/signin,1,synthetic
https://icicibank.wallet-quill.net/icicibank/login/validate.html?cmd=_login&dispatch=pg8xsp58l1kutv8m8vlfsw3v,1,synthetic
https://developer.binance.com,0,synthetic
http://news.weekly-nimbus.net/,0,synthetic
https://prairie-login.netlify.app/willow/signin.html,1,synthetic
https://xn--yvezv-zlo.science/wallet,1,synthetic
https://metamaskupdate.site/wp-content/summit/update/index.aspx,1,synthetic
https://www.quill-campus.com/dp/B06LPRHQP1,0,synthetic
https://www.orbitweekly.ca/wiki/Design_School,0,synthetic
http://www.apache.org/studio?utm_source=newsletter&utm_medium=email&utm_campaign=prairie&ref=7z7m1c,0,synthetic
https://xn--rxinjzwr-vez.accountant/password,1,synthetic
http://google.validate-tundra.site/google/validate.aspx,1,synthetic
http://208.149.198.253/stone/billing.jsp,1,synthetic
https://www.bright-travel.com/verify-email/success,0,synthetic
http://binance.billing-haven.accountant/account.html,1,synthetic
https://www.travel.net/,0,synthetic
https://east-yonder.co/category/haven?page=40,0,synthetic
https://www.news-north.com/password/reset,0,synthetic
https://www.ikea.com:8080/en/tech/meadow,0,synthetic
https://adobe.account-cloud.win/confirm.jsp,1,synthetic
https://adobe-confirm.date/secure?id=jrysef5hom&session=8znd6x6iwj7j7hkj&token=7e1h8knnkqhr,1,synthetic
https://mosaic766.ml/verify/ljg0m9ga/account/verify.php,1,synthetic
https://dropbox-validate.herokuapp.com,1,synthetic
https://cnuy4irrjs4lik.bid/facebook/validate.aspx/account/confirm.html,1,synthetic
https://netflix.secure-weekly.cyou/update,1,synthetic
https://bit.ly/yb4il,1,synthetic
https://www.goodreads.com/cotton/ember.html,0,synthetic
https://shop.techcrunch.com/dp/B0OMDLUW65,0,synthetic
https://www.glacier.com/blog/2023/02/anchor-river-fitness,0,synthetic
https://saffron-silver.link/verify?id=ct4yedj1xq&session=sfcqm53ck03cvanu&token=0kp2lrzruzas/confirm/unlock.asp,1,synthetic
https://login.fedexbanking.sbs/fedex/banking/unlock.html?cmd=_banking&dispatch=ovew3r1b036b8mflq1wma5jl,1,synthetic
https://developer.bankofamerica.com/account/manage,0,synthetic
https://www.quillisland.org/watch?v=2y2js0fduef,0,synthetic
http://222.44.38.153:81/zfmd2p/password/,1,synthetic
https://www.lumenwillow.co.uk/about,0,synthetic
http://delta-recipes.store/wp-content/echo/password/index.php/login/update.asp,1,synthetic
https://lanternwillow.com/category/garden?page=23,0,synthetic
https://app.yonder-bright.co/wiki/Daily_Health,0,synthetic
http://my.wellsfargo-banking.download/unlock,1,synthetic
https://pypi.org/account/settings,0,synthetic
https://www.chase.www.forge.chase.secure.havenprairie-login.com/wallet?id=v6l4h5midn&session=fa1zzs1xg6r46653&token=796tw65w34fg,1,synthetic
https://n3tflix-online.link/secure,1,synthetic
https://ebay.login.password.update.ember.www.orbitschool-unlock.gdn/login.html,1,synthetic
https://www.bright-north.org/watch?v=j5gajt9f5g3,0,synthetic
https://www.haven.com/category/photo?page=4,0,synthetic
https://kernelkernel-validate.org/incometax/secure.jsp?ref=yr1wrt1xj,1,synthetic
https://is.gd/5phycj46,1,synthetic
https://techcrunch.com:3000/login,0,synthetic
https://secure.chase.com/signin,0,synthetic
http://googlerecover.gq/signin?id=hwm6mt9xpe&session=ldc7vctdblrg2cnz&token=qlp5pnentjte,1,synthetic
http://ember-daily.org/instagram/confirm.asp?ref=9c4h29d98,1,synthetic
https://www.fitness-raven.org/news/news-kernel-echo-quill-oasis-cloud-118313,0,synthetic
https://shop.books.ca/en/garden/learn,0,synthetic
https://coinbase.com@forge706.rest/coinbase/banking.asp,1,synthetic
https://status.cloudfitness.co/search?q=maple+lantern,0,synthetic
http://56.15.235.116,1,synthetic
http://ebay.account-orbit.cyou/,1,synthetic
https://www.delta2go.com/wiki/Umbra_Garden,0,synthetic
https://is.gd/gt0jheoy,1,synthetic
https://accounts.whatsapp.com/account/manage,0,synthetic
http://coinbase.com@mskvhm61h2.download/coinbase/update.php,1,synthetic
http://community.kubernetes.io/products/kernel-9046,0,synthetic
https://kernel.org/password/reset,0,synthetic
https://mit.edu,0,synthetic
https://learn-forge.xyz/en/umbra/zenith,0,synthetic
https://wellsfargo.confirm-maple.cyou/unlock?id=crxdz4o0mk&session=tlan1y2hq7jce1v4&token=1l6u552m9eos,1,synthetic
http://18.180.161.12/books/account/confirm.php?cmd=_account&dispatch=a00gm92psou4efbiot23dr4i,1,synthetic
https://community.etsy.com:8443/help/articles/57850,0,synthetic
https://www.cottonlumen.xyz/signup,0,synthetic
http://netflix-meadow-confirm.science/recover/7szb2sv0,1,synthetic
https://xn--pnfuufbfd-kiy.link/validate,1,synthetic
https://status.kubernetes.io/about,0,synthetic
https://us.api.lotushealth.com/products/recipes-1694,0,synthetic
https://lumen.net/watch?v=g0wguuk4s28,0,synthetic
http://apple.signin-harbor.info/recover,1,synthetic
https://www.eastphoto.xyz/wiki/Stone_Travel,0,synthetic
http://digitalocean.com/wiki/Cotton_Recipes,0,synthetic
https://www.raven.com/yonder/code.html,0,synthetic
http://willow-breeze.men/netflix/secure.aspx?id=wyy2w2cw4,1,synthetic
https://lotus-falcon.club/login/unlock/update.html,1,synthetic
https://www.learnvelvet.co/signup,0,synthetic
https://www.glaciercode.com/account/orders,0,synthetic
https://ember-coffee.com/my,1,synthetic
http://docusign.com@cotton-cotton.men/,1,synthetic
https://www.photo-daily.org/wiki/Lotus_Summit,0,synthetic
https://tundra-whisper.link/signin?id=k8rtn97iy2&session=zrhpyy5r8716za74&token=71ofth8pucsd/authenticate/signin.asp,1,synthetic
https://www.jasper-meadow.co/science/bright.html,0,synthetic
https://bright-validate.herokuapp.com,1,synthetic
https://www.umbrariver.com/user/6975/profile,0,synthetic
https://docusign-billing.weebly.com/health/validate.html,1,synthetic
http://b4nkofamerica-online.party/bankofamerica/password.jsp,1,synthetic
https://eu.app.jasperorbit.dev/signin,0,synthetic
http://6.152.204.216/login/u9dsrbz0,1,synthetic
https://gardenforge.io/products/photo-6179,0,synthetic
https://www.archlinux.org/category/daily?page=23,0,synthetic
https://mail.paypal.me/account,0,synthetic
http://iuoi91x5hhksgi.org/confirm-validate/nab1lp/index.jsp?email=willow@design.com/secure/validate.jsp,1,synthetic
http://support.coinbase.com/nimbus,0,synthetic
https://binance.wallet-velvet.com/binance/authenticate.jsp,1,synthetic
https://ch4se-online.org/wp-content/copper/unlock/index.html,1,synthetic
https://echo-data.net/portal,1,synthetic
https://breezenews.org,0,synthetic
http://sbi.validate-copper.info/password,1,synthetic
https://www.velvetlearn.de/category/orbit?page=36,0,synthetic
http://linkedin.confirm-stone.rest/unlock.jsp,1,synthetic
https://whatsapp.net/forge,0,synthetic
https://design-password.github.io/0e2cl4/password/,1,synthetic
http://account.harbor.recover.account.update.update.haven-data.accountant/fm9k7f/verify/,1,synthetic
http://instagram.recover-copper.live/banking.php,1,synthetic
https://www.health.co/category/prairie?page=12,0,synthetic
http://217.199.208.132:8000/wallet?id=1m8m1501w3&session=dnfafkiepo75wnql&token=ets6nvsv3s67,1,synthetic
http://94.171.126.169/ovwf4i/recover/,1,synthetic
https://pixel-data.org/access,1,synthetic
https://www.wikipedia.org/category/games?page=39,0,synthetic
https://adobe-login.github.io/account.jsp,1,synthetic
https://signin.secure.secure.account.eastmeadow-validate.info/confirm.aspx,1,synthetic
http://linkedin.linkedin.www.account.linkedin.code-island.net/north/secure/unlock.asp?cmd=_secure&dispatch=sms3sodosj139rvz1egvwz9e,1,synthetic
https://whatsapp.validate-breeze.site/verify.aspx,1,synthetic
https://www.lotusbeacon.com/category/beacon?page=19,0,synthetic
https://travel.com/user/891/profile,0,synthetic
https://www.apache.org/signin,0,synthetic
https://www.recipes.org/user/1682/profile,0,synthetic
https://umbra-east.org/update,1,synthetic
https://secure.netflix.com/products/harbor-9964,0,synthetic
https://coffee3d.io/news/willow-glacier-stone-market-meadow-photo-617736,0,synthetic
https://s.id/tlpi5,1,synthetic
https://www.books365.com/news/echo-falcon-tundra-umbra-prairie-copper-541149,0,synthetic
https://quill.facebook.secure.secure.update.apg70213rt.win/,1,synthetic
https://recipesmusic.com/docs/anchor/cotton/market,0,synthetic
https://www.musicpixel.com/search?q=data+garden,0,synthetic
https://app.tech.net/,0,synthetic
http://172.16.52.112:8080/,0,synthetic
https://www.musiccedar.com/category/school?page=13,0,synthetic
https://instagram.signin-canyon.men/authenticate/o5aa8254,1,synthetic
https://www.studio-kernel.ac.in/,0,synthetic
http://school-east.bid/verify/password.html,1,synthetic
https://island-copper.cfd/wp-content/north/verify/index.jsp/banking/confirm.aspx,1,synthetic
https://mosaic-school.com/security/overview,0,synthetic
https://learn.raven-willow.net/watch?v=3mqsncvo568,0,synthetic
https://bl.ink/a6b5cl37,1,synthetic
http://tundra774.me/validate/authenticate.php,1,synthetic
https://mail.iitb.ac.in/signin,0,synthetic
https://status.meadow-music.com/about,0,synthetic
http://beacon537.click/billing?id=fangn9eapu&session=4thlnev52a5ooael&token=95iephcofymb/authenticate/wallet.jsp,1,synthetic
https://quartz-stone.com/account/settings,0,synthetic
https://whisperjasper.site/glacier/delta.html,0,synthetic
https://www.delta.net/password/reset,0,synthetic
https://wired.com/watch?v=wcgyew147d4,0,synthetic
https://login.adobe.com,0,synthetic
https://news.umbracoffee.com/blog/2021/10/market-breeze-harbor,0,synthetic
https://www.bamboo.edu/dp/B0XXL9E9NI,0,synthetic
https://paytm-authenticate.sbs,1,synthetic
https://help.microsoft.com/,0,synthetic
https://wellsfargo-quill-verify.support/account.asp,1,synthetic
https://news.delta24.com/blog/2015/05/nimbus-weekly-learn,0,synthetic
https://school439.online/adobe/secure.aspx?sid=indb5n4ap,1,synthetic
https://copper-yonder.co.uk/signup,0,synthetic
https://dhl.signin-learn.store/unlock,1,synthetic
https://www.quartz.com,0,synthetic
https://docusign.authenticate-willow.xyz/utrt6w/billing/,1,synthetic
http://37.221.6.121/q439vt/secure/,1,synthetic
https://hdfcbank.validate-science.mov/hdfcbank/recover.html,1,synthetic
https://games.www.login.music-pixel.accountant/verify.php,1,synthetic
https://haven-forge.org/my,1,synthetic
https://zenith-daily.org/my,1,synthetic
https://incometax-secure.glitch.me,1,synthetic
https://www.indiatimes.com/help/articles/41842,0,synthetic
https://nimbus-canyon.com/my,1,synthetic
https://secure.secure.hdfcbank.zenith.code-science.store/update?id=k7ecngo6zo&session=xxlofopv70lz6wbo&token=8uarr9ydgdfz,1,synthetic
https://haven-news.com/category/coffee?page=27,0,synthetic
https://www.bbc.co.uk:3000/wiki/Silver_Lumen,0,synthetic
https://goo.gl/7svrwau,1,synthetic
http://t.co/n4cnbx,1,synthetic
https://learn.data.com/contact,0,synthetic
https://xn--sihefw-oyd.online/wallet,1,synthetic
https://accounts.ebay.co.uk,0,synthetic
https://yonder-photo.net/account,1,synthetic
http://www.secure-ebay.me/validate-validate/u8gg1i/index.asp?email=learn@north.com,1,synthetic
https://saffron360.dev/campus?utm_source=newsletter&utm_medium=email&utm_campaign=willow&ref=598449,0,synthetic
http://42.26.102.208/billing?id=9uwuajysxa&session=w7nzd3kj96smj890&token=y67agbzvl7ws,1,synthetic
https://silver-code.co/amazon/confirm.html?sid=z99ej8ea6,1,synthetic
https://www.techcrunch.com/login,0,synthetic
https://photo-fitness.net/recover,1,synthetic
http://nimbusvelvet.net/watch?v=zecbkogg54u,0,synthetic
https://www.jaspervelvet.com/,0,synthetic
https://docs.north.au/news/jasper-anchor-lantern-ember-games-travel-594728,0,synthetic
https://whatsapp-secure.glitch.me/password,1,synthetic
http://135.187.243.39:8080/wallet?id=ndywgh409k&session=uhuj66bct0bxr0bx&token=c6tvf4aqids4,1,synthetic
https://www.thehindu.com/wiki/Travel_Travel,0,synthetic
http://anchor885.net/secure/wallet/login.php,1,synthetic
http://82.161.18.203:81/,1,synthetic
https://news.quillember.com/en/willow/travel,0,synthetic
https://5bi-support.mov/banking.php,1,synthetic
https://stanford.edu/products/travel-2634,0,synthetic
https://4qqobj26ge3tv1.store/irctc/password.php?sid=7vekbxqcr,1,synthetic
http://theguardian.com/products/code-3091,0,synthetic
https://shop.github.com/account/settings,0,synthetic
http://linkedin.account-north.sbs/wp-content/ember/authenticate/index.aspx,1,synthetic
https://campus-orbit.top/paypal/update.asp?id=aklms0zk2,1,synthetic
https://www.canyon.com/help/articles/49688,0,synthetic
http://coinbase.banking-tech.live/update,1,synthetic
http://chase.secure.update.secure.update.learn.learn548.online/wallet/mi33vrbv,1,synthetic
https://careers.docker.com/store/ember?id=9022&sort=price&order=asc&color=cotton&size=12&page=1,0,synthetic
https://hdfcbank.com@north191.co/validate-signin/zw7lzz/index.html?email=meadow@music.com,1,synthetic
https://netflix.account-north.com/signin-login/8w0smj/index.php?email=fitness@whisper.com,1,synthetic
http://login.login.login.bankofamerica.account.delta-island.gq/recover,1,synthetic
https://www.zomato.com/search?q=news+harbor,0,synthetic
https://community.apache.org/health?utm_source=newsletter&utm_medium=email&utm_campaign=daily&ref=h046ay,0,synthetic
https://www.saffron-cloud.com/contact,0,synthetic
https://www.mosaic.com/security/overview,0,synthetic
https://incometax.gov.in%40musiccotton-banking.mov/billing/rxh2omae,1,synthetic
https://www.healthhealth.com/,0,synthetic
http://login.wellsfargo-delta-authenticate.work/,1,synthetic
https://www.coffeescience.edu/blog/2026/03/prairie-studio-bright,0,synthetic
https://paytm.password-forge.cyou/authenticate.asp,1,synthetic
https://mail.zenith-studio.com/signin,0,synthetic
https://careers.ox.ac.uk/contact,0,synthetic
https://www.science.in/wiki/Photo_Anchor,0,synthetic
https://1inkedin-online.tk/vl75nb/validate/,1,synthetic
https://www.iitb.ac.in/about,0,synthetic
https://silver-echo.ml/verify-verify/cirqnl/index.jsp?email=cotton@saffron.com/login/authenticate.asp,1,synthetic
https://amazon-coffee-validate.monster/amazon/banking.asp,1,synthetic
https://www.delta.com/signin,0,synthetic
http://account.account.www.www.secure.lotus-recipes.gdn/password,1,synthetic
https://movies-recipes.net/access,1,synthetic
http://dhl.verify-school.review/signin.jsp,1,synthetic
https://coinbase-validate.online/confirm?id=fcvl59pol8&session=vy9oquhe1edywfug&token=n6jkk0jmyv69,1,synthetic
https://market-meadow.org/portal,1,synthetic
https://login.docusign.net,0,synthetic
https://app.wired.com/docs/echo/east/garden,0,synthetic
https://www.spotify.com/search?q=studio+fitness,0,synthetic
http://delta-echo.me/paypal/signin.html?id=xquqffnvs,1,synthetic
http://indiatimes.com/wiki/Coffee_Island,0,synthetic
https://xn--vmqid-jlo.party/secure,1,synthetic
https://api.jasperriver.online/signup,0,synthetic
https://docs.zomato.com/,0,synthetic
https://www.docker.com/en/glacier/science,0,synthetic
https://www.saffron-bright.com/search?q=lumen+quartz,0,synthetic
https://eu.app.pypi.org/help/articles/50691,0,synthetic
https://login.fedex.com/login,0,synthetic
https://www.design-learn.in/docs/cotton/kernel/learn,0,synthetic
https://haven-harbor.store/apple/confirm.php?id=jkp6ksekx,1,synthetic
https://mail.linkedin.com/security,0,synthetic
https://www.adobe-password.ga/account,1,synthetic
https://rebrand.ly/9gi0f,1,synthetic
https://netflix.wallet-harbor.info/billing.aspx,1,synthetic
https://uezwfizuq4m4cr.ga/hdfcbank/billing.html?sid=ethxjp922,1,synthetic
https://www.lumen-saffron.com/store/summit?id=5635&sort=price&order=asc&color=quill&size=8&page=9,0,synthetic
https://docusign.net@cedar-canyon.party/validate.asp,1,synthetic
http://www.docusign.www.secure.76ao4kg59729.site/signin/wdxz9i9z,1,synthetic
https://ebay.billing-tech.faces/ebay/login/authenticate.html?cmd=_login&dispatch=kg23vdiwq7pebnlargdo5i6e,1,synthetic
https://community.twitch.tv/,0,synthetic
http://billing-docusign.support/docusign/wallet.jsp,1,synthetic
http://www.secure.update.update.secure.eastfalcon-unlock.store/wp-content/lumen/billing/index.jsp,1,synthetic
https://lumencotton.xyz/blog/2020/03/umbra-willow-market,0,synthetic
https://ox.ac.uk/,0,synthetic
http://whatsapp.password-bamboo.online/whatsapp/wallet.php,1,synthetic
http://micr0soft-billing.cf/fo3j87/banking/,1,synthetic
https://www.bbc.com,0,synthetic
https://cloudflare.com/contact,0,synthetic
https://willow3d.com/,0,synthetic
http://adobe.update-books.tk/adobe/confirm.php,1,synthetic
http://billing-wellsfargo.zip/confirm?id=eavkwgkgh6&session=sykpgf1yxxyo1oad&token=smmucfwzsa3x,1,synthetic
https://silver-falcon.net/my,1,synthetic
https://wellsfargo-account.000webhostapp.com/raven/billing.aspx,1,synthetic
https://secure-incometax-account.ml/login.html,1,synthetic
https://breeze.com,0,synthetic
http://blog.bamboocopper.com/password/reset,0,synthetic
https://paytm.account-velvet.party/paytm/recover/billing.jsp?cmd=_recover&dispatch=fgaq4s8vpg6it04dg369gowq,1,synthetic
https://secure.ebay.com/login,0,synthetic
https://prairie.com/products/science-7593,0,synthetic
https://learn.oasis-anchor.com/security/overview,0,synthetic
https://dropbox-travel-account.mov/billing.jsp,1,synthetic
http://bbc.com/help/articles/46365,0,synthetic
https://apple-recover.blogspot.com/verify/inityqr4,1,synthetic
http://news.theguardian.com,0,synthetic
http://wellsfargo.password-cloud.science/authenticate.html,1,synthetic
https://dataanchor-billing.org/unlock.php/banking/recover.jsp,1,synthetic
https://raven-east.xyz/products/glacier-1279,0,synthetic
https://metamask.io@mosaic-velvet.club/login/g6xsyrgm,1,synthetic
http://dh1-online.science/confirm?id=tmmf1uc8no&session=8el5iscgrdxtmory&token=77q4p6spun5l,1,synthetic
https://linkedin-confirm.glitch.me/account.jsp,1,synthetic
http://l1nkedin.cam/authenticate-login/9uvsq7/index.aspx?email=kernel@saffron.com,1,synthetic
http://23.148.78.30/coinbase/banking.html,1,synthetic
https://sb1.men/wp-content/cloud/signin/index.aspx,1,synthetic
https://careers.silver.netlify.app/products/echo-5504,0,synthetic
https://bank0famerica-online.org/bankofamerica/recover.aspx,1,synthetic
https://www.pixelgarden.com/,0,synthetic
https://mail.instagram.com/products/summit-6571,0,synthetic
http://207.188.125.197:8080/wp-content/design/unlock/index.html,1,synthetic
http://30.2.157.127/campus/confirm/authenticate.aspx?cmd=_confirm&dispatch=74zb92dnxrk21inf34c52ipc,1,synthetic
https://www.island-recipes.com/wiki/Copper_Saffron,0,synthetic
http://21.26.106.225/signin?id=k2xtgdu2u0&session=6vtjb0y2glrrrot6&token=uqjb91b56q6m,1,synthetic
https://tundra-summit.com/daily/market.html,0,synthetic
https://dhlsignin.sbs/dhl/secure.php,1,synthetic
http://67.136.62.104/amazon/verify.php,1,synthetic
https://www.movies.com/account/orders,0,synthetic
http://www.apple-secure.party/authenticate/3yt3x0zx,1,synthetic
https://update.secure.breeze.update.r4aj9cpo.co/qjhn4s/banking/,1,synthetic
http://35.252.156.211/wp-content/beacon/unlock/index.jsp,1,synthetic
http://bank0famerica-signin.review/bankofamerica/login.html,1,synthetic
https://mail.breeze.com/,0,synthetic
https://school-weekly.com:3000/category/umbra?page=5,0,synthetic
https://bl.ink/7veyfa0,0,synthetic
http://www.account.account.update.whisper.account.daily-books.store/wp-content/studio/unlock/index.aspx,1,synthetic
https://api.travel-summit.com,0,synthetic
https://kernel.org/products/saffron-149,0,synthetic
https://indiatimes.com/search?q=forge+meadow,0,synthetic
http://www.thehindu.com/docs/cotton/mosaic/health,0,synthetic
https://www.mosaicwhisper.top/login,0,synthetic
http://games-lotus.info/coinbase/password.asp?sid=4qoomtnre,1,synthetic
http://88.60.105.32/p82t92/recover/,1,synthetic
https://www.garden2go.com/signin,0,synthetic
https://ebay-tech-wallet.bid/billing?id=f619pxtcxi&session=uzqbybvztniad69v&token=aev5l5ua1p0k,1,synthetic
https://docs.raven.com/docs/copper/garden/cotton,0,synthetic
https://www.lotus3d.app,0,synthetic
http://www.bamboowhisper.com/docs/glacier/data/delta,0,synthetic
https://code.fr/password/reset,0,synthetic
https://adobesecure.accountant/adobe/login.php,1,synthetic
http://googleaccount.monster/wallet?id=7zgtyk97oz&session=nv8dxnmfxfmemw1h&token=g2ak56s4mtt3,1,synthetic
https://goodreads.com/saffron/cotton.html,0,synthetic
https://raven-summit.com/portal,1,synthetic
https://community.reddit.com/search?q=cloud+zenith,0,synthetic
https://fb.com@news-saffron.site/authenticate-unlock/6axn0o/index.asp?email=music@falcon.com,1,synthetic
https://icicibank.account-lantern.cfd/icicibank/verify.asp,1,synthetic
https://stanford.edu/secure/checkout,0,synthetic
https://cdn.travel-travel.co/blog/2019/10/mosaic-cloud-lantern,0,synthetic
https://summittech-account.live/recover/validate/validate.php,1,synthetic
https://www.verify-dhl.me/confirm-account/93momb/index.aspx?email=movies@glacier.com,1,synthetic
http://www.school2go.com/verify-email/success,0,synthetic
https://irctc.wallet-forge.tk/wp-content/travel/billing/index.html,1,synthetic
https://www.debian.org/verify-email/success,0,synthetic
https://irctc.secure-stone.buzz/account-login/f9xdwk/index.aspx?email=jasper@willow.com,1,synthetic
https://www.binance.com/support/travel,0,synthetic
https://www.bbc.co.uk/products/haven-7671,0,synthetic
https://www.python.org/blog/2016/01/beacon-island-studio,0,synthetic
https://community.summit-velvet.edu/user/2110/profile,0,synthetic
https://www.summitschool.net/help/articles/90361,0,synthetic
http://www.archlinux.org/security/overview,0,synthetic
http://172.16.41.46:8000/status,0,synthetic
http://www.daily.com/yonder/cotton.html,0,synthetic
https://bankofamerica-confirm.party/wp-content/bamboo/authenticate/index.asp,1,synthetic
https://login.incometax-signin.monster/authenticate.html,1,synthetic
https://canyon-bamboo.click/paytm/password.php/authenticate/banking.jsp,1,synthetic
https://shorturl.at/r3ixgih,1,synthetic
https://www.medium.com/help/articles/52407,0,synthetic
https://mail.npmjs.com/dp/B0EWALN5SN,0,synthetic
https://bl.ink/8mft3j4,0,synthetic
https://login.secure-chase-secure.rest/q6jjrn/unlock/,1,synthetic
https://beacon-studio.co/wallet,1,synthetic
https://www.python.org/docs/velvet/quill/photo,0,synthetic
https://news.meadow-anchor.com/account/login?next=/photo,0,synthetic
https://learn.indiatimes.com/news/market-kernel-oasis-photo-bright-lantern-210987,0,synthetic
https://netflix.signin-canyon.site/update,1,synthetic
https://careers.zenith-willow.com/products/echo-9077,0,synthetic
http://56.87.46.215:8888/wallet/1dp0eb8r,1,synthetic
https://anchordesign.xyz/blog/2021/06/anchor-science-movies,0,synthetic
https://www.daily-nimbus.net:3000/news/oasis-recipes-umbra-school-health-games-913103,0,synthetic
https://staging.docs.oasis-coffee.net/user/8060/profile,0,synthetic
http://breeze-kernel.date/login.asp/secure/authenticate.php,1,synthetic
https://chase-secure.weebly.com/,1,synthetic
http://nimbus3d.org/docs/market/oasis/science,0,synthetic
http://dr0pbox-online.live/authenticate.asp,1,synthetic
https://news.silver-cotton.org,0,synthetic
https://kernelcotton-authenticate.cyou/vra20q/recover//unlock/validate.aspx,1,synthetic
https://www.ember.edu,0,synthetic
https://bright-falcon.co/access,1,synthetic
https://www.whisperquartz.site/dp/B01GHSNU6M,0,synthetic
https://secure-dhl-login.science/wp-content/tundra/update/index.jsp,1,synthetic
https://status.wikipedia.org/verify-email/success,0,synthetic
https://m.dhl.com/jasper,0,synthetic
https://cdn.photo.gov/products/beacon-4106,0,synthetic
https://mail.breeze-fitness.com/watch?v=sghwaub00gm,0,synthetic
https://books-mosaic.cf//password/signin.asp,1,synthetic
https://www.linkedin-market-account.click/billing?id=epo8naarad&session=p50w9tbgtcv1vajw&token=295ccudj3arz,1,synthetic
https://silver-quartz.com/my,1,synthetic
https://garden-cloud.org/account/orders,0,synthetic
https://weekly-password.000webhostapp.com/unlock.jsp,1,synthetic
https://coffee841.cyou/update.php/signin/wallet.asp,1,synthetic
https://shop.cedaroasis.top,0,synthetic
https://irctc.verify-jasper.accountant/login.aspx,1,synthetic
https://quill-breeze.co/confirm,1,synthetic
http://secure-linkedin-wallet.men/wp-content/tech/secure/index.jsp,1,synthetic
https://deltavelvet.xyz/password/reset,0,synthetic
http://blog.anchor3d.com/secure/checkout,0,synthetic
https://incom3tax-support.monster/password,1,synthetic
https://wellsfargo.authenticate-forge.bid/recover/s0vn0xkd,1,synthetic
https://weekly-verify.wixsite.com/validate?id=puhth38f50&session=pbgggwrnh12dfsha&token=t97ib0qwyjbb,1,synthetic
https://hdfcbank-verify.xyz/hdfcbank/login/update.asp?cmd=_login&dispatch=3rlkprgpjtk0k68nyuhw0urw,1,synthetic
https://health.org/products/music-2373,0,synthetic
http://1inkedin.science/pw75wg/unlock/,1,synthetic
https://google.validate-ember.cam/login-validate/ou14jf/index.asp?email=delta@prairie.com,1,synthetic
http://172.16.172.186:8080/dashboard,0,synthetic
http://irctc-unlock.accountant/billing,1,synthetic
https://news.orbit-tundra.org/watch?v=vpfuv1ztjmr,0,synthetic
https://whatsapp.wallet-books.download/banking/1m4nlvxq,1,synthetic
https://z6splecusy90.sbs/netflix/verify.html/login/unlock.aspx,1,synthetic
https://cdn.cloudflare.com/products/copper-4309,0,synthetic
https://www.nasa.gov/category/glacier?page=11,0,synthetic
https://www.meadow.io/movies/falcon.html,0,synthetic
https://developer.chase.com/help,0,synthetic
https://www.raven-north.com/wiki/Falcon_Zenith,0,synthetic
http://my.signin-whatsapp.buzz/unlock/gkw91c1i,1,synthetic
http://shop.pixel.herokuapp.com/haven?utm_source=newsletter&utm_medium=email&utm_campaign=data&ref=lbullj,0,synthetic
https://cdn.code24.in/dp/B07NSSVZZK,0,synthetic
https://nasa.gov/signin,0,synthetic
https://www.iitb.ac.in/signin,0,synthetic
https://ebay-falcon-account.ga/ebay/secure.jsp,1,synthetic
https://orbit-studio.gov/raven?utm_source=newsletter&utm_medium=email&utm_campaign=jasper&ref=j7309n,0,synthetic
https://news.cloud-photo.edu/news/mosaic-yonder-cedar-bamboo-health-haven-575055,0,synthetic
http://docusign-wallet.accountant/docusign/confirm.jsp,1,synthetic
https://www.river.com/contact,0,synthetic
https://api.etsy.com/en/harbor/movies,0,synthetic
https://www.forge-north.io/account/settings,0,synthetic
http://coinbase.verify-tundra.bid/oth6jt/update/,1,synthetic
http://apple.account-oasis.site/secure.asp,1,synthetic
https://shop.kubernetes.io/photo/travel.html,0,synthetic
https://news.science-north.com/pricing,0,synthetic
http://buff.ly/q7pw6a7r,1,synthetic
https://www.mozilla.org/,0,synthetic
https://binance.com%409zz9ea1oab.rest/binance/unlock/account.php?cmd=_unlock&dispatch=9kzwpvo8kh7gb890sirolfq3,1,synthetic
https://xn--eoxvbx-vph.xyz/confirm,1,synthetic
http://216.54.92.214/login,1,synthetic
http://instagram.billing-bright.party/banking,1,synthetic
https://raven-falcon.co/access,1,synthetic
https://linked1n.sbs/secure-secure/50mh5r/index.jsp?email=canyon@fitness.com,1,synthetic
https://thehindu.com/,0,synthetic
https://www.design-school.com/account/settings,0,synthetic
https://www.umbraorbit.com/docs/pixel/weekly/falcon,0,synthetic
https://books-validate.pages.dev/verify,1,synthetic
https://microsoft-validate.win/microsoft/unlock.html,1,synthetic
https://www.ox.ac.uk/watch?v=1b5eq74zwd5,0,synthetic
https://www.goodreads.com/account/login?next=/cloud,0,synthetic
http://lotustravel.com/wiki/Nimbus_Tech,0,synthetic
https://www.stanford.edu/travel?utm_source=newsletter&utm_medium=email&utm_campaign=travel&ref=sdl52a,0,synthetic
https://mail.wellsfargo.com,0,synthetic
https://www.ox.ac.uk/account/settings,0,synthetic
http://173.1.115.170/linkedin/update.asp,1,synthetic
http://192.168.84.120:3000/admin,0,synthetic
https://blog.twitch.tv/echo?utm_source=newsletter&utm_medium=email&utm_campaign=garden&ref=you86j,0,synthetic
http://studio267.gdn/verify.jsp/billing/account.jsp,1,synthetic
https://xn--zzppqjel-dbw.men/update,1,synthetic
http://coinbase.validate-quartz.com/update?id=dksc0j67iq&session=crjxgt5q0nr3uovp&token=3svixlv1a66s,1,synthetic
http://dh1-online.click/verify.php,1,synthetic
https://login.secure-binance-account.racing/,1,synthetic
http://70.42.129.225/account.aspx,1,synthetic
https://east365.dev/verify-email/success,0,synthetic
http://50.187.186.215/validate?id=vbxty377s6&session=9axvq4slabi8joto&token=2gslsm66dhp3,1,synthetic
https://amazon.authenticate-books.top/wp-content/zenith/verify/index.jsp,1,synthetic
https://help.fedex.com/account,0,synthetic
http://update.login.account.secure.netflix.maplerecipes-confirm.click/secure,1,synthetic
https://shop.python.org/pricing,0,synthetic
https://www.swiggy.com/about,0,synthetic
https://fedex-update.blogspot.com/wp-content/glacier/secure/index.php,1,synthetic
https://www.coffee-prairie.com,0,synthetic
https://secure-irctc-billing.zip/on6ynq/wallet/,1,synthetic
https://status.mozilla.org/account/login?next=/design,0,synthetic
http://www.paypal-validate.cfd/signin,1,synthetic
https://www.anchor-health.co/watch?v=1m06bwn5m7d,0,synthetic
https://secure.secure.whisper.login.tundra-canyon.support/unlock/5br6dycz,1,synthetic
https://www.fitness.org/pricing,0,synthetic
https://kernel277.link/apple/billing.asp?id=yr8663ggq,1,synthetic
https://us.app.nasa.gov/security/overview,0,synthetic
https://science.secure.www.cfr9inr2oh8rv.cyou/authenticate?id=usmf2d159m&session=y51bz173i7ypd8ku&token=ocbwroey2ard,1,synthetic
https://shorturl.at/zyd8h63u,1,synthetic
https://www.cotton-yonder.co.uk/store/daily?id=4910&sort=price&order=asc&color=velvet&size=10&page=1,0,synthetic
http://app.island-learn.com/docs/breeze/stone/beacon,0,synthetic
https://metamasksignin.monster/authenticate?id=yulwnlpirt&session=r8orxhxua924uq5i&token=8hu2b11lwag1,1,synthetic
https://www.harbor.com/account/settings,0,synthetic
https://secure.metamask.io/music,0,synthetic
http://zenith814.com/wellsfargo/wallet.php?id=6dtbwckk5,1,synthetic
https://garden-recipes.com/access,1,synthetic
http://icicibank.com@echomeadow-authenticate.com/password?id=g4ovw5h442&session=kh1ysdfyluvmqxr3&token=4i8b6m5juw1g,1,synthetic
https://techhealth.com/help/articles/46785,0,synthetic
http://unlock.secure.account.secure.north395.site/verify?id=zwzhqkz0du&session=omkanoab88nzhv5t&token=soqi97gh6tzl,1,synthetic
https://developer.google.co.uk/login,0,synthetic
https://dailywhisper.org/category/velvet?page=13,0,synthetic
http://secure-adobe-billing.work/adobe/banking.jsp,1,synthetic
https://www.recipes-lumen.com/search?q=lantern+meadow,0,synthetic
https://blog.python.org/,0,synthetic
https://archlinux.org:8080/signup,0,synthetic
http://icicibank.unlock-daily.sbs/icicibank/secure.html,1,synthetic
https://www.delta3d.org/signin,0,synthetic
https://weekly-weekly.com/portal,1,synthetic
https://www.hdfcbank-authenticate.cfd/hdfcbank/confirm/recover.jsp?cmd=_confirm&dispatch=z4odmgy2l7g86x8qc3psofb9,1,synthetic
http://update.account.anchor.jasperhealth-billing.site/banking/sgb9txic,1,synthetic
http://login.metamask-recover.club,1,synthetic
https://www.meadow.herokuapp.com,0,synthetic
https://tiny.cc/udmz82h,0,synthetic
https://marketzenith.top/user/8563/profile,0,synthetic
https://indiatimes.com/category/nimbus?page=7,0,synthetic
http://fed3x.science/verify/phjh3788,1,synthetic
http://www.github.com/news/books-anchor-summit-echo-news-saffron-621884,0,synthetic
https://cdn.npmjs.com/dp/B0FC6V3OJ5,0,synthetic
https://prairielearn-recover.info/coinbase/unlock.aspx?ref=3tzq926ld,1,synthetic
http://jasper-canyon.science/verify/authenticate/billing.html,1,synthetic
http://ri28ec8pdd.cam/unlock/recover/update.html,1,synthetic
https://staging.app.canyon.com/,0,synthetic
https://m.binance.com/help,0,synthetic
https://school-update.blogspot.com/wallet,1,synthetic
https://hdfcbank-unlock.glitch.me/verify.jsp,1,synthetic
https://amazon.confirm-cloud.me/wp-content/data/update/index.html,1,synthetic
https://maple-school.org/my,1,synthetic
https://www.wired.com/signin,0,synthetic
https://whatsapp-photo-billing.men/verify,1,synthetic
https://pypi.org,0,synthetic
https://google.banking-bamboo.party/google/wallet/verify.asp?cmd=_wallet&dispatch=petbgp7949tkxpm3g6ql8sa8,1,synthetic
https://nimbus-ember.info/recover?id=qj0ugh8v6d&session=lalnfukg8a0ejtjd&token=h9tou4oa7d0u/banking/account.aspx,1,synthetic
https://saffron-data.com/account,1,synthetic
http://www.thehindu.com/help/articles/51516,0,synthetic
https://beacon-movies.com/portal,1,synthetic
https://www.jasperember.top/,0,synthetic
https://news.marketisland.co.uk/account/settings,0,synthetic
https://wellsfargo.com@echo353.com/secure,1,synthetic
https://www.zomato.com/category/saffron?page=9,0,synthetic
https://east.com/nimbus/haven.html,0,synthetic
http://1.157.161.156:443/wallet-recover/zdd59q/index.jsp?email=haven@yonder.com,1,synthetic
https://willow.edu/willow/raven.html,0,synthetic
https://news.kernel365.com/docs/cloud/falcon/learn,0,synthetic
https://island-quartz.com/portal,1,synthetic
https://www.swiggy.com/docs/jasper/learn/pixel,0,synthetic
https://careers.nike.com/blog/2023/02/willow-delta-code,0,synthetic
https://sbi.secure-travel.win/wp-content/campus/secure/index.asp,1,synthetic
https://cutt.ly/a59pis,1,synthetic
https://google.authenticate-delta.gdn/validate,1,synthetic
http://harbor.www.update.lumen-velvet.net/wp-content/lotus/update/index.php,1,synthetic
http://code-learn.au/category/cotton?page=40,0,synthetic
https://secure-dropbox-account.link/wp-content/coffee/verify/index.aspx,1,synthetic
https://garden-whisper.co/access,1,synthetic
https://goo.gl/sbneh,1,synthetic
https://harbor-saffron.net/binance/verify.jsp/update/authenticate.html,1,synthetic
https://newscedar.org/help/articles/89587,0,synthetic
https://www.nytimes.com/blog/2016/07/science-daily-canyon,0,synthetic
http://secure-wellsfargo-validate.download/unlock,1,synthetic
https://shop.twitch.tv/,0,synthetic
https://cutt.ly/ahjxwph,1,synthetic
http://tiny.cc/u7du9k,1,synthetic
http://www.weekly.co.uk/secure/checkout,0,synthetic
https://www.velvetmeadow.au/search?q=harbor+nimbus,0,synthetic
https://www.books.com/,0,synthetic
http://news.nytimes.com/search?q=coffee+ember,0,synthetic
https://www.games-bright.net/watch?v=e403ouo2qtc,0,synthetic
https://www.fitness.au/login,0,synthetic
http://binance.validate-yonder.bid,1,synthetic
https://instagram.login-science.men/account/b1tbn08t,1,synthetic
https://docs.cloud-haven.ca/products/bright-5611,0,synthetic
https://bbc.co.uk/store/coffee?id=599&sort=price&order=asc&color=prairie&size=10&page=1,0,synthetic
https://1rctc.support/irctc/unlock.asp,1,synthetic
https://bit.ly/ucc7x,1,synthetic
https://micro5oft-online.top/wp-content/north/verify/index.html,1,synthetic
https://www.canyon.au/news/health-coffee-code-lantern-ember-games-239816,0,synthetic
https://www.health.fr/wiki/Quartz_East,0,synthetic
https://cdn.coffee24.com/watch?v=0w4o40iskzy,0,synthetic
https://forgemeadow.org/category/orbit?page=21,0,synthetic
https://secure-microsoft-login.gq/banking,1,synthetic
https://paypal.wallet-cloud.cam,1,synthetic
http://chase.com@quill650.win/update/blfxyvbu,1,synthetic
http://m1crosoft-support.cyou/microsoft/confirm.jsp,1,synthetic
http://icicibank-billing.monster/verify.asp,1,synthetic
https://www.campus.net/search?q=ember+lotus,0,synthetic
https://www.nih.gov,0,synthetic
https://my.incometaxconfirm.rest/,1,synthetic
https://saffron-north.org/access,1,synthetic
https://lanternbamboo.com/secure/checkout,0,synthetic
https://xn--ufwileib-llq.party/validate,1,synthetic
http://quill-umbra.org/apple/secure.aspx?id=68pnufzzc,1,synthetic
http://icicibank.verify-orbit.co/icicibank/update.html,1,synthetic
http://151.1.241.68:81/update,1,synthetic
https://api.imdb.com/store/music?id=8952&sort=price&order=asc&color=haven&size=7&page=2,0,synthetic
http://rebrand.ly/2o8vod,1,synthetic
https://www.netflix.com/security,0,synthetic
https://www.maple-falcon.in/products/delta-2418,0,synthetic
https://xn--fmnthdrw-lzq.zip/unlock,1,synthetic
https://www.traveldesign.com/en/saffron/willow,0,synthetic
https://echo599.racing/whatsapp/login.html?sid=mi6vo74an,1,synthetic
https://health-health.net/authenticate,1,synthetic
https://falconquill.org/account/orders,0,synthetic
https://mail.linkedin.com,0,synthetic
https://whisper-weekly.org/access,1,synthetic
https://www.willow.io/search?q=island+prairie,0,synthetic
http://irctc.co.in@schooltech-unlock.rest/secure?id=9lgcthkkrx&session=azqrlpth092ck6ge&token=z5vcijalqzd3,1,synthetic
https://ebaysignin.info/,1,synthetic
http://secure.account.secure.copper.h1x0zu3ztaznpy.online/update/zh2hfd10,1,synthetic
https://www.whisper.in/search?q=science+oasis,0,synthetic
http://www.pixel-quartz.edu/,0,synthetic
https://travelecho.dev/watch?v=eo593yuxmcc,0,synthetic
https://east-studio.com/watch?v=dds54s8ag1i,0,synthetic
https://bamboo-password.herokuapp.com/unlock?id=76znlgykni&session=0w5lqqqm6d22sqlf&token=svct2q30stgw,1,synthetic
http://google.wallet-orbit.live/confirm.html,1,synthetic
http://coinbase-glacier-wallet.accountant/signin.asp,1,synthetic
https://docs.emberoasis.com/watch?v=2vzuidhjp5z,0,synthetic
https://learn-island.org/my,1,synthetic
http://127.177.246.90:8888/login,1,synthetic
http://www.bbc.com/category/books?page=39,0,synthetic
http://accounts.wellsfargo.com/,0,synthetic
https://linkedin.validate-prairie.accountant/wp-content/studio/wallet/index.asp,1,synthetic
https://lantern-haven.org/blog/2026/12/studio-yonder-beacon,0,synthetic
http://shop.tundra.pages.dev/signin,0,synthetic
http://lumen-lantern.com/instagram/verify.jsp?id=htiddtch2,1,synthetic
https://www.umbra2go.org/en/beacon/news,0,synthetic
https://www.music-recipes.com/pixel/saffron.html,0,synthetic
https://api.design.com/about,0,synthetic
https://prairie.com/products/saffron-3531,0,synthetic
https://www.anchortech.com/secure/checkout,0,synthetic
https://blog.spotify.com/,0,synthetic
https://www.nimbus.com/account/settings,0,synthetic
http://www.pypi.org/contact,0,synthetic
http://dhl-glacier-update.me/dhl/validate/account.jsp?cmd=_validate&dispatch=x28ywbwiuznd7adccp9hb2rh,1,synthetic
https://google.secure-quill.party/login?id=t062u2ts1u&session=tq8jh65n9lgivu68&token=54rcwdnevent,1,synthetic
https://kernel.org/search?q=bright+velvet,0,synthetic
https://secure.login.chase.password.secure.glacier.wdxqwkjiq9y3.club/wp-content/tundra/validate/index.html,1,synthetic
https://eu.app.mit.edu/password/reset,0,synthetic
http://travel-meadow.top/paytm/password.asp?id=vdkura7ot,1,synthetic
https://www.movies-studio.com/travel?utm_source=newsletter&utm_medium=email&utm_campaign=saffron&ref=3bd4z1,0,synthetic
https://login-microsoft.science/,1,synthetic
http://3ylp6ckz5ds0.cyou/wp-content/health/verify/index.aspx/verify/validate.aspx,1,synthetic
https://cdn.pixel-photo.org/search?q=studio+health,0,synthetic
https://etsy.com/account/orders,0,synthetic
http://t.co/qrx09,1,synthetic
https://www.outlook.com/products/anchor-2678,0,synthetic
https://developer.instagram.com/account/manage,0,synthetic
https://xn--wtpxf-bym.support/banking,1,synthetic
https://app.lumen.fr/blog/2021/05/north-travel-recipes,0,synthetic
https://www.saffrongames.site/wiki/Breeze_Movies,0,synthetic
http://zenithtundra-unlock.com/fedex/secure.php?id=zk0uxg5un,1,synthetic
https://xn--ygchedvqd-wmz.monster/verify,1,synthetic
https://careers.wikipedia.org/security/overview,0,synthetic
https://update.account.learn.update.login.eaststone-unlock.online/mosaic/wallet.jsp,1,synthetic
https://ov9omi1xcah.site/dropbox/account/verify.jsp?cmd=_account&dispatch=t8oytvdpddy3ems09cybywze/account/verify.aspx,1,synthetic
https://schoolmosaic.com/signup,0,synthetic
http://www.bright2go.org/login,0,synthetic
https://mail.apple.com/signin,0,synthetic
https://cotton-lotus.support/wp-content/cotton/signin/index.asp/confirm/unlock.html,1,synthetic
https://coinbase.banking-orbit.co/recover-account/c6eopl/index.asp?email=willow@lumen.com,1,synthetic
http://vm85ve6v.accountant/secure?id=ql2do35mo6&session=abqfqmk0tthaqinj&token=ac9yx8ylmoq9/banking/confirm.php,1,synthetic
https://www.metamask.io,0,synthetic
https://bl.ink/fcdcbwfh,1,synthetic
https://news.docker.com/news/cotton-lantern-prairie-movies-coffee-velvet-580462,0,synthetic
https://m.amazon.in/account/manage,0,synthetic
http://17.176.41.99/metamask/authenticate.php,1,synthetic
https://reddit.com/about,0,synthetic
https://www.archlinux.org/search?q=ember+kernel,0,synthetic
http://www.lotus.io/user/6998/profile,0,synthetic
http://incometax-haven-authenticate.accountant/wp-content/travel/unlock/index.php,1,synthetic
https://island.com/security/overview,0,synthetic
https://www.quill-travel.com/en/tech/tundra,0,synthetic
https://studiomarket-login.gdn/1q0hry/billing//wallet/wallet.asp,1,synthetic
https://www.brightraven.com/signup,0,synthetic
https://www.github.com/blog/2017/08/glacier-travel-quartz,0,synthetic
https://xn--dhkqg-jfe.party/recover,1,synthetic
https://www.iitb.ac.in/meadow/market.html,0,synthetic
https://www.secure-irctc-banking.top/wp-content/mosaic/password/index.php,1,synthetic
https://photo-canyon.com/password/reset,0,synthetic
http://east177.science/validate?id=6ilt3liq5z&session=912c3gz2fr7w3jv3&token=8xlmuj6dbmse/secure/unlock.aspx,1,synthetic
https://xn--deipzzvm-urk.cam/password,1,synthetic
http://172.16.73.182:8000/admin,0,synthetic
https://docs.stanford.edu/dp/B0E18FU3KR,0,synthetic
https://kubernetes.io/wiki/Music_Zenith,0,synthetic
https://confirm-sbi.xyz/secure/mrfh64j3,1,synthetic
https://digitalocean.com/help/articles/83920,0,synthetic
http://mokeoj7n.live/wp-content/bright/recover/index.aspx/billing/billing.jsp,1,synthetic
https://verify-docusign.org/docusign/validate.jsp,1,synthetic
https://login.wellsfargo.com/account/manage,0,synthetic
https://recipes528.org/instagram/wallet.html?ref=63uzetfay,1,synthetic
http://www.secure-bankofamerica-banking.zip/bankofamerica/login.php,1,synthetic
https://coffee-stone.net/my,1,synthetic
https://www.npmjs.com,0,synthetic
https://whatsapp-river-billing.buzz/secure,1,synthetic
http://bit.ly/olyvd,1,synthetic
http://127.55.33.190/password.asp,1,synthetic
https://www.willow.com/watch?v=yda6mr31ei6,0,synthetic
https://www.bbc.co.uk/en/stone/glacier,0,synthetic
https://mail.fedex.com/login,0,synthetic
https://community.swiggy.com/wiki/River_Velvet,0,synthetic
http://update.recipes.account.netflix.secure.rpsc3ezj5z1q47t.site/umbra/confirm.aspx,1,synthetic
http://171.134.30.173/8djp89/unlock/,1,synthetic
https://status.recipes24.ac.in/search?q=zenith+summit,0,synthetic
https://m.metamask.io/signin,0,synthetic
http://design-yonder.site/adobe/signin.php?sid=qcxz8swnq,1,synthetic
https://quill.net/about,0,synthetic
http://tecb8hsx.info/sbi/account.jsp?sid=kmb9ybytj,1,synthetic
http://192.168.92.4:8080/,0,synthetic
http://whatsappverify.men/wp-content/music/secure/index.html,1,synthetic
https://developer.dropbox.com/signin,0,synthetic
http://careers.quartzlotus.io/category/north?page=31,0,synthetic
https://harbor-science.co/my,1,synthetic
https://www.prairiedata.site/login,0,synthetic
https://3bay-support.review/wp-content/yonder/validate/index.php,1,synthetic
https://staging.app.beacon-copper.com/about,0,synthetic
https://www.quartzcode.com/contact,0,synthetic
https://www.dailyvelvet.org/account/settings,0,synthetic
http://www.musicecho.com/,0,synthetic
https://login.update.lumen.irctc.account.secure.jhalu5ijm.science/update/m0avoz6w,1,synthetic
https://maple-bright.org:8443/security/overview,0,synthetic
https://www.irctc.co.in/,0,synthetic
https://xn--tyiff-qle.tk/unlock,1,synthetic
http://cloudflare.com/account/orders,0,synthetic
https://orbit.herokuapp.com/account/orders,0,synthetic
https://community.kubernetes.io/search?q=tech+travel,0,synthetic
https://www.wikipedia.org/blog/2015/07/lotus-books-east,0,synthetic
https://community.wired.com/category/quartz?page=40,0,synthetic
https://zomato.com/password/reset,0,synthetic
https://learn.forge.ca/breeze?utm_source=newsletter&utm_medium=email&utm_campaign=umbra&ref=rwap9b,0,synthetic
https://xn--wyguvrx-mqg.zip/unlock,1,synthetic
https://anchor-summit.co/my,1,synthetic
http://bankofamer1ca.store/account.aspx,1,synthetic
http://secure.account.microsoft.breezestudio-verify.sbs/music/login/signin.jsp?cmd=_login&dispatch=8984eawq7scrp9dd8y00v7eu,1,synthetic
https://www.willowmusic.in/pricing,0,synthetic
https://coffee360.org/signup,0,synthetic
http://204.143.45.206/xf4fr2/login/,1,synthetic
https://quartz61.com/fedex/secure.asp?sid=h0gemp1l9,1,synthetic
http://adobe.recover-kernel.rest/wallet?id=fy4xubngam&session=786lxym34oz5779b&token=g0klngqigglv,1,synthetic
https://fitness-news.co/my,1,synthetic
https://www.irctc-login.live/wallet.asp,1,synthetic
https://www.sciencetravel.gov/watch?v=nkrj1925qh9,0,synthetic
https://kn1zfe3zer5ak2q.co/icicibank/authenticate/login.asp?cmd=_authenticate&dispatch=7yegg2kr29hq0wpryflqcafi/login/account.jsp,1,synthetic
https://blog.market.com/,0,synthetic
http://7.136.136.20,1,synthetic
http://movies-cloud.support/apple/validate.html?id=qe8rtdtn6,1,synthetic
http://studio-stone.com/,0,synthetic
https://app.canyon-travel.com/account/orders,0,synthetic
https://www.mosaicember.gov/search?q=quill+falcon,0,synthetic
https://stone-tundra.net/portal,1,synthetic
https://6gqd0rzy.zip/incometax/login.asp?ref=tse8k4usn,1,synthetic
https://books.com/watch?v=c6mnucajvql,0,synthetic
https://recipescoffee.ca/search?q=river+saffron,0,synthetic
https://shorturl.at/3cwqry,1,synthetic
http://172.16.245.118:5000/,0,synthetic
http://whisper588.club/whatsapp/confirm.php?ref=bi7tn7mua,1,synthetic
https://amaz0n-online.live/amazon/login.html,1,synthetic
https://www.nasa.gov/wiki/Pixel_Health,0,synthetic
http://north-meadow.icu/whatsapp/billing.jsp/verify/validate.aspx,1,synthetic
https://www.kernel-north.de/search?q=copper+umbra,0,synthetic
https://mail.sbi.co.in/signin,0,synthetic
https://irctc.login-island.zip/irctc/recover/banking.php?cmd=_recover&dispatch=27ye47pjixdgxx2okljlpizc,1,synthetic
https://www.travel.wixsite.com/search?q=health+north,0,synthetic
https://www.secure-instagram-password.mov/mhttkw/banking/,1,synthetic
http://login.www.account.docusign.travel974.date/verify,1,synthetic
https://login.update.update.secure.confirm.oasis-quill.me/unlock,1,synthetic
https://appl3-support.info/m2a80e/login/,1,synthetic
https://maplestone.co/password/reset,0,synthetic
https://irctc.password-kernel.zip/wp-content/code/secure/index.jsp,1,synthetic
https://wellsfargo.wallet-games.cfd/validate.html,1,synthetic
http://login.metamaskauthenticate.online/password,1,synthetic
https://help.chase.com/account/manage,0,synthetic
http://secure-binance-wallet.men/binance/authenticate.jsp,1,synthetic
https://www.ox.ac.uk/about,0,synthetic
https://faceb0ok.icu/unlock/mjwu71gp,1,synthetic
https://www.glacier.io,0,synthetic
https://community.canyonforge.top/account/settings,0,synthetic
https://www.linkedin.com/tundra,0,synthetic
https://microsoft.validate-fitness.live/microsoft/verify/password.html?cmd=_verify&dispatch=piz80jxfm34j4zawxwa6s7ng,1,synthetic
https://api.willow24.com/account/orders,0,synthetic
https://indiatimes.com/account/orders,0,synthetic
https://code-wallet.herokuapp.com/stone/account.asp,1,synthetic
http://88.180.119.35/authenticate.aspx,1,synthetic
https://www.studio.amazon.secure.account.tundra695.monster/travel/confirm/login.aspx?cmd=_confirm&dispatch=f4t5p6pz1s5h6nsr7wys3jwx,1,synthetic
https://secure-google.mov/google/update/wallet.aspx?cmd=_update&dispatch=r2qempegwf06os8tkj01mfxt,1,synthetic
https://www.yonder-bright.com/help/articles/22828,0,synthetic
https://www.github.com/blog/2024/05/daily-haven-willow,0,synthetic
https://sbi-wallet.glitch.me/7u7hjn/verify/,1,synthetic
https://paypal-account.blogspot.com/b1l3tf/update/,1,synthetic
https://www.north365.org,0,synthetic
https://authenticate-dropbox.cam/dropbox/login.aspx,1,synthetic
http://www.island360.net/signin,0,synthetic
https://m.fedex.com/security,0,synthetic
http://incometax.login-river.net/confirm?id=mss4ljmmvm&session=yqp70fcpklu0s7nz&token=7rn4e1sczeiq,1,synthetic
https://oasis.www.secure.travel-music.online/copper/wallet.html,1,synthetic
http://books-nimbus.xyz/docs/forge/velvet/music,0,synthetic
http://51.68.119.155/secure,1,synthetic
https://xn--atmjgtjl-ugu.top/recover,1,synthetic
https://mail.canyonsummit.com/account/orders,0,synthetic
https://news-authenticate.netlify.app/wallet,1,synthetic
https://lantern-north.net/my,1,synthetic
http://haven51.live/billing.jsp/account/wallet.jsp,1,synthetic
https://wellsfargo.com@iclmy1gglj610.zip/wellsfargo/confirm.aspx,1,synthetic
https://www.zomato.com/password/reset,0,synthetic
https://www.brightsummit.site/blog/2017/11/bright-jasper-orbit,0,synthetic
https://support.instagram.com/products/campus-1391,0,synthetic
https://canyon-yonder.net/account,1,synthetic
https://p8uoov6se1wowvji.gdn/confirm?id=ufiace9f5t&session=3pehfs1pn1b8gdua&token=suyg2rdbx5x7/secure/signin.asp,1,synthetic
https://eu.app.medium.com/account/settings,0,synthetic
https://www.movies-tundra.io/search?q=north+nimbus,0,synthetic
https://app.musicmosaic.site/,0,synthetic
https://my.secure-paytm-account.net/login,1,synthetic
https://health.com/north?utm_source=newsletter&utm_medium=email&utm_campaign=recipes&ref=biuyjz,0,synthetic
https://swiggy.com/lotus?utm_source=newsletter&utm_medium=email&utm_campaign=velvet&ref=2qrzxp,0,synthetic
https://canyonglacier.online/secure/checkout,0,synthetic
https://kernel.org/products/maple-4320,0,synthetic
http://support.linkedin.com/signin,0,synthetic
https://www.whisper-stone.io/pricing,0,synthetic
https://shop.python.org/user/1855/profile,0,synthetic
https://www.incometax-password.bid/account,1,synthetic
https://learn.school-prairie.com/,0,synthetic
https://secure.netflix.com/help,0,synthetic
http://verify.account.coinbase.account.delta.secure.vhos9k5z21tf4.gq/coffee/login.jsp,1,synthetic
http://recipes.anchor.account.secure.update.glacier.tm06eicc14.review/confirm?id=2k13hx1ft3&session=aek8nqwsfyryb5gw&token=ca1zwk9vmdcq,1,synthetic
https://shop.raven.org/docs/oasis/market/coffee,0,synthetic
https://cedar.org/products/kernel-4758,0,synthetic
https://www.kernel.org/,0,synthetic
https://m.wellsfargo.com/help,0,synthetic
https://mail.isro.gov.in/user/4899/profile,0,synthetic
https://dhl.com/products/nimbus-6231,0,synthetic
https://lantern-unlock.web.app/recover.aspx,1,synthetic
https://cdn.recipesharbor.com/contact,0,synthetic
https://www.falcon.com/docs/games/market/ember,0,synthetic
https://daily-summit.live/recover?id=62aq7uwm75&session=94jyg14ez725wqhf&token=7s5zk2qq2fzh/banking/unlock.php,1,synthetic
https://brightcode-account.buzz/k1i39k/login//recover/authenticate.jsp,1,synthetic
https://dhl-signin.pages.dev/stone/banking/password.asp?cmd=_banking&dispatch=l21gjqkjamifdgyft6fh4zqu,1,synthetic
https://www.whatsapp.com/account/manage,0,synthetic
http://www.lantern.login.lotus-summit.tk/jasper/account.php,1,synthetic
http://delta169.net/confirm/0oo10alo/update/account.php,1,synthetic
https://my.secure-ebay-validate.xyz/password?id=pvajt8vulv&session=z62d78cznw4j69jc&token=wtfp3l8lgl2f,1,synthetic
https://www.cedar365.com/user/1042/profile,0,synthetic
https://app.nasa.gov/store/haven?id=1200&sort=price&order=asc&color=lumen&size=7&page=2,0,synthetic
https://help.coinbase.com/help,0,synthetic
https://support.sbi.co.in/help,0,synthetic
https://xn--ywspbj-ykg.support/authenticate,1,synthetic
http://191.189.55.94:8080/validate,1,synthetic
http://10.0.69.193:5000/dashboard,0,synthetic
https://www.update.update.quill.1vanpwbry6dg.me/update?id=2zwczcpc3x&session=6v0m0oilhqv5ypqn&token=p5elp0oc1ho2,1,synthetic
https://careers.movies-silver.com/,0,synthetic
https://binance.com/support/market,0,synthetic
https://www.spotify.com/account/settings,0,synthetic
https://www.forge.com/products/travel-8871,0,synthetic
https://www.cedar-quill.com/,0,synthetic
http://google-confirm.buzz/google/validate.asp,1,synthetic
https://staging.app.kubernetes.io/wiki/Echo_Breeze,0,synthetic
https://api.theguardian.com,0,synthetic
https://coffeesilver.site/signup,0,synthetic
https://north-authenticate.blogspot.com/account-verify/wtyeie/index.asp?email=orbit@cedar.com,1,synthetic
https://www.docker.com/,0,synthetic
https://nih.gov/contact,0,synthetic
https://www.pypi.org/account/settings,0,synthetic
https://hdfcbank.com@bright243.gq/hdfcbank/banking.php,1,synthetic
https://lotus.pages.dev/account/login?next=/lumen,0,synthetic
https://community.market-summit.net/account/orders,0,synthetic
http://chase.com@falcon95.rest/banking,1,synthetic
https://shop.ember.dev/products/breeze-7146,0,synthetic
http://paytm-billing.me/recover,1,synthetic
https://bbc.com/wiki/Kernel_Tundra,0,synthetic
https://login.account.login.secure.billing.games-river.tk/secure.aspx,1,synthetic
https://zenithtundra-banking.ml/binance/confirm.html?id=1qi2iqn0f,1,synthetic
http://apache.org/signin,0,synthetic
https://travel338.net/validate/d0n16vey/banking/validate.aspx,1,synthetic
https://docusign.wallet-campus.men/unlock.html,1,synthetic
http://docusignwallet.loan/validate.aspx,1,synthetic
https://tech-verify.000webhostapp.com/daily/password.php,1,synthetic
http://login.secure-ebay.racing/validate?id=ufrv5uzcw0&session=c4p32fh68lqkbuhl&token=xpkiazhqg2o4,1,synthetic
https://www.meadow.org/wiki/Orbit_Meadow,0,synthetic
https://fitness-lotus.org/portal,1,synthetic
http://goo.gl/3yeusaa,1,synthetic
https://community.oasis-science.ac.in/,0,synthetic
http://www.willow365.com/store/campus?id=8762&sort=price&order=asc&color=island&size=4&page=7,0,synthetic
https://mozilla.org/contact,0,synthetic
https://netflix.confirm-river.com/netflix/recover.aspx,1,synthetic
https://login-netflix.link/netflix/unlock/account.html?cmd=_unlock&dispatch=n5o1udqnjycvdq3ownujk0xq,1,synthetic
http://bit.ly/hkfl06pq,1,synthetic
https://www.digitalocean.com/news/cotton-echo-tech-daily-market-yonder-476596,0,synthetic
https://sbi.co.in/products/tundra-5546,0,synthetic
http://docusign.banking-raven.top/signin/00p2c5cq,1,synthetic
https://quartz365.com/watch?v=cydmlajcpkz,0,synthetic
https://www.apache.org/secure/checkout,0,synthetic
http://update.www.wellsfargo.falconrecipes-wallet.co/secure,1,synthetic
http://87.218.11.15:8080/update-billing/bzy0ax/index.jsp?email=design@bright.com,1,synthetic
https://www.lumen.com/docs/lumen/oasis/yonder,0,synthetic
https://campus.login.binance.update.binance.login.umbrabreeze-unlock.ml/signin,1,synthetic
https://shop.cedar-science.com/wiki/Maple_Glacier,0,synthetic
https://www.secure-paypal-recover.bid/paypal/login.aspx,1,synthetic
http://cotton.www.verify.coffeebooks-update.cyou/signin?id=57jjtd67y1&session=zeg72da2r9aa0f9c&token=jcmhxx133ulh,1,synthetic
https://netflix-update.000webhostapp.com/banking.html,1,synthetic
https://shop.imdb.com/wiki/Beacon_Oasis,0,synthetic
https://adobe.verify-mosaic.cf/confirm,1,synthetic
https://login.login.secure.account.2se5nop0dhd4814.club/password-login/xnsvcn/index.asp?email=tech@lotus.com,1,synthetic
https://dhl.de@4ewfnnj1cf.ml/wp-content/recipes/validate/index.html,1,synthetic
https://glacier-cedar.net/my,1,synthetic
https://amazon.secure-saffron.net/amazon/unlock.aspx,1,synthetic
https://river.com/password/reset,0,synthetic
https://amazon.signin-travel.site/validate?id=5qqklv2mcn&session=5q6xd7n2rojddza9&token=pa35p1y4x6w7,1,synthetic
https://sbi.billing-mosaic.win/confirm?id=j3wa2c90bs&session=sk3zanq1ge5p8znw&token=v0mgwumbte7y,1,synthetic
https://shop.saffron-mosaic.io/signup,0,synthetic
https://community.iitb.ac.in/en/market/canyon,0,synthetic
http://bl.ink/jke4dw,1,synthetic
https://lotus930.store/billing?id=7i59gjw6on&session=e5n060rkhuefizea&token=ei7j45uywm9n/banking/password.aspx,1,synthetic
http://y7rdaay4.buzz/wallet.php/wallet/wallet.php,1,synthetic
https://developer.wellsfargo.com/support/umbra,0,synthetic
https://lantern-pixel.com/access,1,synthetic
https://prairie-movies.net/wallet,1,synthetic
https://bankofamerica-login.weebly.com/wallet?id=37krf4zupd&session=q7k3ifvwcm16bhe0&token=9je83qcyqjkc,1,synthetic
http://amazon.update-river.cf/amazon/login.jsp,1,synthetic
http://cloud.apple.apple.login.market-prairie.store/password?id=x1ip5ux7ik&session=crmtpyq9objspcnb&token=xj2oq2g6blis,1,synthetic
https://wellsfargo.com@drkhaba1ih9lnx71.buzz/secure?id=829nfr7dtr&session=vl0yyrx3dj0ht6aq&token=cxqgj5onsxdx,1,synthetic
https://api.imdb.com/blog/2023/08/tech-learn-bright,0,synthetic
https://coinbase.unlock-design.com/verify.aspx,1,synthetic
https://www.daily-music.com/tundra/science.html,0,synthetic
http://dhl.update.validate.www.account.update.east-science.site/travel/validate/secure.php?cmd=_validate&dispatch=2k82i3w3ng9lgmeop9yd2k5s,1,synthetic
https://river416.cam/facebook/password.php?sid=h5wc3vhky,1,synthetic
https://blog.anchordata.net/signin,0,synthetic
https://api.health.herokuapp.com/search?q=code+forge,0,synthetic
https://tinyurl.com/zfb5zqtr,1,synthetic
https://community.velvet.ca/category/falcon?page=23,0,synthetic
https://secure-apple-authenticate.gq/secure/izo8p6rl,1,synthetic
http://paypal.password-beacon.info/kbgjg3/billing/,1,synthetic
http://cloud914.me/netflix/confirm.aspx?ref=vbr7xt64t,1,synthetic
https://www.haven-news.io/meadow?utm_source=newsletter&utm_medium=email&utm_campaign=learn&ref=01uumm,0,synthetic
https://incometax.confirm-design.link/account/qyurq7c1,1,synthetic
https://m.docusign.net/security,0,synthetic
https://mail.icicibank.com/help,0,synthetic
http://159.108.154.11/wp-content/haven/verify/index.html,1,synthetic
https://account.update.login.garden-cloud.site/secure/08w4tp4p,1,synthetic
https://community.tundra.com/watch?v=qod4k7yjpch,0,synthetic
http://api.books.com/watch?v=0i9vpjsmy5j,0,synthetic
https://hdfcbankrecover.accountant/authenticate,1,synthetic
https://www.secure-linkedin-recover.win/linkedin/verify.html,1,synthetic
http://t.co/of12id9,1,synthetic
https://www.learnisland.in,0,synthetic
http://data.travel.travel.login.update.haven-zenith.online/1sy2k2/login/,1,synthetic
https://facebook.facebook.secure.login.login.0biho718z.live/,1,synthetic
http://t.co/zu9ddwp,1,synthetic
https://netflix-lumen-signin.loan/wp-content/weekly/billing/index.php,1,synthetic
http://www.stackoverflow.com/,0,synthetic
http://login.account.silver.update.cedar.nimbus-stone.cyou/secure-wallet/6p2xwv/index.html?email=travel@saffron.com,1,synthetic
https://status.school-tech.com/signin,0,synthetic
https://www.python.org/docs/health/news/fitness,0,synthetic
https://www.kubernetes.io/store/nimbus?id=2770&sort=price&order=asc&color=raven&size=11&page=5,0,synthetic
https://news.twitch.tv/search?q=harbor+science,0,synthetic
http://www.lantern.org/learn?utm_source=newsletter&utm_medium=email&utm_campaign=cotton&ref=81qe38,0,synthetic
https://secure.linkedin.com/account,0,synthetic
https://www.silver.netlify.app/docs/oasis/canyon/canyon,0,synthetic
https://support.facebook.com/,0,synthetic
https://tech-movies.com/verify,1,synthetic
https://tundra998.club/billing?id=5njp5kqkkf&session=poitaze7zszbwzj2&token=qxbx0w7kyf1g/secure/signin.html,1,synthetic
http://kernelquartz.gov/user/8135/profile,0,synthetic
https://hdfcbank-login.glitch.me/market/banking.jsp,1,synthetic
http://paypal.update-glacier.co/recover,1,synthetic
https://secure-google-update.rest/google/signin.php,1,synthetic
http://www.echo-yonder.com/store/falcon?id=2906&sort=price&order=asc&color=river&size=3&page=3,0,synthetic
http://news.haven-cedar.com/blog/2018/09/school-willow-copper,0,synthetic
https://www.delta360.ac.in/account/login?next=/books,0,synthetic
http://school116.support/facebook/banking.aspx?id=8t2de579g,1,synthetic
https://velvet-falcon.com/password/reset,0,synthetic
https://ravencopper.online/docs/kernel/tech/ember,0,synthetic
https://metamask.login-mosaic.top/login-password/7bopc3/index.aspx?email=cotton@bright.com,1,synthetic
https://learn.ubuntu.com/docs/haven/travel/books,0,synthetic
https://chase.validate-prairie.cf/password.php,1,synthetic
https://learn.velvetoasis.com/search?q=silver+books,0,synthetic
https://velvet-summit.org/portal,1,synthetic
http://221.25.188.194/verify,1,synthetic
http://silver24.org/about,0,synthetic
http://fedex.banking-mosaic.click/fedex/unlock.html,1,synthetic
https://music-quartz.co/verify,1,synthetic
http://l1nkedin-online.download/validate/8zcf5z47,1,synthetic
https://garden-umbra.net/my,1,synthetic
https://careers.campus-zenith.net/blog/2015/06/island-maple-prairie,0,synthetic
http://www.moviessaffron.com/account/orders,0,synthetic
https://breeze-school.org/access,1,synthetic
http://paypal.account-nimbus.cyou/paypal/unlock.asp,1,synthetic
http://learn.coffee.com/news/cedar-jasper-umbra-cloud-music-haven-369904,0,synthetic
https://facebo0k-account.top/password/jrf6b6fr,1,synthetic
https://www.brightcoffee.site/store/news?id=6817&sort=price&order=asc&color=science&size=4&page=6,0,synthetic
http://tundra566.party/bankofamerica/banking.asp?sid=049y6kz6w,1,synthetic
http://dhl.update-games.party/wallet.jsp,1,synthetic
https://bankofamerica.com@anchor-books.racing/validate.php,1,synthetic
https://cdn.fitnesstravel.com/login,0,synthetic
https://pixel-login.github.io/authenticate-signin/y31o2z/index.php?email=health@north.com,1,synthetic
http://fedex.billing-echo.men/banking?id=4e33ul0tly&session=gwr8388fqgiquk24&token=cxc84vvcu1kq,1,synthetic
http://learn2go.co.uk/products/zenith-7473,0,synthetic
https://books-forge.com/access,1,synthetic
https://forgebright.com/watch?v=8ks35d3xg7z,0,synthetic
https://meadow.com/help/articles/38734,0,synthetic
https://pixel-forge.edu,0,synthetic
https://www.canyoncanyon.org/docs/travel/photo/willow,0,synthetic
https://cdn.swiggy.com/,0,synthetic
https://cdn.cotton.org/signin,0,synthetic
https://sbi.validate-cloud.store/wp-content/school/login/index.aspx,1,synthetic
http://health-north.live/login/password/billing.php,1,synthetic
https://river-orbit.org/portal,1,synthetic
http://learn.kernel-canyon.com/watch?v=390cgyjwd6q,0,synthetic
https://www.north3d.io/,0,synthetic
https://secure.linkedin.com/support/canyon,0,synthetic
https://photophoto.com/games/weekly.html,0,synthetic
http://ebay.in@glacier-garden.top/account?id=jn7oxkjn35&session=vcrs7bzplqr9z9q0&token=crhk0gzxuti3,1,synthetic
http://bankofamerica.com@izajunkr9.tk/wp-content/ember/update/index.asp,1,synthetic
https://www.orbit.wixsite.com/help/articles/79278,0,synthetic
http://linkedin-secure.info/login,1,synthetic
http://wh4tsapp-online.live/login,1,synthetic
https://www.north-quartz.ac.in,0,synthetic
https://m.apple.com/help,0,synthetic
https://cloud-river.ac.in/pricing,0,synthetic
https://www.design-velvet.com/products/summit-7823,0,synthetic
https://swiggy.com/user/7470/profile,0,synthetic
https://falcon-delta.com/my,1,synthetic
https://api.wired.com/account/orders,0,synthetic
https://news464.live/wallet?id=9cqe70x13m&session=9x1t79dbhiupcvnl&token=hwym0bsaiswf/recover/banking.php,1,synthetic
https://amazon.authenticate-cedar.online/amazon/banking.aspx,1,synthetic
https://login.www.secure.update.account.www.prairie927.zip/orbit/login.jsp,1,synthetic
https://cdn.mosaic.com/docs/learn/willow/science,0,synthetic
https://us.api.twitch.tv,0,synthetic
https://travel-maple.org/portal,1,synthetic
https://www.east-ember.com/help/articles/19442,0,synthetic
https://designriver.ac.in/silver/velvet.html,0,synthetic
https://www.prairie-quill.net/search?q=east+zenith,0,synthetic
http://172.16.177.180:3000/,0,synthetic
https://www.tundra.glitch.me/products/bamboo-67,0,synthetic
https://login.netflix.com/bamboo,0,synthetic
http://f3dex.buzz/secure,1,synthetic
https://secure.bankofamerica.com/signin,0,synthetic
https://www.orbit.com/products/falcon-5446,0,synthetic
https://apache.org/blog/2022/12/lantern-news-data,0,synthetic
https://www.silver.com/cotton/umbra.html,0,synthetic
http://binance.com@quill64.club/secure.aspx,1,synthetic
https://meadowprairie.ac.in/docs/learn/orbit/lantern,0,synthetic
https://oasis-design.org/authenticate,1,synthetic
https://stone-island.support/validate/account/update.html,1,synthetic
https://community.digitalocean.com/about,0,synthetic
https://www.orbit.co:3000/about,0,synthetic
http://careers.breeze-health.edu/dp/B0KT5SESA3,0,synthetic
https://shop.debian.org/saffron/kernel.html,0,synthetic
https://news.com/login,0,synthetic
http://incometax-nimbus-password.work,1,synthetic
https://apple-design-validate.download/secure.html,1,synthetic
https://binance.login-learn.tk/9w64iy/secure/,1,synthetic
https://www.twitch.tv/security/overview,0,synthetic
https://mail.coinbase.com/help,0,synthetic
https://staging.app.news-summit.co.uk/products/science-158,0,synthetic
https://www.dataharbor.app/store/coffee?id=1294&sort=price&order=asc&color=umbra&size=2&page=6,0,synthetic
https://www.recipes-saffron.co/watch?v=4tob759an27,0,synthetic
http://s6zmidfpazummk.org/irctc/account.html?sid=zeg9yythe,1,synthetic
https://l2d7psw4n.win/binance/login.php/login/account.asp,1,synthetic
https://adobe.recover-breeze.xyz/account.aspx,1,synthetic
https://flipkart.com/docs/kernel/coffee/oasis,0,synthetic
https://news.books.org/products/orbit-2135,0,synthetic
https://news.bbc.co.uk/,0,synthetic
https://nimbus.password.fedex.cedar.weekly488.org/verify.html,1,synthetic
http://www.lumennews.io/docs/saffron/quill/zenith,0,synthetic
https://facebook-account.github.io/yonder/unlock.asp,1,synthetic
https://www.delta.org/category/raven?page=13,0,synthetic
https://mail.learn-code.com/,0,synthetic
https://cdn.glaciercopper.top/news/beacon-travel-glacier-haven-umbra-cotton-524780,0,synthetic
https://docs.swiggy.com/products/bamboo-5983,0,synthetic
https://www.goodreads.com/watch?v=511k5dwgeu4,0,synthetic
https://cedar-quill.org/portal,1,synthetic
http://10.0.202.206:8000/dashboard,0,synthetic
https://anchor-campus.co/validate,1,synthetic
http://secure.ebay.unlock.rf6ep00j.co/photo/login.php,1,synthetic
https://market-movies.gov/login,0,synthetic
https://t.co/jddsf,1,synthetic
https://news.canyonmeadow.org/docs/glacier/weekly/lotus,0,synthetic
https://health.ac.in/news?utm_source=newsletter&utm_medium=email&utm_campaign=data&ref=rfk712,0,synthetic
https://mail.north-umbra.com/account/login?next=/glacier,0,synthetic
https://tech.pages.dev/products/science-555,0,synthetic
https://www.stackoverflow.com/contact,0,synthetic
https://falcon-tech.co/canyon?utm_source=newsletter&utm_medium=email&utm_campaign=garden&ref=56ow14,0,synthetic
https://xn--jvzmyffm-qvt.monster/recover,1,synthetic
https://www.account.microsoft.moviesfitness-signin.co/validate.html,1,synthetic
https://help.fedex.com/signin,0,synthetic
http://ebay-signin.sbs/ebay/signin.asp,1,synthetic
https://zenithdelta.gov/blog/2026/10/science-island-orbit,0,synthetic
https://copper-forge.com/bankofamerica/password.html?sid=2bntgs24v,1,synthetic
https://amaz0n.club/amazon/authenticate.html,1,synthetic
https://iitb.ac.in/search?q=silver+bamboo,0,synthetic
https://glacierweekly.com/raven/pixel.html,0,synthetic
https://shop.archlinux.org/signin,0,synthetic
https://incometax-umbra-confirm.mov/incometax/account/secure.jsp?cmd=_account&dispatch=5jr8qn1dyd3mfawgwb3ed7e0,1,synthetic
http://1inkedin.bid/confirm.html,1,synthetic
http://login.secure-chase-recover.support/billing-banking/9r5vb6/index.jsp?email=summit@oasis.com,1,synthetic
https://secure.ebay.co.uk/help,0,synthetic
https://www.stone360.com/,0,synthetic
https://stone.com/contact,0,synthetic
https://school.www.billing.maple-yonder.accountant/zenith/billing.jsp,1,synthetic
https://docs.bamboo.com/category/silver?page=25,0,synthetic
https://saffron-coffee.net/portal,1,synthetic
https://shop.bbc.com/watch?v=renra1e455i,0,synthetic
https://xn--uolhhnlsr-txm.link/confirm,1,synthetic
https://bankofamerica.unlock-bamboo.top/q9nyux/account/,1,synthetic
https://www.mosaic-north.com/news/photo-ember-movies-jasper-maple-river-698822,0,synthetic
https://blog.wired.com/news/ember-market-news-cotton-beacon-breeze-226088,0,synthetic
https://instagram.com@3xwkmapnubgl.ml/wallet,1,synthetic
https://learn.healthfalcon.com/blog/2018/08/oasis-forge-lumen,0,synthetic
https://mosaic-delta.com/confirm,1,synthetic
http://194.129.14.211/password/ieg92j68,1,synthetic
http://icicibank.billing-bamboo.com/validate?id=59t61cdxti&session=xe7617dwwb5468qo&token=xbg8fs7nvck1,1,synthetic
https://www.zenith-photo.io/help/articles/33363,0,synthetic
https://je3lyugp.cf/billing.php/signin/authenticate.asp,1,synthetic
http://181.221.216.153:81/lumen/update.asp,1,synthetic
https://api.delta.netlify.app/search?q=yonder+haven,0,synthetic
https://www.canyonmovies.com/login,0,synthetic
http://incometax.wallet-news.rest/recover/n7bkur5f,1,synthetic
https://orbit-island.org/access,1,synthetic
https://www.breeze.org/category/orbit?page=26,0,synthetic
http://linkedin.secure-east.icu/verify?id=21lyag7ox4&session=9rh3b84deqxa0x9a&token=szu4vxuly11z,1,synthetic
https://music-north.com/portal,1,synthetic
https://learn.recipes-yonder.com/search?q=saffron+whisper,0,synthetic
https://www.fitnessquartz.com/secure/checkout,0,synthetic
https://lantern.ebay.login.account.www.www.k0uywyrg1.gdn/update/03gv3hfh,1,synthetic
https://secure.studio.paypal.secure.codedaily-verify.cfd/,1,synthetic
https://www.garden.org/products/code-3672,0,synthetic
http://icicibank.billing-harbor.click/update?id=prnh1jlmuz&session=lhpqmpx2flbu5tie&token=o81ay6l72i62,1,synthetic
http://103.57.180.117/,1,synthetic
https://www.havenmosaic.xyz/news/whisper-quartz-haven-saffron-delta-studio-519144,0,synthetic
http://sbi.confirm-harbor.icu/unlock.php,1,synthetic
https://photo-bamboo.com/wiki/East_Island,0,synthetic
https://zenith-school.com/banking,1,synthetic
https://xn--nfntegh-yrh.gq/banking,1,synthetic
http://confirm-ebay.bid/ebay/login.aspx,1,synthetic
https://mail.google.co.uk/account,0,synthetic
http://105.105.144.133/bankofamerica/update/secure.jsp?cmd=_update&dispatch=itfmm5nmlztd7gtts9djb7si,1,synthetic
https://careers.beaconforge.xyz/,0,synthetic
http://www.lumen-quartz.ac.in/en/garden/daily,0,synthetic
https://irctc-banking.monster/verify/hdn3x23a,1,synthetic
http://secure.coffee.login.linkedin.secure.zpxqdv5bfp.gdn/password.asp,1,synthetic
http://www.pypi.org/news/lumen-data-data-bamboo-umbra-photo-276831,0,synthetic
https://app.news.com/docs/news/cotton/maple,0,synthetic
https://harbor-wallet.netlify.app/market/signin.aspx,1,synthetic
https://prairie-learn.net/access,1,synthetic
https://link3din-support.mov/account/q82zohyb,1,synthetic
https://learn.cnn.com/wiki/Canyon_Ember,0,synthetic
https://www.travel.org/signin,0,synthetic
https://lotus-billing.blogspot.com/,1,synthetic
https://irctc.authenticate-market.win/account,1,synthetic
https://www.prairie-health.app/about,0,synthetic
http://secure-hdfcbank-signin.cfd/secure?id=3it7076mkk&session=vovbll22qzamo7q5&token=ho4av755vikl,1,synthetic
https://delta-north.com/security/overview,0,synthetic
http://update.adobe.secure.j9nkvu3sstv.club/kernel/authenticate.asp,1,synthetic
https://www.delta.com/glacier/travel.html,0,synthetic
https://unlock-incometax.science/recover.aspx,1,synthetic
http://health-stone.zip/icicibank/wallet.html/update/recover.php,1,synthetic
https://staging.api.nih.gov/blog/2023/08/beacon-tech-echo,0,synthetic
https://aiog3vc7gbupvig.com/metamask/password/account.html?cmd=_password&dispatch=0wikgh70tr4fmorf7gkgy8zd/password/account.asp,1,synthetic
https://www.secure-wellsfargo-billing.ml/update.php,1,synthetic
https://rb.gy/5simf7n,0,synthetic
https://summit365.in/search?q=mosaic+quartz,0,synthetic
https://www.kerneldaily.xyz/docs/music/bamboo/travel,0,synthetic
https://daily390.info/sbi/update.asp/verify/login.html,1,synthetic
http://facebook.com@copper-mosaic.bid/account-secure/f457hy/index.html?email=willow@prairie.com,1,synthetic
https://my.validate-microsoft.cf/update.asp,1,synthetic
https://chase.login-glacier.bid/password?id=2jrtvil4xq&session=iy5oi4lljguwpjud&token=gzml2qxgfzve,1,synthetic
https://status.ember.com/security/overview,0,synthetic
https://travelglacier-secure.me/login.aspx/secure/recover.jsp,1,synthetic
http://google-mosaic-login.faces/google/update/authenticate.jsp?cmd=_update&dispatch=pny28ow69svrc8057gn6jogg,1,synthetic
https://garden-verify.glitch.me/velvet/banking/verify.html?cmd=_banking&dispatch=aazmsc0glkyjoyh8hx2320si,1,synthetic
https://googl3.click/google/validate.php,1,synthetic
http://zenith-saffron.live/coinbase/secure.aspx?ref=ntthcfl9b,1,synthetic
https://docker.com/account/settings,0,synthetic
http://buff.ly/cj6tx,1,synthetic
https://api.lotuseast.online/search?q=breeze+forge,0,synthetic
https://www.tech-haven.com/wiki/Zenith_Quartz,0,synthetic
http://www.weeklydelta.com/,0,synthetic
https://musicglacier-password.monster/irctc/password.php/signin/signin.jsp,1,synthetic
http://staging.app.river-garden.com/verify-email/success,0,synthetic
https://www.beacon-falcon.xyz/dp/B0FPTOMJBC,0,synthetic
https://www.saffron.herokuapp.com/blog/2021/06/design-prairie-yonder,0,synthetic
https://metamask-raven-password.top/secure.aspx,1,synthetic
http://paytm.signin-bright.site/authenticate?id=8yaqpz07u5&session=bshg7xou1qioezql&token=h1ptzfa82u7z,1,synthetic
https://bankofamerica.health.update.login.account.account.o70veqn0q1lydw.club/signin?id=leckz4hlu8&session=ras50d6pb2pvr0da&token=53qd417wyrqj,1,synthetic
http://icicibank.www.update.lm3mi27zck7s0nxx.store/validate/bejefqwi,1,synthetic
https://accounts.paypal.com/products/coffee-9573,0,synthetic
http://coinbase.wallet-travel.icu/xz4g4e/verify/,1,synthetic
https://api.lotus.org/help/articles/83061,0,synthetic
https://account.www.ebay.secure.login.www.copper608.org/,1,synthetic
https://www.nytimes.com/help/articles/71950,0,synthetic
https://nytimes.com/products/silver-9671,0,synthetic
http://apple.login-photo.date/verify/yzny8u17,1,synthetic
https://www.deltatundra.com/account/orders,0,synthetic
https://mfcxw8f66wptq.monster/recover?id=9xbb3i4rwe&session=01a6tgegtrd4tbvl&token=jw2iwepbabn3/update/account.jsp,1,synthetic
http://silver-north.site/amazon/secure.jsp?sid=ux7gnjroo,1,synthetic
https://wellsfargo.com@lotus-echo.racing/wellsfargo/billing/validate.jsp?cmd=_billing&dispatch=qo0yeemx689rw53ubk3w8ade,1,synthetic
https://lantern-travel.fr/store/fitness?id=9164&sort=price&order=asc&color=coffee&size=11&page=7,0,synthetic
https://nytimes.com/wiki/Willow_Market,0,synthetic
http://raven505.review/recover?id=vt4gzhoc1x&session=4d4hob6bj647uk5i&token=rtb0vmxe5f3h/recover/verify.jsp,1,synthetic
https://status.stonehaven.com/category/maple?page=17,0,synthetic
https://m.incometax.gov.in/account/manage,0,synthetic
https://iitb.ac.in/category/movies?page=39,0,synthetic
https://xn--vzvbhj-sim.rest/password,1,synthetic
https://games-lumen.online/confirm/verify/billing.jsp,1,synthetic
https://www.fitnessbright.net/pricing,0,synthetic
https://travel549.store/wallet.php/banking/billing.asp,1,synthetic
http://mosaicbreeze-unlock.me/login/527ulym3/secure/login.html,1,synthetic
https://xn--ggkxnczg-uva.gdn/confirm,1,synthetic
https://whatsapp.net@tech129.ga/authenticate/ru74w03t,1,synthetic
http://m8awcukz6005yx0r.site/login/anbp3tcb/authenticate/billing.aspx,1,synthetic
https://my.ebay-east-confirm.men/ebay/verify.html,1,synthetic
http://willow969.com/update/account/account.jsp,1,synthetic
http://229.92.82.252/wp-content/haven/login/index.jsp,1,synthetic
https://learn.travel-daily.com/help/articles/75427,0,synthetic
https://rebrand.ly/4ic81uy,0,synthetic
https://paypal.validate-falcon.party/update/zwgfwbpu,1,synthetic
https://recipes-summit.co/my,1,synthetic
https://eu.docs.yondercoffee.online/signin,0,synthetic
https://anchor.glitch.me/yonder/movies.html,0,synthetic
https://login.confirm-incometax.monster/confirm/ln2891e4,1,synthetic
https://books-willow.store/apple/secure.php?id=3f0jpdlr6,1,synthetic
https://news.pypi.org/account/settings,0,synthetic
http://172.16.14.223:8080/dashboard,0,synthetic
http://www.stanford.edu/about,0,synthetic
https://www.brightumbra.org/user/9448/profile,0,synthetic
http://72.139.77.220:443/k12e4p/secure/,1,synthetic
https://my.instagram-validate.faces/authenticate.html,1,synthetic
http://bright37.site/apple/verify.php?id=kiu10re74,1,synthetic
https://facebook-campus-wallet.cfd/szfuek/account/,1,synthetic
http://www.movies.com/,0,synthetic
http://www.applebanking.rest/validate/zllamzv4,1,synthetic
https://www.saffronhealth.com/contact,0,synthetic
http://cutt.ly/as0o4t,1,synthetic
https://shop.north.org/en/falcon/studio,0,synthetic
http://facebooksignin.work/unlock,1,synthetic
https://bright-quartz.org/access,1,synthetic
https://glacier385.mov/instagram/confirm.jsp?sid=oqfexiw0r,1,synthetic
https://www.goodreads.com:3000/wiki/East_Data,0,synthetic
https://www.isro.gov.in/blog/2018/12/studio-fitness-cedar,0,synthetic
https://status.weekly.com/wiki/Kernel_Movies,0,synthetic
https://news.github.com/signin,0,synthetic
https://developer.coinbase.com/lotus,0,synthetic
https://willow-password.herokuapp.com/wp-content/garden/account/index.html,1,synthetic
https://mail.code24.com/docs/canyon/silver/velvet,0,synthetic
https://my.adobe-validate.cyou/af9inm/account/,1,synthetic
https://docusign.signin-tundra.zip/authenticate?id=7qv8nf1asy&session=cgmna53kzij63wds&token=woj7it8x6diu,1,synthetic
https://community.ox.ac.uk/account/orders,0,synthetic
https://www.mosaic-lantern.com/wiki/Fitness_Yonder,0,synthetic
https://careers.falcon360.edu/signup,0,synthetic
https://secure-facebook-account.ml/confirm?id=oowcr0kmm3&session=rhwmv9on726xfbvp&token=crv94xwd6lw4,1,synthetic
http://192.168.79.34:5000/dashboard,0,synthetic
http://17.74.80.207:8080/apple/unlock/wallet.aspx?cmd=_unlock&dispatch=ksedn15u7ayoj7rcef3emcp5,1,synthetic
https://quill-ember.info/netflix/authenticate.aspx?sid=n29jzxsxk,1,synthetic
http://update.update.www.account.recover.stone767.mov/studio/verify/secure.asp?cmd=_verify&dispatch=tdmkwesxbidbxslqpha3dgqh,1,synthetic
http://zenitheast-recover.org/recover/9y9bkk1o/signin/banking.php,1,synthetic
https://update.account.docusign.www.update.secure.0ev2g49nadm.racing/login?id=ytqfu9z95t&session=7j83u8nmg8pbifu5&token=pja8n0gylj64,1,synthetic
https://amazon.wallet-school.download/billing?id=u4lsacodmf&session=xe70f2w91ljtt30q&token=grw6nlxecfai,1,synthetic
https://cloudweekly.com/login,0,synthetic
https://www.dropbox.com/,0,synthetic
https://cdn.goodreads.com/river?utm_source=newsletter&utm_medium=email&utm_campaign=health&ref=spu8gi,0,synthetic
https://chasesecure.loan/secure.jsp,1,synthetic
https://metamask-authenticate.netlify.app/validate.asp,1,synthetic
https://www.google.co.in/login,0,synthetic
https://microsoft-east-update.cam/confirm-secure/kdfirj/index.html?email=tundra@tech.com,1,synthetic
https://update.binance.account.www.market.falcon-falcon.live/zenith/wallet.aspx,1,synthetic
https://www.maplelantern.net/help/articles/70109,0,synthetic
https://ebay.wallet-travel.review/validate?id=y2nl58myc5&session=7c58lb56pp7eagmz&token=ira6mfvjyqz4,1,synthetic
https://www.haven.com/signup,0,synthetic
https://api.glacier-island.com/account/settings,0,synthetic
http://incometax.gov.in@vq2o9paf1hl4jtly.site/eub2h0/confirm/,1,synthetic
http://244.23.6.116/unlock-unlock/7nug04/index.php?email=canyon@maple.com,1,synthetic
https://coinb4se-online.mov/account?id=3h8dm77esp&session=3gdsu7lydzcb3ud3&token=3vjke36a0052,1,synthetic
https://my.ebaywallet.download/pond1x/confirm/,1,synthetic
https://login.office.com/login,0,synthetic
https://www.docker.com/en/summit/maple,0,synthetic
https://summit.wixsite.com/products/quartz-3941,0,synthetic
https://paypal.com@market-garden.monster/signin-validate/r9lhpu/index.asp?email=science@cotton.com,1,synthetic
http://cdn.learnmusic.xyz/blog/2020/08/games-maple-school,0,synthetic
https://www.indiatimes.com/category/fitness?page=15,0,synthetic
https://music.update.secure.login.wz8yuh8bis2kok.club/validate.jsp,1,synthetic
https://www.yonder-harbor.com/recipes/pixel.html,0,synthetic
https://www.linkedin.com/products/copper-818,0,synthetic
https://help.binance.com/account,0,synthetic
https://www.wikipedia.org/,0,synthetic
https://www.docusignverify.info/,1,synthetic
https://willow-recover.glitch.me/yonder/unlock.jsp,1,synthetic
https://accounts.dropbox.com/login,0,synthetic
http://dropbox.confirm-learn.accountant/ke44sj/recover/,1,synthetic
http://meadow55.gdn/chase/recover.php?id=fukao66jk,1,synthetic
https://stackoverflow.com/,0,synthetic
http://100.14.163.227/recover?id=pvs4jkqcux&session=pczehobarx7i4xkm&token=rd65cx09oovx,1,synthetic
http://staging.api.github.com/blog/2021/12/whisper-nimbus-maple,0,synthetic
https://theguardian.com/pricing,0,synthetic
http://forge365.com/products/anchor-7112,0,synthetic
https://oasis-password.github.io/billing,1,synthetic
https://oasis-nimbus.accountant/linkedin/recover.php?sid=4eluos0gg,1,synthetic
https://bbc.co.uk/about,0,synthetic
https://cedar749.tk/apple/confirm.aspx?ref=5r1acfhfx,1,synthetic
https://incometax.account-raven.zip/authenticate-authenticate/l1gz2p/index.html?email=east@fitness.com,1,synthetic
https://spotify.com/products/zenith-1805,0,synthetic
https://www.bambooquill.com/signin,0,synthetic
https://sbi-confirm.blogspot.com,1,synthetic
http://amazon.login-oasis.store/secure/1a5vrwql,1,synthetic
https://wikipedia.org/contact,0,synthetic
https://netflix.authenticate-ember.top/login?id=mwwk56qxhj&session=2eaxn68nt8238rgw&token=y427b619t30i,1,synthetic
https://beacon-willow.org/wallet,1,synthetic
https://www.travelstone.top/cedar/glacier.html,0,synthetic
https://pk9jfe4ed2m.win/binance/confirm.php?id=vxtgp9f5g,1,synthetic
https://maple-anchor.org/store/silver?id=6716&sort=price&order=asc&color=river&size=6&page=4,0,synthetic
https://www.twitch.tv,0,synthetic
http://microsoft.billing-mosaic.store/billing,1,synthetic
https://6b83occuknoymh.club/signin/0fxllwxu/verify/recover.jsp,1,synthetic
http://67.132.57.22/validate-authenticate/sn0aez/index.php?email=books@design.com,1,synthetic
https://river.com/dp/B0R4C7AX9M,0,synthetic
https://www.cloudflare.com/products/north-1652,0,synthetic
http://196.162.129.189/login.asp,1,synthetic
http://amazon.com@island771.top/amazon/secure.html,1,synthetic
https://developer.binance.com/security,0,synthetic
https://bright-account.pages.dev/1659nn/confirm/,1,synthetic
https://www.breezejasper.org/store/falcon?id=1842&sort=price&order=asc&color=coffee&size=4&page=3,0,synthetic
http://fedex.login-saffron.rest,1,synthetic
http://192.168.226.161:8080/dashboard,0,synthetic
https://coinbase.com/products/movies-5363,0,synthetic
https://north.herokuapp.com/products/fitness-246,0,synthetic
https://hdfcbank.com@science-jasper.cam/hdfcbank/update.asp,1,synthetic
https://kernel998.rest/signin.asp/validate/secure.asp,1,synthetic
https://music-books.net/account,1,synthetic
https://secure-whatsapp-signin.support/login.jsp,1,synthetic
https://willow-stone.com/access,1,synthetic
https://www.pypi.org/security/overview,0,synthetic
https://apple.com@7whre5nr7.info/banking?id=f35usxb5xz&session=619bs55ddfm98x28&token=3efpleh5dusy,1,synthetic
https://rb.gy/f3hksox,0,synthetic
http://metamasklogin.club/verify.aspx,1,synthetic
http://74.106.51.10:8000/wp-content/photo/validate/index.asp,1,synthetic
https://coffee.co.uk/user/8531/profile,0,synthetic
https://www.stanford.edu,0,synthetic
http://login.secure-adobe.info/verify?id=ygd3sysqni&session=a1hedr9zu58lu385&token=4vua3g6ealxv,1,synthetic
https://2801a2zs.review/whatsapp/recover.asp?sid=ia3c55gox,1,synthetic
https://mosaic-glacier.online/coinbase/signin.asp?sid=dmqjyk0ot,1,synthetic
https://secure-whatsapp-billing.site/whatsapp/account.jsp,1,synthetic
https://6ezz52bxje6.top/6y7cqm/validate//wallet/signin.html,1,synthetic
https://www.travel-design.io/,0,synthetic
http://www.eastlearn.com/docs/weekly/garden/studio,0,synthetic
http://227.210.225.188:8080/market/login/confirm.aspx?cmd=_login&dispatch=egqb312bot3bc6izm4t0syji,1,synthetic
https://travellearn.co/account/login?next=/haven,0,synthetic
https://is.gd/p0r88ia,0,synthetic
https://instagram-banking.000webhostapp.com/verify?id=ooidqj92ao&session=yypojz0jbxjxyjiz&token=vfvp5j6d0fwg,1,synthetic
https://isro.gov.in/dp/B051EKB929,0,synthetic
https://docs.willowforge.edu/secure/checkout,0,synthetic
http://account.login.www.update.login.coppertravel-verify.live/update,1,synthetic
https://community.news-velvet.com/search?q=yonder+prairie,0,synthetic
http://hdfcbank-meadow-wallet.buzz/unlock,1,synthetic
https://whatsapp-verify.weebly.com,1,synthetic
https://www.indiatimes.com:8080/user/8961/profile,0,synthetic
https://theguardian.com/,0,synthetic
https://docs.cotton365.com/password/reset,0,synthetic
https://www.kubernetes.io/news/breeze-science-north-learn-velvet-studio-683333,0,synthetic
http://umbra-market.info/bankofamerica/password/signin.jsp?cmd=_password&dispatch=t263jyefzf0qyyznl11of68i/wallet/banking.jsp,1,synthetic
http://sbi.billing-quill.party/update.php,1,synthetic
http://app.harbor.in/meadow/maple.html,0,synthetic
https://app.kernel.com/,0,synthetic
https://api.reddit.com/watch?v=2rooo7t0vxk,0,synthetic
https://harbor-authenticate.weebly.com/password/bw144lgm,1,synthetic
https://mail.hdfcbank.com/canyon,0,synthetic
https://willow-whisper.co/access,1,synthetic
http://quartz-daily.com/docs/glacier/quartz/glacier,0,synthetic
https://secure.hdfcbank.com/account,0,synthetic
https://whisperdelta-account.store//recover/billing.php,1,synthetic
https://api.science.in/help/articles/35018,0,synthetic
https://login.dhl-lumen-verify.click/validate/j20ck9at,1,synthetic
https://delta.org/,0,synthetic
https://prairie-falcon.site/microsoft/wallet.php?sid=s5v1op62o,1,synthetic
https://www.yonder.com/docs/oasis/weekly/books,0,synthetic
https://orbit-unlock.github.io/confirm.jsp,1,synthetic
http://npmjs.com/products/lumen-7747,0,synthetic
https://44kdto5h669rj3h.info/billing/1u0swxnk/confirm/signin.php,1,synthetic
http://239.2.96.63:8000/validate,1,synthetic
https://cutt.ly/fylwt3g,1,synthetic
http://glacier-movies.net/verify/x3votvxi/confirm/authenticate.php,1,synthetic
http://news.orbit.com/security/overview,0,synthetic
https://s.id/4eh1rjf,0,synthetic
https://forge-delta.top/coinbase/login.jsp?ref=glwi9wwlb,1,synthetic
http://www.flipkart.com/account/settings,0,synthetic
https://m.dropbox.com/,0,synthetic
https://www.delta360.com/store/nimbus?id=6698&sort=price&order=asc&color=music&size=11&page=2,0,synthetic
https://mosaic-garden.in/search?q=quill+cedar,0,synthetic
https://recipes-market.com/portal,1,synthetic
https://api.spotify.com/signup,0,synthetic
http://tinyurl.com/ldmz5,1,synthetic
https://blog.travelforge.top/blog/2018/06/movies-copper-oasis,0,synthetic
https://www.oasis-garden.com/account/settings,0,synthetic
http://www.irctc.co.in/kernel,0,synthetic
https://linkedin.verify-learn.racing/wp-content/haven/secure/index.asp,1,synthetic
https://microsoft.unlock-silver.zip/password?id=wyd6c372if&session=eo9t5dtdlk5qmado&token=6kxxoyofw3p3,1,synthetic
https://news.oasisoasis.org/docs/kernel/echo/travel,0,synthetic
https://accounts.netflix.com/account,0,synthetic
https://cdn.musicfalcon.xyz/contact,0,synthetic
https://www.quillanchor.com/contact,0,synthetic
https://glacier-east.net/secure,1,synthetic
https://dh1-online.work/banking,1,synthetic
https://echo-update.pages.dev/wp-content/nimbus/unlock/index.jsp,1,synthetic
http://sb1-support.link/pjv63s/account/,1,synthetic
https://api.daily3d.com/about,0,synthetic
http://icicibank.confirm-tech.co,1,synthetic
http://204.205.107.62:81/verify,1,synthetic
https://stanford.edu/category/market?page=36,0,synthetic
https://app.github.com/blog/2021/11/canyon-delta-willow,0,synthetic
http://nimbus723.zip//login/recover.asp,1,synthetic
http://metamask.billing-lantern.monster/login.jsp,1,synthetic
https://shop.python.org/verify-email/success,0,synthetic
https://password-sbi.sbs/unlock.php,1,synthetic
https://accounts.amazon.in/account/manage,0,synthetic
http://login.facebook-studio-account.ga/,1,synthetic
https://www.indiatimes.com/dp/B0Y5J5O122,0,synthetic
https://news.flipkart.com/secure/checkout,0,synthetic
https://docusign-validate.herokuapp.com/travel/password.jsp,1,synthetic
https://science.github.io:3000/password/reset,0,synthetic
https://us.api.scienceharbor.gov/wiki/Whisper_Maple,0,synthetic
https://music-breeze.net/portal,1,synthetic
https://8h008tjjpelk.link/incometax/secure/password.html?cmd=_secure&dispatch=d4wx5bzn6cze2onfh6molt7j/secure/password.jsp,1,synthetic
https://docusign.update-bamboo.buzz/docusign/confirm.jsp,1,synthetic
https://photo-login.herokuapp.com/unlock,1,synthetic
https://www.movies-delta.com,0,synthetic
http://135.198.40.143/wp-content/music/secure/index.asp,1,synthetic
http://www.secure-paytm-account.date/billing.aspx,1,synthetic
https://binance-account.000webhostapp.com/wp-content/prairie/banking/index.php,1,synthetic
http://amazon-zenith-unlock.link/authenticate.jsp,1,synthetic
https://pypi.org/docs/velvet/fitness/echo,0,synthetic
https://studio-billing.000webhostapp.com/zenith/signin.jsp,1,synthetic
https://www.medium.com/signin,0,synthetic
https://www.secure-linkedin-wallet.loan/linkedin/password/recover.php?cmd=_password&dispatch=hxywxte39d89vv5zpqh1lxoh,1,synthetic
http://photocopper-authenticate.cyou/bankofamerica/signin/password.asp?cmd=_signin&dispatch=gl14rb3wowgm6pqx0knotu1v/verify/update.jsp,1,synthetic
https://health-velvet.net/access,1,synthetic
https://quillsilver.site/secure/checkout,0,synthetic
https://www.beacon.de/store/maple?id=8417&sort=price&order=asc&color=mosaic&size=9&page=2,0,synthetic
https://www.news-island.com/about,0,synthetic
https://jasper-data.cfd/unlock.asp/login/recover.html,1,synthetic
http://news.east-silver.com/signin,0,synthetic
http://186.219.88.16:8888/studio/verify/banking.asp?cmd=_verify&dispatch=d7lz3cmd5p9a2gsp5gfcrxht,1,synthetic
https://news.learn-school.com/island?utm_source=newsletter&utm_medium=email&utm_campaign=orbit&ref=qsfw9p,0,synthetic
https://www.bamboo.in/login,0,synthetic
http://232.102.51.182/echo/login/verify.php?cmd=_login&dispatch=0lfod0zkka0ot4ahpzowk540,1,synthetic
https://careers.wikipedia.org/blog/2017/04/tech-health-zenith,0,synthetic
https://status.data-campus.com/contact,0,synthetic
http://google-cotton-wallet.store/verify.php,1,synthetic
http://amazon-nimbus-signin.men/confirm/tsfmild4,1,synthetic
https://wired.com/products/cotton-1521,0,synthetic
https://secure.icloud.com/account,0,synthetic
https://coinbase-unlock.000webhostapp.com/tech/account/login.php?cmd=_account&dispatch=jtme9fca6kxnntozvs2al9h0,1,synthetic
http://fedex.com%40kernel-pixel.monster/verify/54de8oa4,1,synthetic
http://update.secure.secure.breeze.update.account.harbor956.download/wp-content/jasper/authenticate/index.asp,1,synthetic
http://google.secure-lantern.org/banking?id=au760fv0vm&session=ginsev54vahqrh0o&token=c25fkmlhk2xc,1,synthetic
https://mail.havengarden.site/security/overview,0,synthetic
https://paypal.me@whisperstudio-verify.com/confirm.asp,1,synthetic
https://docusign-account.netlify.app/wp-content/campus/wallet/index.jsp,1,synthetic
https://www.cotton-books.gov/en/stone/willow,0,synthetic
https://www.news.edu/dp/B0VBP2WR9C,0,synthetic
http://account.www.account.studio.confirm.confirm.gamesphoto-signin.live/account?id=3c37xjxpem&session=7uteoh3qq8vhwqrk&token=onqqclx96xve,1,synthetic
https://status.twitch.tv/en/raven/market,0,synthetic
http://xgnj3fdctgl1rp.club/apple/password.jsp?id=4b9gkbxdg,1,synthetic
https://support.irctc.co.in/whisper,0,synthetic
https://careers.cloudphoto.com/help/articles/94995,0,synthetic
https://www.cottonharbor.org/user/4749/profile,0,synthetic
https://shop.silverbooks.com/yonder?utm_source=newsletter&utm_medium=email&utm_campaign=recipes&ref=imdm3t,0,synthetic
https://oasis-lotus.com/signin,1,synthetic
https://datasummit.com/signin,0,synthetic
https://www.quill24.au/contact,0,synthetic
https://willowlumen.com/category/island?page=33,0,synthetic
http://cloud27.racing/coinbase/signin.asp?id=edd2kmesl,1,synthetic
https://community.lumennimbus.com/watch?v=16mue031rap,0,synthetic
https://app.orbit-echo.com/account/login?next=/weekly,0,synthetic
https://mail.dropbox.com/,0,synthetic
https://www.fedex.com,0,synthetic
http://251.47.125.221/2chyps/update/,1,synthetic
https://debian.org/blog/2026/03/health-harbor-yonder,0,synthetic
https://news-copper.com/daily?utm_source=newsletter&utm_medium=email&utm_campaign=school&ref=pftnfu,0,synthetic
https://willow-banking.web.app/oasis/validate.asp,1,synthetic
http://www.forge.org/,0,synthetic
https://breeze-music.org/my,1,synthetic
https://login.netflix.com/account/manage,0,synthetic
https://docs.cloudcotton.com/search?q=meadow+copper,0,synthetic
https://delta-update.weebly.com/,1,synthetic
https://www.goodreads.com/products/pixel-2282,0,synthetic
https://www.scienceglacier.in/dp/B03WB7LIED,0,synthetic
https://recipes-quartz.net/unlock,1,synthetic
https://goodreads.com/account/login?next=/books,0,synthetic
http://icicibank.billing-garden.buzz/0noafe/authenticate/,1,synthetic
https://developer.paypal.com/support/coffee,0,synthetic
http://apple.password-travel.loan/unlock,1,synthetic
https://nimbus-umbra.org/access,1,synthetic
https://whatsapp-account.web.app/anchor/billing.aspx,1,synthetic
https://pixel.app/news/bright-ember-saffron-silver-movies-bright-884974,0,synthetic
https://blog.nimbus.com/en/river/canyon,0,synthetic
http://bankofamerica.login-north.top/bankofamerica/login.asp,1,synthetic
http://hdfcbank.wallet-learn.co/authenticate,1,synthetic
https://support.fedex.com/security,0,synthetic
https://facebook-billing.herokuapp.com/account,1,synthetic
https://pixel-banking.pages.dev/yonder/billing.aspx,1,synthetic
https://coinbase.secure.www.health.forge-daily.store/secure/2cwfaq4o,1,synthetic
https://umbramarket.net/category/nimbus?page=9,0,synthetic
http://www.docusignlogin.me/account/znf61a1k,1,synthetic
https://www.umbra.com/news/pixel-cotton-jasper-whisper-cotton-stone-433232,0,synthetic
http://tiny.cc/9x854,1,synthetic
http://confirm-incometax.sbs/password?id=6ci9traj27&session=m0iy9rsgs3dqs3uf&token=wp5kzb1b8ip7,1,synthetic
https://learn-coffee.com/access,1,synthetic
https://whatsapp.account-garden.co/unlock.jsp,1,synthetic
https://github.com/learn/zenith.html,0,synthetic
https://careers.isro.gov.in/,0,synthetic
https://status.breeze-photo.com/secure/checkout,0,synthetic
http://metamask.authenticate-design.faces/recover,1,synthetic
https://www.thehindu.com/signup,0,synthetic
http://www.python.org/about,0,synthetic
https://www.swiggy.com/news/whisper-weekly-velvet-books-orbit-bamboo-763611,0,synthetic
https://www.etsy.com/signup,0,synthetic
https://code.gov/secure/checkout,0,synthetic
https://learn-update.pages.dev/banking,1,synthetic
https://www.pixel.io,0,synthetic
https://shop.recipestundra.com/river?utm_source=newsletter&utm_medium=email&utm_campaign=ember&ref=9wec04,0,synthetic
https://games-confirm.web.app/account,1,synthetic
http://facebook.secure.facebook.www.billing.www.velvet-harbor.cfd/secure,1,synthetic
https://whatsapp.login-news.faces/recover/tz5das4w,1,synthetic
https://oasisprairie.io/verify-email/success,0,synthetic
https://mail.ubuntu.com/secure/checkout,0,synthetic
https://amazon-authenticate.online/account?id=klr1p7kxy2&session=g0f3uxsfpnc6gxee&token=obcfcv9hgqqo,1,synthetic
http://app.beaconcedar.org,0,synthetic
https://irctc.password-cotton.cfd/authenticate?id=f2j9yqjen1&session=dh4ft4klisvmgzuf&token=yssg9avrab7u,1,synthetic
http://maple-learn.store/apple/password.asp?ref=irqwhygt0,1,synthetic
http://192.168.135.60:5000/admin,0,synthetic
https://www.validate.secure.account.0kp6gi23w8tnb77l.co/unlock.asp,1,synthetic
https://www.imdb.com/summit/nimbus.html,0,synthetic
https://www.whisperorbit.xyz/signin,0,synthetic
https://reddit.com/search?q=health+summit,0,synthetic
http://code-forge.online/confirm?id=2wu9z8dzz1&session=rmb12m75ucj482my&token=kg9s6e23qvu7/signin/validate.jsp,1,synthetic
http://134.97.55.163/coinbase/verify/authenticate.aspx?cmd=_verify&dispatch=avzdvu4n7shdzab1yh0evmf2,1,synthetic
https://secure-linkedin.icu/p4bp3v/signin/,1,synthetic
https://nih.gov/user/2931/profile,0,synthetic
https://bright-banking.netlify.app/falcon/signin/verify.jsp?cmd=_signin&dispatch=mjshbir1sayos7dqecixfgaj,1,synthetic
https://sciencekernel-password.site/hdfcbank/authenticate.asp?ref=fpmzyvjap,1,synthetic
http://ow.ly/3oedgfbz,1,synthetic
https://mail.cedar-falcon.com/products/meadow-1236,0,synthetic
https://www.fitnesstundra.net/about,0,synthetic
https://facebook.secure-weekly.cfd/wp-content/science/confirm/index.html,1,synthetic
https://microsoft.wallet-canyon.work/microsoft/billing.php,1,synthetic
https://icicibank.validate-tundra.cam/wp-content/raven/account/index.php,1,synthetic
https://nytimes.com/account/settings,0,synthetic
https://www.kubernetes.io/user/7292/profile,0,synthetic
http://dr0pbox-support.icu/confirm.html,1,synthetic
https://news.kubernetes.io/search?q=willow+health,0,synthetic
https://www.reddit.com/quartz?utm_source=newsletter&utm_medium=email&utm_campaign=fitness&ref=u24iql,0,synthetic
https://www.stonebamboo.app/contact,0,synthetic
https://techcrunch.com/account/settings,0,synthetic
https://accounts.icicibank.com/support/breeze,0,synthetic
https://metamask.io@quartz-travel.net/metamask/confirm.php,1,synthetic
https://developer.wellsfargo.com/north,0,synthetic
https://www.maple-zenith.gov/,0,synthetic
https://www.cloudflare.com/account/settings,0,synthetic
https://travel.com/secure/checkout,0,synthetic
http://61.78.45.32:81/signin.jsp,1,synthetic
https://accounts.paytm.com,0,synthetic
http://apple-willow-validate.rest/wp-content/delta/recover/index.html,1,synthetic
https://anchor3d.ca,0,synthetic
https://lotus.account.www.meadow.authenticate.facebook.sjrhk1ow5x.store/account,1,synthetic
https://paytm.com@stone-science.support,1,synthetic
https://us.api.kubernetes.io/watch?v=43o6p1y0b55,0,synthetic
https://www.bbc.co.uk/search?q=glacier+raven,0,synthetic
https://yonder3d.edu/studio?utm_source=newsletter&utm_medium=email&utm_campaign=breeze&ref=p5pm2e,0,synthetic
https://movies106.zip/whatsapp/secure.html?ref=lduvtamro,1,synthetic
https://wellsfargo-update.rest/validate,1,synthetic
https://developer.binance.com/account/manage,0,synthetic
https://m.chase.com/,0,synthetic
https://www.dailynews.top/,0,synthetic
https://nimbuscotton.com/,0,synthetic
https://news.learn365.co.uk/watch?v=ldsyyr91150,0,synthetic
http://google-forge-billing.icu/account.php,1,synthetic
https://maple.org/category/summit?page=1,0,synthetic
https://travelcedar.site/help/articles/15242,0,synthetic
https://wikipedia.org/signup,0,synthetic
https://python.org/products/meadow-1583,0,synthetic
https://studio-glacier.co/my,1,synthetic
http://69.177.68.153/daily/banking.html,1,synthetic
https://weekly-billing.netlify.app/authenticate,1,synthetic
https://cloud986.review/banking.asp/unlock/recover.html,1,synthetic
http://chase.com/help,0,synthetic
https://icicibank.banking-maple.cam/validate,1,synthetic
https://www.falcon-canyon.ca/north/tundra.html,0,synthetic
https://recover.recover.login.yonder-stone.mov/password.html,1,synthetic
https://api.zomato.com/en/tundra/maple,0,synthetic
https://cdn.daily.dev/security/overview,0,synthetic
https://amazonaws.com/products/lumen-1625,0,synthetic
https://www.saffroncode.org/security/overview,0,synthetic
https://news.docker.com/pricing,0,synthetic
http://bbc.com/account/login?next=/lumen,0,synthetic
https://whisperanchor.in/category/nimbus?page=6,0,synthetic
https://xn--esjeoxty-csc.cyou/wallet,1,synthetic
https://blog.kernel.org/news/travel-news-forge-falcon-beacon-music-340677,0,synthetic
http://www.island.com/wiki/Canyon_Delta,0,synthetic
https://accounts.linkedin.com/account/manage,0,synthetic
http://www.saffron-island.com/search?q=prairie+market,0,synthetic
https://thehindu.com,0,synthetic
https://support.amazon.de/account,0,synthetic
https://xn--mcigfm-txt.loan/update,1,synthetic
https://www.ebay.com/account,0,synthetic
https://marketscience.io/watch?v=ap9r9ndljdw,0,synthetic
https://developer.irctc.co.in/account/manage,0,synthetic
http://amazon-orbit-recover.date/secure.html,1,synthetic
http://fitnesslumen.in/products/prairie-8101,0,synthetic
http://l1nkedin-online.com/fjcjgu/account/,1,synthetic
http://goodreads.com/velvet?utm_source=newsletter&utm_medium=email&utm_campaign=news&ref=j7rpob,0,synthetic
http://tiny.cc/91vx8ei,1,synthetic
https://www.anchor-fitness.com/help/articles/22119,0,synthetic
https://community.spotify.com/help/articles/6299,0,synthetic
http://docusign.validate-canyon.click/wp-content/daily/recover/index.jsp,1,synthetic
https://xn--xslvot-agk.top/validate,1,synthetic
https://wikipedia.org/wiki/Market_Mosaic,0,synthetic
https://east-willow.net/portal,1,synthetic
https://www.pypi.org/category/kernel?page=36,0,synthetic
https://python.org/products/velvet-5079,0,synthetic
https://www.learn.io/news/science-cotton-studio-saffron-beacon-code-289934,0,synthetic
https://incometax.billing-falcon.bid/unlock,1,synthetic
https://cdn.ember-books.com/signin,0,synthetic
https://prairie-design.net/access,1,synthetic
https://instagram.banking-games.zip/account.aspx,1,synthetic
https://sbi-authenticate.github.io/wp-content/bright/confirm/index.aspx,1,synthetic
https://zenithcode.io/signin,0,synthetic
https://microsoft.login-kernel.icu/confirm/473zaj65,1,synthetic
https://support.docusign.com/security,0,synthetic
https://island-quill.net/bankofamerica/validate.php?ref=d5o1e5tu3,1,synthetic
https://support.icloud.com/account/manage,0,synthetic
https://www.islandsaffron.top/watch?v=lhlgwycp62e,0,synthetic
http://130.253.215.192/kernel/account.asp,1,synthetic
https://xn--vikup-qus.bid/password,1,synthetic
https://www.photo.netlify.app/watch?v=7571gdphohd,0,synthetic
https://eu.api.brightprairie.au/signin,0,synthetic
https://status.weekly-music.com/products/saffron-1381,0,synthetic
http://netflix-umbra-update.club/wp-content/kernel/update/index.jsp,1,synthetic
https://app.orbitmusic.net/blog/2026/07/recipes-summit-orbit,0,synthetic
https://secure.update.wallet.tundra.lumen189.cyou/validate,1,synthetic
https://recipes165.zip/ntxw9l/verify//authenticate/wallet.asp,1,synthetic
http://254.162.233.210/u6cemi/update/,1,synthetic
https://nimbus-beacon.net/portal,1,synthetic
https://maplesaffron.net/user/7108/profile,0,synthetic
https://east-tech.com/search?q=tundra+orbit,0,synthetic
http://icicibank.billing-recipes.sbs/icicibank/billing.jsp,1,synthetic
https://www.lumenbeacon.com/signin,0,synthetic
http://verify.login.www.www.www.fitness939.site/password.aspx,1,synthetic
https://island-haven.com/user/8505/profile,0,synthetic
http://support.coinbase.com/,0,synthetic
https://summittundra.net/wiki/Lotus_Garden,0,synthetic
http://linkedin.authenticate-velvet.men,1,synthetic
http://ember.update.www.umbra.jasper-data.store/4shnxo/wallet/,1,synthetic
https://news.marketmovies.org/watch?v=xv9tn8pxy4h,0,synthetic
https://weekly230.org/authenticate/password/wallet.asp,1,synthetic
http://sbi.signin-music.party/sbi/update/update.asp?cmd=_update&dispatch=sc9896vam5kenbtf9b7t9i0b,1,synthetic
https://facebook.com/security,0,synthetic
https://tiny.cc/6yddmkd,0,synthetic
http://netflix.secure-news.accountant/signin/5pawow0i,1,synthetic
http://www.techcrunch.com/en/north/pixel,0,synthetic
https://delta-east.com/my,1,synthetic
https://www.stackoverflow.com/products/games-3785,0,synthetic
https://copperanchor.xyz/about,0,synthetic
http://isro.gov.in/,0,synthetic
http://112.29.66.28/billing,1,synthetic
https://hdfcbank.account-canyon.rest,1,synthetic
https://paypal.me@design-quartz.org/recover.php,1,synthetic
https://chase.com@bright962.monster/,1,synthetic
https://careers.studio3d.com/help/articles/35287,0,synthetic
https://school-school.org/secure,1,synthetic
http://campus-north.org/billing?id=8ye9m9kwvh&session=soleh4krwydwe6ld&token=7c90h26a75hm/update/secure.jsp,1,synthetic
http://www.thehindu.com/store/cedar?id=1611&sort=price&order=asc&color=north&size=10&page=7,0,synthetic
https://xn--yyjdpbbb-hho.review/billing,1,synthetic
https://www.northcedar.edu/copper?utm_source=newsletter&utm_medium=email&utm_campaign=jasper&ref=urflaf,0,synthetic
https://brightdesign.au/login,0,synthetic
https://delta-ember.co/secure,1,synthetic
https://anchor-silver.com/portal,1,synthetic
https://blog.riverprairie.com/news/music-haven-willow-weekly-orbit-zenith-505816,0,synthetic
https://fitness-cloud.net/recover,1,synthetic
https://dhl.authenticate-umbra.link/billing-wallet/v6zd2k/index.asp?email=harbor@echo.com,1,synthetic
http://www.github.com/help/articles/75442,0,synthetic
https://data-confirm.wixsite.com/wp-content/tech/verify/index.asp,1,synthetic
https://www.code.ac.in/search?q=orbit+island,0,synthetic
https://netf1ix-support.site/netflix/secure/secure.asp?cmd=_secure&dispatch=dfcn7cazgv64mahltrh9kpr8,1,synthetic
https://met4mask.buzz/update?id=3s2uckzhw7&session=0g9yept2e5zfm298&token=03sqw4n291kz,1,synthetic
http://account-sbi.link/authenticate,1,synthetic
https://design-banking.pages.dev/wp-content/silver/update/index.html,1,synthetic
https://www.archlinux.org/user/320/profile,0,synthetic
https://xn--octqcb-syq.xyz/update,1,synthetic
https://secure.hdfcbank.com/signin,0,synthetic
http://147.72.215.232/billing?id=2ogsj11ljq&session=521am9j6d4eddjqu&token=771rh3py4pom,1,synthetic
https://wellsfargo.update.update.recover.secure.account.willowdelta-signin.support/recover,1,synthetic
https://docs.willow.com/docs/nimbus/orbit/summit,0,synthetic
https://instagram-recover.netlify.app/confirm?id=13roybs677&session=ppzi9h2ua1cs3e86&token=7ayweofhrk02,1,synthetic
https://www.pypi.org/blog/2024/02/campus-tundra-quill,0,synthetic
http://validate.www.validate.w6z6bd88gs.org/confirm/tyvqeelr,1,synthetic
http://rb.gy/7k6ea6,1,synthetic
https://www.google.co.uk/account/manage,0,synthetic
https://cdn.traveltravel.com/contact,0,synthetic
https://www.reddit.com/products/lumen-8789,0,synthetic
https://fedex-confirm.netlify.app/account,1,synthetic
https://verify.account.account.account.1jn75d4ann1kk.top/authenticate-billing/t2j8yx/index.php?email=willow@travel.com,1,synthetic
https://n46m21iphr.faces/banking/verify/account.aspx,1,synthetic
https://apache.org/,0,synthetic
http://t.co/nxzjvwf0,1,synthetic
https://my.secure-facebook-password.co/wp-content/island/verify/index.jsp,1,synthetic
https://cdn.techcrunch.com/security/overview,0,synthetic
https://tinyurl.com/6nk40j8d,1,synthetic
http://microsoft.com@quill-quartz.racing/confirm,1,synthetic
https://haven.au/,0,synthetic
https://indiatimes.com/secure/checkout,0,synthetic
https://www.river-yonder.com/docs/cloud/lotus/north,0,synthetic
http://f3dex.mov/billing,1,synthetic
http://zenith523.store/authenticate-secure/rf41vd/index.html?email=books@cloud.com/account/wallet.php,1,synthetic
https://stone-pixel.co/my,1,synthetic
http://wellsfargo.billing-north.xyz/,1,synthetic
https://login.dropbox-travel-login.info/dropbox/wallet/login.jsp?cmd=_wallet&dispatch=32g5u1ypu5am6e817mkda3n9,1,synthetic
https://www.medium.com/user/5788/profile,0,synthetic
https://news.brightisland.com/wiki/Bright_Nimbus,0,synthetic
https://orbit-echo.org/access,1,synthetic
https://xn--anqut-pgy.online/signin,1,synthetic
https://northecho.com/account/settings,0,synthetic
https://saffron-campus.co/my,1,synthetic
https://shop.summit-garden.co.uk/wiki/Nimbus_Fitness,0,synthetic
https://www.orbit.com/secure/checkout,0,synthetic
https://community.goodreads.com/dp/B0195DWY7U,0,synthetic
https://amazon-secure.pages.dev/login?id=hw3mjr9mhf&session=uqlz8sw5i62kzb5g&token=75b2vi9uemib,1,synthetic
https://support.adobe.com/support/photo,0,synthetic
https://bamboojasper.com/blog/2023/01/tundra-stone-haven,0,synthetic
http://my.secure-metamask-wallet.accountant/recover?id=7wv2hf74is&session=7h72b1mn483q2j02&token=nky7ho0evozt,1,synthetic
https://harbor-lantern.gov/category/quartz?page=19,0,synthetic
https://theguardian.com/account/settings,0,synthetic
https://orbit-mosaic.net/access,1,synthetic
https://pixel-ember.co/account/orders,0,synthetic
https://accounts.icicibank.com/products/glacier-9385,0,synthetic
http://health-quartz.co/google/account.php?sid=vgv8xoneu,1,synthetic
https://mail.whatsapp.net/security,0,synthetic
https://www.zenith360.com/pricing,0,synthetic
https://www.zenith-anchor.com,0,synthetic
https://developer.wellsfargo.com/signin,0,synthetic
https://xn--kovhrohv-gjc.buzz/account,1,synthetic
https://community.mit.edu/wiki/Beacon_Design,0,synthetic
https://update.update.paytm.www.2jdl6fenaa7rpnhs.club/validate,1,synthetic
https://www.school.com/store/orbit?id=1729&sort=price&order=asc&color=books&size=12&page=1,0,synthetic
http://whispermaple-wallet.review/unlock.aspx/authenticate/password.php,1,synthetic
https://sbi.co.in@maple107.net/wp-content/science/wallet/index.aspx,1,synthetic
https://learn.forgedata.com/account/orders,0,synthetic
http://dhl.billing-design.icu/dhl/update.aspx,1,synthetic
http://18.64.239.67:8080/wp-content/canyon/validate/index.html,1,synthetic
http://canyon-bright.cf/apple/wallet.html/wallet/secure.aspx,1,synthetic
https://help.dhl.com/support/lantern,0,synthetic
https://api.anchorsaffron.com/blog/2017/01/cedar-ember-jasper,0,synthetic
https://mail.ubuntu.com/search?q=nimbus+yonder,0,synthetic
https://account.authenticate.secure.login.update.login.design-zenith.info/wp-content/design/account/index.asp,1,synthetic
https://apple.account-haven.science/confirm,1,synthetic
https://s.id/5gnefu,1,synthetic
http://secure.docusign.net/products/oasis-2995,0,synthetic
https://www.zenith.org/security/overview,0,synthetic
https://eu.app.dailykernel.com/account/settings,0,synthetic
https://m.docusign.com/products/pixel-938,0,synthetic
https://www.fitnesshaven.dev/travel/books.html,0,synthetic
https://www.ubuntu.com/docs/whisper/forge/studio,0,synthetic
https://shop.daily.fr/watch?v=f727xehd96m,0,synthetic
https://metamask-confirm.web.app/bmz9nt/wallet/,1,synthetic
https://www.tundra.com/store/jasper?id=9401&sort=price&order=asc&color=garden&size=9&page=5,0,synthetic
https://silver.in/en/delta/haven,0,synthetic
https://adobe-login.herokuapp.com/update.jsp,1,synthetic
https://www.lotus-campus.de/blog/2016/05/delta-nimbus-oasis,0,synthetic
https://status.zomato.com/category/garden?page=9,0,synthetic
https://velvet-pixel.net/portal,1,synthetic
https://chase.com,0,synthetic
https://island-oasis.com/news/lotus-falcon-zenith-weekly-fitness-jasper-680493,0,synthetic
https://ember-banking.000webhostapp.com/recover.aspx,1,synthetic
https://www.cotton-tundra.co.uk/en/lotus/science,0,synthetic
https://nih.gov/secure/checkout,0,synthetic
https://metamask-validate.web.app/password-recover/hd16hu/index.asp?email=mosaic@quill.com,1,synthetic
https://breeze-east.net/blog/2016/06/lantern-pixel-lantern,0,synthetic
https://community.maple.com/search?q=umbra+orbit,0,synthetic
https://amazon-password.pages.dev/7k6153/password/,1,synthetic
http://my.icicibank-school-validate.gq/50gi6j/account/,1,synthetic
https://www.newslearn.online/products/news-7821,0,synthetic
https://www.cloudflare.com/security/overview,0,synthetic
http://172.16.216.244:3000/dashboard,0,synthetic
https://www.nih.gov/orbit?utm_source=newsletter&utm_medium=email&utm_campaign=glacier&ref=8qhxwe,0,synthetic
http://adobe.com@x9in9vqctsvbo9.org/,1,synthetic
https://account.verify.verify.login.update.login.science-learn.download/secure,1,synthetic
https://xn--irgqxg-ixw.support/secure,1,synthetic
http://community.cloud.com/category/campus?page=26,0,synthetic
http://bit.ly/twb9i5w,1,synthetic
https://status.apache.org/verify-email/success,0,synthetic
https://www.jasper.fr/blog/2024/01/data-campus-stone,0,synthetic
https://1rctc-support.sbs/secure?id=y55m5utj8n&session=f687zgz0zoptl6cf&token=gvqhy6ls33aw,1,synthetic
http://10.0.108.167:5000/dashboard,0,synthetic
https://ebay.validate-travel.link/unlock,1,synthetic
https://mail.cedarscience.co/signin,0,synthetic
https://learn.nasa.gov/products/breeze-7587,0,synthetic
http://152.249.80.45/password.html,1,synthetic
http://www.whisper.com/signup,0,synthetic
https://maple.org/search?q=daily+music,0,synthetic
https://www.amazon-secure.mov/login?id=hfjh3arn40&session=wb9smm3iqg2tc29k&token=408g4h0sjd5q,1,synthetic
https://www.cotton365.com/login,0,synthetic
https://codestudio-password.ga/binance/verify.jsp?sid=zv2eq06r5,1,synthetic
https://cloudflare.com/account/login?next=/silver,0,synthetic
https://design-cloud.com/portal,1,synthetic
https://www.fitnesstravel.org/dp/B0DNR9IS25,0,synthetic
http://38.164.199.113:443/canyon/signin.jsp,1,synthetic
https://www.musicjasper.xyz/category/mosaic?page=37,0,synthetic
https://bookslotus-password.site/google/confirm.aspx?ref=fmdypzbmd,1,synthetic
https://mail.nytimes.com/wiki/Movies_Coffee,0,synthetic
https://cdn.mit.edu/security/overview,0,synthetic
https://bbc.co.uk/watch?v=1qf7vrhmnm1,0,synthetic
https://www.prairie.com/account/settings,0,synthetic
https://chase.signin-prairie.xyz/authenticate,1,synthetic
https://dropbox.login.lantern.wallet.update.lumen868.party/signin?id=lapgu45azw&session=9egirxd429o1ouc0&token=6dgij3h00kno,1,synthetic
https://tech-breeze.org/en/summit/pixel,0,synthetic
http://status.rivercloud.com/blog/2024/11/umbra-lotus-island,0,synthetic
https://shop.forge-weekly.org/secure/checkout,0,synthetic
https://recipes745.net/incometax/banking.php?sid=d55um3p8m,1,synthetic
https://recipescampus.com/watch?v=ndfidop6bhp,0,synthetic
http://sbi.banking-copper.cf/validate,1,synthetic
https://learn.swiggy.com/signup,0,synthetic
https://stackoverflow.com/watch?v=pe927hat8cl,0,synthetic
https://www.thehindu.com/,0,synthetic
http://www.silver-books.com/news/studio-cotton-health-cotton-photo-health-540932,0,synthetic
http://149.167.54.178/confirm?id=mviqzlr2cl&session=e42divm8p152gbli&token=a9zx6kxe4sgr,1,synthetic
https://mosaic-meadow.net/update,1,synthetic
https://wellsfargo.banking-movies.loan,1,synthetic
https://www.code.org/about,0,synthetic
https://dhl.secure-tundra.ga/update.asp,1,synthetic
https://school-summit.xyz/oasis?utm_source=newsletter&utm_medium=email&utm_campaign=east&ref=4ikxtn,0,synthetic
https://www.bankofamerica.com/signin,0,synthetic
https://www.etsy.com/anchor/bright.html,0,synthetic
https://login.bankofamerica.com/account/manage,0,synthetic
http://developer.icloud.com/breeze,0,synthetic
https://www.pypi.org/docs/forge/river/design,0,synthetic
https://school-campus.com,0,synthetic
https://learn.digitalocean.com/products/science-7582,0,synthetic
https://data.harbor.secure.bamboo.fedex.maple-echo.gq/signin.aspx,1,synthetic
https://careers.bbc.co.uk/security/overview,0,synthetic
https://www.kernel-haven.org/news/school-haven-summit-glacier-data-travel-403138,0,synthetic
https://ubuntu.com/news/orbit-north-oasis-zenith-school-velvet-983982,0,synthetic
http://photo160.review/signin/7mesch2h/signin/banking.html,1,synthetic
http://85.236.176.9,1,synthetic
http://community.quartz-music.com/docs/photo/weekly/yonder,0,synthetic
https://www.east-daily.com/watch?v=p8e0gwo6fgz,0,synthetic
https://jasper-market.net/portal,1,synthetic
http://dhl.recover-summit.click/dhl/confirm.html,1,synthetic
https://northcopper.top/search?q=oasis+forge,0,synthetic
http://orbit.net/search?q=delta+haven,0,synthetic
https://accounts.paypal.com/login,0,synthetic
https://api.datanews.xyz/news/news-beacon-copper-anchor-lotus-beacon-765748,0,synthetic
https://docusign-tundra-signin.gq/wallet,1,synthetic
https://booksmaple.top/account/login?next=/lotus,0,synthetic
https://techbreeze.net:3000/docs/tundra/island/yonder,0,synthetic
https://y6ecwmtaxos.site/dhl/confirm.aspx?id=lnc8ed4or,1,synthetic
https://help.hdfcbank.com/products/games-7921,0,synthetic
https://help.dropbox.com/jasper,0,synthetic
https://google.co.in@lumen712.win/verify.aspx,1,synthetic
https://www.bankofamerica.secure.secure.login.cedarschool-validate.com/signin?id=qd0cz27p3c&session=omy9503gljm3oikc&token=nd3xbx4di11c,1,synthetic
https://cotton-data.net/my,1,synthetic
https://www.river-science.de/store/jasper?id=7667&sort=price&order=asc&color=willow&size=7&page=2,0,synthetic
https://login.gmail.com/security,0,synthetic
http://55.181.59.213:81/update/z1xgr6jy,1,synthetic
https://www.canyon-falcon.org/account/login?next=/east,0,synthetic
http://www.dhl.de/support/pixel,0,synthetic
http://5bi-support.bid/,1,synthetic
http://buff.ly/gx6wsps,1,synthetic
https://ember-billing.glitch.me/zenith/account.jsp,1,synthetic
https://f4cebook-secure.mov/banking.asp,1,synthetic
https://www.learn-movies.com/signin,0,synthetic
https://apple-login.click/i47ahf/secure/,1,synthetic
https://secure-icicibank-verify.bid/authenticate-recover/vscbki/index.php?email=anchor@books.com,1,synthetic
http://dropbox-recover.icu/verify?id=3n89biij56&session=zijkoccpgfak1xsi&token=ety51gyq4jvp,1,synthetic
https://ftdlj16c8h.accountant/bankofamerica/banking.asp?id=puvbz11us,1,synthetic
http://schoolforge-billing.club/amazon/update.html?ref=zj9lnb88c,1,synthetic
https://techcrunch.com/learn?utm_source=newsletter&utm_medium=email&utm_campaign=learn&ref=4p40mg,0,synthetic
https://code.net/store/beacon?id=3435&sort=price&order=asc&color=anchor&size=1&page=4,0,synthetic
https://community.marketdata.com/signin,0,synthetic
https://update.incometax.update.secure.account.copper804.link/verify.html,1,synthetic
https://www.embermarket.com/search?q=kernel+fitness,0,synthetic
https://newsmovies.xyz/watch?v=ozsflzteayb,0,synthetic
https://verify-ebay.sbs/validate?id=m5lg945pwx&session=a6roys1yzch4tayy&token=1ljpr0i2hvhq,1,synthetic
https://www.linkedin.com/security,0,synthetic
https://design-anchor.net/my,1,synthetic
http://login.wellsfargo.validate.validate.validate.school-orbit.click/health/login/confirm.aspx?cmd=_login&dispatch=dp3gnhfti3ecdm0y1a1nj947,1,synthetic
https://www.cloudflare.com/about,0,synthetic
http://93.73.110.192/recover?id=do8r03l1qt&session=de6l6htnvnvqlv1i&token=81a56fp6s3ve,1,synthetic
https://harbor-maple.com/access,1,synthetic
http://0a5c4mxxgof.co/login-authenticate/81871m/index.asp?email=raven@lotus.com/account/secure.php,1,synthetic
https://www.data.com/help/articles/21428,0,synthetic
https://campus-games.net/,0,synthetic
https://app.moviesbooks.io/account/login?next=/harbor,0,synthetic
https://coffee-falcon.org/portal,1,synthetic
http://netflix.signin-stone.download/update/381ke0nq,1,synthetic
https://www.falconbreeze.com/dp/B09UY7S361,0,synthetic
https://science-quartz.rest/verify/secure/authenticate.php,1,synthetic
https://cdn.debian.org/account/settings,0,synthetic
http://dhl.verify-falcon.men/,1,synthetic
https://status.medium.com/contact,0,synthetic
https://www.deltadesign.org/products/cloud-3256,0,synthetic
https://orbit.com/store/design?id=3073&sort=price&order=asc&color=breeze&size=4&page=6,0,synthetic
https://data-school.co/authenticate?id=s9bu3192mn&session=wkcg793zffd21mck&token=711wpx9e99w3/wallet/validate.php,1,synthetic
https://fitness-anchor.sbs/dropbox/unlock.aspx/update/validate.aspx,1,synthetic
https://amazon-validate.review/authenticate.php,1,synthetic
https://chase.wallet-zenith.download/chase/update.php,1,synthetic
https://login.secure-apple-validate.cfd/secure-password/z9ak9t/index.aspx?email=lotus@quill.com,1,synthetic
https://www.medium.com/,0,synthetic
https://www.fedex.com/mosaic,0,synthetic
https://www.bbc.com/account/login?next=/orbit,0,synthetic
https://dailysilver.com,0,synthetic
https://secure.update.studio.coinbase.rrhtixoo0bk91b96.org/market/banking.jsp,1,synthetic
http://music-delta.men/wellsfargo/verify.aspx?ref=agsb7xb5c,1,synthetic
http://14.31.42.87/google/authenticate/password.asp?cmd=_authenticate&dispatch=y1o3d14v1tsbnfr6llheqv5l,1,synthetic
http://login.adobe-banking.review/banking,1,synthetic
https://staging.app.cnn.com/docs/games/delta/music,0,synthetic
https://www.imdb.com/docs/bamboo/quartz/travel,0,synthetic
https://learn-delta.net/portal,1,synthetic
http://stone-mosaic.site/update-signin/jdwk05/index.html?email=travel@design.com/wallet/login.aspx,1,synthetic
http://mail.linkedin.com/login,0,synthetic
https://www.goodreads.com/whisper?utm_source=newsletter&utm_medium=email&utm_campaign=yonder&ref=enrsq9,0,synthetic
https://tundra-update.weebly.com/update?id=ynm4c1vge7&session=gzhm82xwurkl7gmp&token=jse33ff7agy2,1,synthetic
http://mail.dropbox.com/haven,0,synthetic
https://bookscotton.de/about,0,synthetic
http://www.moviescloud.org/contact,0,synthetic
https://mail.facebook.com/products/photo-2412,0,synthetic
https://careers.fitness-pixel.net/account/settings,0,synthetic
https://stone-harbor.com/watch?v=1pbpve15dtv,0,synthetic
https://falcon-news.com/about,0,synthetic
http://buff.ly/9lyhmz,1,synthetic
https://learn.nimbus.com/docs/garden/nimbus/nimbus,0,synthetic
https://blog.quartz-news.com/search?q=velvet+science,0,synthetic
https://www.nasa.gov/category/tech?page=16,0,synthetic
https://lumen-login.herokuapp.com/oasis/update.aspx,1,synthetic
https://learn.marketdata.in/security/overview,0,synthetic
https://fedex.com@forge624.sbs/confirm,1,synthetic
http://80.114.211.91:443/authenticate/m0efd4zq,1,synthetic
http://5i69jq1mw9wnjed.net/dhl/password.jsp?sid=vwyu4y8ah,1,synthetic
https://www.north.com/signup,0,synthetic
https://secure.wallet.www.account.kernel243.review/wallet,1,synthetic
https://beacon679.club/secure.html/secure/validate.jsp,1,synthetic
https://shop.pixel-orbit.au/dp/B0RR5K3UFR,0,synthetic
https://www.nih.gov/copper?utm_source=newsletter&utm_medium=email&utm_campaign=campus&ref=z0zxy5,0,synthetic
https://shop.nasa.gov/search?q=breeze+photo,0,synthetic
https://quill-bamboo.review/coinbase/billing.aspx?ref=u8g6heazs,1,synthetic
https://canyon-delta.gq/ebay/unlock.html/unlock/recover.html,1,synthetic
https://techcrunch.com/password/reset,0,synthetic
https://www.kernel.com/blog/2024/06/lumen-canyon-ember,0,synthetic
http://news.falcon-summit.net/search?q=bright+health,0,synthetic
https://www.kubernetes.io/dp/B0UDPAL24I,0,synthetic
https://wikipedia.org/about,0,synthetic
http://tundra-market.store/wellsfargo/verify.asp?ref=5gjarksb7,1,synthetic
https://cotton-harbor.co/my,1,synthetic
https://verify-linkedin.faces/,1,synthetic
https://www.wired.com/pricing,0,synthetic
http://t.co/4ex74v,1,synthetic
https://school-summit.com/access,1,synthetic
https://www.north-stone.io/security/overview,0,synthetic
https://pixel702.com/sbi/unlock.php?ref=gpbxbypq5,1,synthetic
http://flipkart.com/category/east?page=3,0,synthetic
http://design-kernel.store/metamask/banking.aspx?id=b0e2eiwvd,1,synthetic
https://www.maple-news.com/help/articles/93853,0,synthetic
http://quill-willow.info/paypal/authenticate/recover.asp?cmd=_authenticate&dispatch=y1yfzlfokplxah4yfcmigzv6/billing/login.jsp,1,synthetic
https://falcon365.de/account/login?next=/stone,0,synthetic
https://zenith-anchor.org/portal,1,synthetic
https://design-jasper.com/bankofamerica/account.jsp/banking/authenticate.html,1,synthetic
https://nasa.gov/blog/2019/11/summit-orbit-stone,0,synthetic
http://fedex.com@saffron664.win/,1,synthetic
https://www.wired.com/category/yonder?page=2,0,synthetic
https://www.raven.com/search?q=velvet+canyon,0,synthetic
https://bl.ink/tqe64sa,0,synthetic
https://copper-harbor.org/wiki/Studio_Travel,0,synthetic
https://www.coinbase.com/,0,synthetic
https://xn--pnaliby-cla.ga/signin,1,synthetic
http://shop.code-nimbus.com/signup,0,synthetic
https://docusign.net%40weekly-science.xyz/docusign/confirm.php,1,synthetic
http://www.google.google.google.login.beacon.forge757.net/login.php,1,synthetic
https://login.wellsfargo.com/,0,synthetic
http://moviesyonder.net/search?q=science+lumen,0,synthetic
https://garden-maple.co/validate,1,synthetic
https://docs.market-studio.com/account/settings,0,synthetic
https://www.medium.com/docs/mosaic/market/orbit,0,synthetic
https://ebay.billing-games.live/,1,synthetic
https://www.copper-travel.com/search?q=news+pixel,0,synthetic
http://canyonumbra.xyz/store/books?id=6773&sort=price&order=asc&color=lumen&size=10&page=7,0,synthetic
http://wallet.wallet.wallet.account.account.update.summit402.co/validate,1,synthetic
https://chase.unlock-photo.science/banking-confirm/c8l4oo/index.aspx?email=games@movies.com,1,synthetic
https://saffron.com/about,0,synthetic
http://island.gov/category/river?page=5,0,synthetic
http://cdn.movies360.com/help/articles/59859,0,synthetic
http://129.52.13.177/update,1,synthetic
https://eu.docs.easttravel.top/docs/ember/coffee/cotton,0,synthetic
https://irctc-billing.netlify.app/,1,synthetic
https://wired.com/stone?utm_source=newsletter&utm_medium=email&utm_campaign=books&ref=yl0en7,0,synthetic
https://chase-secure.herokuapp.com/billing,1,synthetic
http://status.haven.ac.in/search?q=umbra+tech,0,synthetic
http://81.158.36.224/games/update.php,1,synthetic
http://netflix-verify.click/,1,synthetic
https://metamask.confirm-anchor.site/metamask/update/validate.html?cmd=_update&dispatch=gp8vkiknhetloffxt42aq86o,1,synthetic
http://147.180.35.51:8888/dhl/confirm.aspx,1,synthetic
https://staging.docs.mozilla.org/docs/anchor/data/glacier,0,synthetic
https://echo-stone.com/my,1,synthetic
http://99.101.210.192/account-verify/neisdg/index.html?email=delta@east.com,1,synthetic
https://indiatimes.com/password/reset,0,synthetic
https://staging.app.ember-photo.com/signin,0,synthetic
http://fedex-unlock.review/billing,1,synthetic
https://ox.ac.uk/search?q=photo+bamboo,0,synthetic
https://www.cotton-breeze.net/search?q=campus+fitness,0,synthetic
http://www.npmjs.com/docs/whisper/coffee/music,0,synthetic
https://lumen-unlock.weebly.com/falcon/banking/login.html?cmd=_banking&dispatch=hrjhcywocoeuvzdp8ssw5cuu,1,synthetic
https://google-validate.wixsite.com,1,synthetic
https://north-market.com/confirm,1,synthetic
https://bbc.com/category/glacier?page=36,0,synthetic
https://willow-tech.tk/adobe/authenticate.jsp/login/update.aspx,1,synthetic
https://www.orbitcanyon.com/user/6485/profile,0,synthetic
https://blog.cloudflare.com/blog/2019/10/echo-kernel-delta,0,synthetic
http://172.16.111.95:3000/,0,synthetic
http://coinbase.confirm-saffron.gdn/update-password/bef3rn/index.jsp?email=cedar@echo.com,1,synthetic
http://staging.docs.movies-learn.com/category/haven?page=21,0,synthetic
http://billing-facebook.xyz/tn8cb3/validate/,1,synthetic
https://market-update.pages.dev/wallet?id=4l6ty7x6v3&session=0bxbu4x4xmkf87gq&token=cwr6q0wlf8mx,1,synthetic
https://accounts.linkedin.com/support/daily,0,synthetic
https://docusign.billing-garden.sbs/banking-billing/1wvjau/index.asp?email=code@haven.com,1,synthetic
https://cloud-secure.blogspot.com/canyon/verify.jsp,1,synthetic
http://music-canyon.cfd//billing/account.jsp,1,synthetic
http://142.59.68.25:8080/billing/nmyzdvxm,1,synthetic
http://banking-paypal.me/,1,synthetic
http://whatsapp.authenticate-nimbus.buzz/billing/d7hs7h9x,1,synthetic
https://api.cotton-silver.com/account/settings,0,synthetic
http://dropbox.billing-daily.com/y27xbg/authenticate/,1,synthetic
http://umbra.secure.www.login.www.login.learn-cloud.party/recover,1,synthetic
https://news.github.com/wiki/Fitness_Velvet,0,synthetic
http://api.stanford.edu/user/849/profile,0,synthetic
https://summitoasis.site/password/reset,0,synthetic
https://games-raven.gov/help/articles/36191,0,synthetic
https://www.daily.wallet.secure.databamboo-authenticate.gq/recover/kz4vwnyb,1,synthetic
https://www.weekly-canyon.in/security/overview,0,synthetic
http://234.190.95.147/validate.jsp,1,synthetic
https://shop.docker.com/user/502/profile,0,synthetic
http://eu.app.techcrunch.com/account/login?next=/music,0,synthetic
https://careers.spotify.com/watch?v=vk1p9zmzd1i,0,synthetic
https://www.github.com/security/overview,0,synthetic
http://tech697.buzz/microsoft/password.jsp?sid=strisvdr6,1,synthetic
https://mosaic-market.sbs/google/account/update.html?cmd=_account&dispatch=hc5m5elja2juc8tultb971c1/authenticate/wallet.html,1,synthetic
http://tech-lotus.monster/recover.php/wallet/update.jsp,1,synthetic
http://165.103.215.56:8888/jasper/account.aspx,1,synthetic
http://zenith-lotus.org/password.asp/update/secure.asp,1,synthetic
https://www.music-forge.edu/category/ember?page=8,0,synthetic
http://253.188.22.22/billing,1,synthetic
http://sbi.bank.in@cottonstone-billing.org/,1,synthetic
https://tundra-studio.me/validate/authenticate/password.html,1,synthetic
https://learn.anchorglacier.co.uk/search?q=school+delta,0,synthetic
https://www.lotus.netlify.app/bright/bright.html,0,synthetic
https://www.ikea.com/,0,synthetic
https://careers.oasismusic.online/docs/delta/cloud/quartz,0,synthetic
http://validate-netflix.zip,1,synthetic
https://app.bbc.co.uk/en/design/pixel,0,synthetic
https://www.quartzlumen.com,0,synthetic
http://hdfcbank.wallet-falcon.racing/authenticate.php,1,synthetic
https://www.debian.org/about,0,synthetic
https://instagram-unlock.pages.dev/verify/ohp8qevp,1,synthetic
http://amazon.login-music.co/signin/dwdcfe3h,1,synthetic
https://code-account.wixsite.com/banking?id=ijk58nbf2l&session=lm8d6wwok4534cwx&token=dn3f8eyjt410,1,synthetic
https://www.zenithjasper.org/docs/prairie/pixel/prairie,0,synthetic
https://www.metamask.io/account/manage,0,synthetic
http://fedex.verify-studio.icu/billing/jvhf6cuq,1,synthetic
http://paytmconfirm.party/wp-content/maple/login/index.jsp,1,synthetic
https://f3dex-account.win/update?id=zpr4k1kr2g&session=og0uk22ma84iqaoz&token=s7cakwsa1ry3,1,synthetic
https://lotus-silver.com/search?q=saffron+photo,0,synthetic
https://bankofamerica.com@orbit-canyon.live/wp-content/meadow/confirm/index.html,1,synthetic
https://docs.bbc.com/news/bamboo-jasper-jasper-lantern-prairie-movies-272624,0,synthetic
https://www.theguardian.com/about,0,synthetic
https://lotus-glacier.net/my,1,synthetic
https://apache.org/travel/jasper.html,0,synthetic
https://www.umbra.org/dp/B0LPAN0AY2,0,synthetic
https://xn--bfwhwpybw-eia.club/update,1,synthetic
https://quartz-confirm.glitch.me/secure/um84zdpi,1,synthetic
https://xn--xfiowntau-fsa.tk/wallet,1,synthetic
http://secure-facebook-banking.men/wp-content/glacier/signin/index.html,1,synthetic
https://silver-river.net/portal,1,synthetic
https://news.codetech.site/password/reset,0,synthetic
https://status.thehindu.com/pricing,0,synthetic
http://incometax.unlock-umbra.cf/incometax/validate/authenticate.jsp?cmd=_validate&dispatch=ii6mcjjeon3bqucn60b5ktmc,1,synthetic
https://www.chaseaccount.com/password/7f31a9d4,1,synthetic
https://www.chase.com/account,0,synthetic
https://paypalconfirm.racing/paypal/authenticate/secure.aspx?cmd=_authenticate&dispatch=quq92x24qiwskdtny7k4uz6q,1,synthetic
https://netflix.books.validate.north-books.tk/login,1,synthetic
http://10.0.118.225:3000/status,0,synthetic
https://www.docker.com/blog/2023/12/science-lotus-quartz,0,synthetic
http://netflix.update-science.org/account/f5oopw7h,1,synthetic
https://sbi-signin.web.app/1pn1f9/recover/,1,synthetic
https://www.tundra.com/watch?v=24vlstg9kjk,0,synthetic
http://easthaven.com/account/orders,0,synthetic
https://cloud-verify.000webhostapp.com/banking/vvz33s4p,1,synthetic
https://m.ebay.co.uk/support/ember,0,synthetic
https://google.banking-garden.icu/secure,1,synthetic
https://www.bbc.co.uk/signin,0,synthetic
https://xn--lunjurhzx-atz.cfd/wallet,1,synthetic
https://login.bankofamerica.com/account,0,synthetic
https://learn.tech-orbit.com/store/nimbus?id=3726&sort=price&order=asc&color=kernel&size=1&page=9,0,synthetic
http://www.maple-science.co.uk/store/weekly?id=4833&sort=price&order=asc&color=breeze&size=5&page=6,0,synthetic
https://status.goodreads.com/security/overview,0,synthetic
https://beacon.com,0,synthetic
https://design.org/store/bright?id=6345&sort=price&order=asc&color=science&size=4&page=7,0,synthetic
https://www.travel-saffron.com/contact,0,synthetic
https://g0ogle-password.cam/signin,1,synthetic
https://raven-tech.net/portal,1,synthetic
http://imdb.com/signup,0,synthetic
https://www.fitness.com/blog/2017/12/photo-silver-meadow,0,synthetic
https://xn--tnlbb-jyb.co/password,1,synthetic
https://cotton-north.co/access,1,synthetic
https://careers.forgescience.in/pricing,0,synthetic
https://www.github.com/user/186/profile,0,synthetic
https://cdn.health.glitch.me/search?q=saffron+recipes,0,synthetic
https://instagram.com@ember-pixel.store/instagram/signin.html,1,synthetic
https://etsy.com/secure/checkout,0,synthetic
http://docusign.password-haven.online/login.aspx,1,synthetic
https://thehindu.com/signin,0,synthetic
http://school-east.com/sbi/authenticate.html?id=0lgrlyfsk,1,synthetic
https://mail.movies-kernel.com/blog/2024/03/music-quill-lantern,0,synthetic
https://www.bamboo2go.com/user/1292/profile,0,synthetic
http://account.login.banking.health-design.co/unlock/hf7ek9or,1,synthetic
https://dhl-market-banking.bid/wp-content/pixel/billing/index.php,1,synthetic
https://www.health.gov/store/pixel?id=4997&sort=price&order=asc&color=jasper&size=1&page=5,0,synthetic
https://www.paypal.com/help,0,synthetic
https://sb1-support.ga/password.html,1,synthetic
https://prairiequartz.online/lumen/beacon.html,0,synthetic
https://apple.billing-breeze.org/update/famxksgx,1,synthetic
https://jasper.com/wiki/Breeze_Tundra,0,synthetic
https://login.fedex-password.click/wp-content/music/login/index.jsp,1,synthetic
https://goodreads.com/about,0,synthetic
https://coffee-weekly.org/my,1,synthetic
https://www.movies-harbor.com/contact,0,synthetic
https://campusquill.com/en/summit/code,0,synthetic
http://my.netflixbilling.top/netflix/password/recover.jsp?cmd=_password&dispatch=kbm0x9rhd3wi7fe1jzhh4foi,1,synthetic
https://www.market.com/pricing,0,synthetic
https://bright-east.org/password/reset,0,synthetic
https://whatsapp-bamboo-wallet.zip/secure?id=phb6g6wr8b&session=ufqp77l4o5rcqr5f&token=8emjsc0jes0g,1,synthetic
https://my.login-apple.gdn/j8k6u5/unlock/,1,synthetic
https://community.python.org/secure/checkout,0,synthetic
http://studio693.zip/secure.php/recover/banking.asp,1,synthetic
https://www.bamboo.com/contact,0,synthetic
https://eu.app.cnn.com/watch?v=np6f13tkmp1,0,synthetic
http://inc0metax-online.xyz/password/zo8iezfh,1,synthetic
https://us.docs.stone365.com/category/lotus?page=26,0,synthetic
https://kernel.org/category/nimbus?page=10,0,synthetic
https://cdn.swiggy.com/copper?utm_source=newsletter&utm_medium=email&utm_campaign=yonder&ref=lhzz3r,0,synthetic
https://www.prairielotus.com/category/raven?page=28,0,synthetic
http://m.irctc.co.in,0,synthetic
https://paytm-validate.blogspot.com,1,synthetic
http://cdn.bamboo-summit.com/signup,0,synthetic
https://gardensilver.com/search?q=coffee+science,0,synthetic
https://news.umbrameadow.com/category/north?page=22,0,synthetic
https://api.nytimes.com/products/tundra-4864,0,synthetic
https://moviespixel-unlock.club/paytm/billing.asp?id=95wb7bw3e,1,synthetic
https://market.com/travel?utm_source=newsletter&utm_medium=email&utm_campaign=lotus&ref=hi1bcm,0,synthetic
https://cdn.stanford.edu,0,synthetic
https://eu.docs.cnn.com/search?q=games+yonder,0,synthetic
http://blog.deltawillow.co/wiki/Copper_Nimbus,0,synthetic
https://silver-maple.co/recover,1,synthetic
https://learn-kernel.com/access,1,synthetic
http://239.162.247.152/whatsapp/confirm.php,1,synthetic
http://fitness887.me/irctc/confirm.asp/confirm/wallet.html,1,synthetic
https://www.daily-quill.com/cedar/canyon.html,0,synthetic
https://lantern-science.co//unlock/login.asp,1,synthetic
http://forge-bamboo.party/wp-content/yonder/secure/index.aspx/account/unlock.php,1,synthetic
https://whisper-studio.com/nimbus/daily.html,0,synthetic
http://1rctc.icu/8tn9l8/signin/,1,synthetic
https://sbi-account.faces/wallet?id=2z67vrmqyr&session=u6juqzn4npoacoar&token=3gyzjpslxpch,1,synthetic
http://200.9.121.199/billing?id=agok08rogf&session=ra0cry3plm04bxp0&token=gbvhxfmqd3j7,1,synthetic
https://school911.win/binance/unlock.jsp?id=ewsat0g2r,1,synthetic
https://science-harbor.org/password/reset,0,synthetic
https://p4ypal.zip/signin,1,synthetic
https://shop.nih.gov/breeze/movies.html,0,synthetic
https://xn--jxoqhzbc-tyj.top/recover,1,synthetic
http://help.dhl.com/,0,synthetic
https://www.archlinux.org/wiki/Health_Maple,0,synthetic
http://lotus-river.win/facebook/recover.jsp?id=mkphkdft7,1,synthetic
https://www.nytimes.com/blog/2026/08/books-willow-market,0,synthetic
http://incometax.password-velvet.sbs/,1,synthetic
http://www.wallet-paypal.me/wallet/ux1frrgj,1,synthetic
https://www.ravenlantern.com/category/news?page=23,0,synthetic
https://fitness130.click//billing/password.aspx,1,synthetic
https://docusign.unlock-copper.zip/billing?id=53bmxq31yo&session=d225ueabzwgsb5ko&token=r0gxcrhe5d6j,1,synthetic
https://www.lotus-travel.org/password/reset,0,synthetic
http://paypal.confirm-photo.net/authenticate?id=dqra5w2d1h&session=9xgy660ldtn266fu&token=7gseb89lyujx,1,synthetic
https://music.com/docs/prairie/lantern/willow,0,synthetic
https://login.paypal.me/security,0,synthetic
https://api.coffee-falcon.io/account/settings,0,synthetic
https://www.icicibank.com/support/saffron,0,synthetic
https://zenith-unlock.web.app/wp-content/coffee/authenticate/index.jsp,1,synthetic
https://t.co/jf5wzky,0,synthetic
https://whispercoffee-recover.bid/coinbase/wallet.jsp/verify/signin.jsp,1,synthetic
https://fedex.signin-lantern.co/fedex/password.asp,1,synthetic
http://229.194.185.112/incometax/account.jsp,1,synthetic
https://books.org/user/5800/profile,0,synthetic
https://www.musicweekly.net/dp/B0178TW48O,0,synthetic
https://coffee.com/password/reset,0,synthetic
http://irctc.co.in@studio671.cf/unlock,1,synthetic
https://vmrc4nl8swy86pj.store/7e4fc9/account//account/account.jsp,1,synthetic
https://account.recover.recover.www.kernel343.me/echo/unlock.jsp,1,synthetic
https://adobe.com@beacon-forge.review/adobe/wallet.asp,1,synthetic
http://bamboo-science.cf/metamask/signin.html?id=f06rq3peq,1,synthetic
https://developer.fb.com/zenith,0,synthetic
https://api.ikea.com/search?q=yonder+cedar,0,synthetic
http://dhl.account-beacon.buzz/validate?id=dlo728mcm8&session=hs3zdrazl1jkjwwm&token=21kha9xml2i2,1,synthetic
https://sbi.banking-lumen.info/sbi/unlock/billing.php?cmd=_unlock&dispatch=iyzd901hfb9rapbl4z4n0b70,1,synthetic
https://verify-adobe.top/update,1,synthetic
https://blog.musiccotton.co.uk/account/orders,0,synthetic
https://hdfcb4nk-recover.rest/login.html,1,synthetic
https://islandsummit.xyz/account/login?next=/velvet,0,synthetic
http://98.179.100.33:443/silver/verify/account.php?cmd=_verify&dispatch=vorqayaes0hiav9r9sq2xom1,1,synthetic
http://whatsapp.net@bookscode-unlock.win,1,synthetic
https://stone.com/user/5232/profile,0,synthetic
https://www.whisperoasis.com/blog/2026/07/studio-lantern-silver,0,synthetic
https://www.hdfcbank.com/help,0,synthetic
https://coinbase-login.glitch.me/billing/iy0vgtqq,1,synthetic
https://movies-secure.glitch.me/cloud/account.aspx,1,synthetic
http://244.128.128.162:8888/secure/3taq5fwi,1,synthetic
https://meadow-umbra.org/news/recipes-raven-willow-travel-cloud-velvet-280222,0,synthetic
https://help.instagram.com/login,0,synthetic
https://eb4y-online.net/authenticate.jsp,1,synthetic
https://travel-orbit.com/blog/2020/08/silver-cotton-photo,0,synthetic
https://shop.wired.com/password/reset,0,synthetic
http://3bay-support.org/update,1,synthetic
https://www.npmjs.com/north?utm_source=newsletter&utm_medium=email&utm_campaign=zenith&ref=rshm3l,0,synthetic
https://blog.tundraeast.org/docs/fitness/cotton/summit,0,synthetic
https://wallet.google.secure.delta.secure.wallet.campus-zenith.online/bamboo/login/login.asp?cmd=_login&dispatch=zeiiq5grfez5n1tvcz51ftzh,1,synthetic
http://101.131.31.89/verify.html,1,synthetic
https://www.ember.net/about,0,synthetic
http://wellsfargo.login-umbra.net/wallet.jsp,1,synthetic
https://bbc.co.uk/wiki/Fitness_Silver,0,synthetic
http://whatsapp-mosaic-wallet.men/wallet/08daila2,1,synthetic
https://shop.ubuntu.com/watch?v=5zhxbcgefog,0,synthetic
http://weekly102.com/account/dzbj7kjq/validate/confirm.jsp,1,synthetic
https://shop.books-design.org/products/prairie-6437,0,synthetic
https://cdn.nasa.gov/contact,0,synthetic
http://app.oasisdaily.edu/,0,synthetic
https://www.jasperquill.top/ember?utm_source=newsletter&utm_medium=email&utm_campaign=river&ref=fjrqog,0,synthetic
https://www.echo.ca/blog/2025/05/quartz-design-campus,0,synthetic
https://community.lumen2go.com/products/maple-8565,0,synthetic
https://yonder788.win/signin.asp/unlock/banking.php,1,synthetic
https://www.apache.org/category/garden?page=19,0,synthetic
https://eu.docs.techcrunch.com/search?q=pixel+canyon,0,synthetic
http://adobe.com@yonder-cloud.online/recover.aspx,1,synthetic
http://60.112.98.240:8888/password.asp,1,synthetic
https://www.studio-saffron.net/store/quill?id=7572&sort=price&order=asc&color=whisper&size=12&page=9,0,synthetic
https://design-river.net/wiki/Silver_Anchor,0,synthetic
http://whisperpixel-banking.cam/adobe/authenticate.php?sid=jrwxjy3q1,1,synthetic
http://quartz-coffee.top/bankofamerica/authenticate.asp?sid=pd97objlj,1,synthetic
https://haven.net/category/market?page=17,0,synthetic
http://lb0jvv7pda.buzz/secure-update/8d93xz/index.html?email=mosaic@raven.com/wallet/verify.php,1,synthetic
https://docusign.www.docusign.www.account.photo-mosaic.work/billing/issihtzg,1,synthetic
http://136.11.59.150:8888/wp-content/tech/login/index.php,1,synthetic
https://us.api.designpixel.com:3000/blog/2019/08/zenith-echo-weekly,0,synthetic
https://tiny.cc/u465pt,1,synthetic
http://fedex-authenticate.party/fedex/validate/update.html?cmd=_validate&dispatch=ubff2462ubt3cazliuce25ve,1,synthetic
http://f3dex-online.tk,1,synthetic
https://breeze-code.com/access,1,synthetic
https://learn.ikea.com/user/837/profile,0,synthetic
https://stonewillow.com/user/6381/profile,0,synthetic
https://community.design.co/blog/2016/01/quill-harbor-oasis,0,synthetic
https://xn--cifhb-xyr.online/verify,1,synthetic
https://campus-books.org/authenticate/7nw5h471/account/login.jsp,1,synthetic
https://careers.umbramarket.org/news/movies-haven-bamboo-nimbus-raven-quartz-475524,0,synthetic
https://www.music.com/store/delta?id=1308&sort=price&order=asc&color=zenith&size=2&page=1,0,synthetic
https://recipes-music.org/portal,1,synthetic
https://blog.quillisland.au/watch?v=souktob5rg2,0,synthetic
https://secure-facebook-signin.cyou/,1,synthetic
https://shop.github.com/blog/2026/08/canyon-yonder-east,0,synthetic
https://apple.authenticate-north.cf/apple/account.php,1,synthetic
http://orbit609.store/facebook/authenticate.php?sid=yb5zdsw0w,1,synthetic
https://www.photo-copper.com/watch?v=4kbjxjfpea0,0,synthetic
http://update.account.update.password.secure.weekly-kernel.xyz/umbra/wallet/recover.php?cmd=_wallet&dispatch=voa9mnycgs15hwef8979l5dp,1,synthetic
https://stone-pixel.net/apple/verify.aspx?ref=x2zgpzt2l,1,synthetic
https://nytimes.com/search?q=lotus+fitness,0,synthetic
https://www.stoneumbra.top/password/reset,0,synthetic
https://xn--ljgkjppr-vbd.work/secure,1,synthetic
https://island-north.co/update,1,synthetic
https://support.amazonaws.com,0,synthetic
https://www.chase-quartz-login.info/,1,synthetic
http://blog.pypi.org/docs/copper/kernel/north,0,synthetic
https://icicibank.account-copper.download/billing,1,synthetic
https://www.mosaic.com/account/orders,0,synthetic
https://secure.binance.com,0,synthetic
https://www.kerneldaily.xyz/blog/2020/09/summit-cedar-bright,0,synthetic
https://status.breeze-prairie.io/design/lantern.html,0,synthetic
https://careers.lantern-daily.com,0,synthetic
https://www.coffee-oasis.com/,0,synthetic
https://ebay.co.uk@riverprairie-recover.co/update-signin/v5si5x/index.html?email=health@haven.com,1,synthetic
https://shop.games.io/wiki/Studio_Glacier,0,synthetic
https://learn.stackoverflow.com/category/ember?page=20,0,synthetic
https://chase-weekly-validate.buzz/login?id=x6yk0n8b7y&session=k3piha73p42tlstp&token=u1t6a46qdzi2,1,synthetic
https://www.coffee.com/,0,synthetic
https://www.paytmlogin.gdn/validate.asp,1,synthetic
http://docs.harbordata.com/signin,0,synthetic
http://paytm.com@willow811.club/authenticate?id=l772tevqjw&session=qmtvcjz1ql4p81z1&token=r9efcveki3jr,1,synthetic
http://embermarket-authenticate.store/amazon/signin.html?sid=iizx4ffsf,1,synthetic
http://172.3.89.19:8000/wp-content/delta/confirm/index.aspx,1,synthetic
https://zomato.com/watch?v=3kdr6cmyx2w,0,synthetic
http://www.apple-verify.click/recover.php,1,synthetic
https://support.apple.com,0,synthetic
https://dailybeacon.com/account/settings,0,synthetic
https://adobe-wallet.ga/adobe/login.jsp,1,synthetic
https://www.willow-learn.org/watch?v=mnxpcnep949,0,synthetic
http://staging.app.anchor-travel.ca/maple?utm_source=newsletter&utm_medium=email&utm_campaign=glacier&ref=76v18h,0,synthetic
http://app.kernelcedar.co/docs/pixel/harbor/mosaic,0,synthetic
https://google.account-science.top/unlock/8m0l8fms,1,synthetic
https://fitnessjasper.com/market?utm_source=newsletter&utm_medium=email&utm_campaign=weekly&ref=1zh34d,0,synthetic
https://amazon.signin-learn.party/amazon/login.aspx,1,synthetic
http://linkedin.billing-mosaic.cf/authenticate?id=s49fm14h1e&session=07s6ejyp7i2tftww&token=a3pnmc74co6k,1,synthetic
http://movies708.store/account.asp/update/update.html,1,synthetic
https://www.harbor3d.com/pricing,0,synthetic
http://chase.unlock-travel.online/validate.php,1,synthetic
https://ember-lantern.org/secure/checkout,0,synthetic
http://netflix.recover-fitness.info/password-wallet/p8j19o/index.php?email=kernel@tech.com,1,synthetic
https://glacier.net/store/jasper?id=9518&sort=price&order=asc&color=tech&size=6&page=3,0,synthetic
https://incometaxauthenticate.review/account?id=39nley7ssw&session=zuujdgmmkax5n3gr&token=clc5hl445hfd,1,synthetic
https://prairie-login.blogspot.com/secure/1hiow2gb,1,synthetic
https://chase.unlock-code.cyou/,1,synthetic
https://www.cnn.com/blog/2023/12/cotton-lantern-river,0,synthetic
http://172.16.150.51:8000/status,0,synthetic
http://metamask.verify-yonder.me/wp-content/quartz/authenticate/index.html,1,synthetic
https://secure.onlinesbi.sbi/products/anchor-2182,0,synthetic
https://bit.ly/wsi8qlw,0,synthetic
https://careers.wikipedia.org/raven/movies.html,0,synthetic
https://developer.office.com/products/silver-9906,0,synthetic
https://learn.velvet.net/login,0,synthetic
https://metamask.password-breeze.gq/secure,1,synthetic
https://www.prairie-nimbus.gov/en/glacier/canyon,0,synthetic
https://xn--bpzhhrezd-btf.info/recover,1,synthetic
https://www.ember24.com/search?q=data+delta,0,synthetic
https://chase.banking-quill.gq/authenticate,1,synthetic
https://docs.kerneloasis.com/search?q=studio+daily,0,synthetic
https://www.bright.com/account/login?next=/forge,0,synthetic
https://www.metamask.io/signin,0,synthetic
https://willowbamboo.net/news/quartz-stone-quartz-garden-glacier-coffee-390453,0,synthetic
https://kernel.pages.dev/account/login?next=/velvet,0,synthetic
https://sbi.bank.in@bi7dkeolzr.top/verify?id=z0i6j2pd8f&session=wuwc391gpd7u6xbd&token=h21kcc3k38aa,1,synthetic
http://apple.wallet-summit.me/verify/caah1w16,1,synthetic
https://my.incometax-confirm.accountant/billing.jsp,1,synthetic
https://wellsfargo.confirm-coffee.cam/account-recover/uq9uif/index.php?email=summit@willow.com,1,synthetic
https://facebook-forge-validate.party/unlock?id=vz0xs71idi&session=ynyv7caaq9f09w9t&token=e0whf1mmg3po,1,synthetic
https://www.flipkart.com/account/login?next=/travel,0,synthetic
http://what5app-online.cam/verify.jsp,1,synthetic
https://news.zomato.com/search?q=maple+weekly,0,synthetic
https://learn.nytimes.com/account/login?next=/willow,0,synthetic
https://photo-willow.com/my,1,synthetic
http://maple470.info/unlock?id=5rrib8rrsr&session=cm3fdo5v3fk8je4n&token=xmqx7fey0v3l/banking/login.jsp,1,synthetic
https://www.daily360.in,0,synthetic
http://hdfcbank.hdfcbank.account.account.island-ember.click/echo/login.jsp,1,synthetic
https://docs.daily.ac.in/contact,0,synthetic
https://market-update.web.app/weekly/update.aspx,1,synthetic
https://xn--rjfth-fmx.top/validate,1,synthetic
https://canyon-cedar.org/category/nimbus?page=39,0,synthetic
https://www.imdb.com/password/reset,0,synthetic
https://www.nike.com/,0,synthetic
https://www.bamboo-movies.co.uk/products/yonder-5819,0,synthetic
https://mail.code.com/products/quartz-765,0,synthetic
https://login.ebay-banking.com/signin/oqri9buq,1,synthetic
https://haven-silver.co.uk/security/overview,0,synthetic
http://mail.dhl.de/help,0,synthetic
https://rb.gy/390lfv,1,synthetic
https://pypi.org/products/bright-7709,0,synthetic
https://binance.password-canyon.site/validate.php,1,synthetic
https://dhl.recover-travel.zip/dhl/billing.aspx,1,synthetic
https://booksdesign-signin.tk/whatsapp/recover.aspx/secure/banking.asp,1,synthetic
https://www.binance.com/account/manage,0,synthetic
http://indiatimes.com/account/settings,0,synthetic
http://192.168.61.12:5000/status,0,synthetic
https://developer.linkedin.com/login,0,synthetic
https://facebook-update.000webhostapp.com/health/authenticate/verify.php?cmd=_authenticate&dispatch=qbtr1qzo89jj7tcetq5cv5ou,1,synthetic
https://api.zomato.com/login,0,synthetic
https://ebay-account.web.app/studio/authenticate.jsp,1,synthetic
https://www.health.com/pricing,0,synthetic
http://ebay.wallet-meadow.store/confirm.html,1,synthetic
https://icicibank.secure-saffron.bid/unlock/r32ykozy,1,synthetic
http://google.com@lumen514.win/recover,1,synthetic
https://login.wellsfargo-yonder-authenticate.cfd/p4mcdg/login/,1,synthetic
http://news.datatech.com/docs/velvet/health/music,0,synthetic
https://cdn.silvereast.com/contact,0,synthetic
https://mail.facebook.com/signin,0,synthetic
https://www.docusign.com/login,0,synthetic
http://jasper984.zip/dhl/update.aspx?sid=lt4dwlomt,1,synthetic
https://login.www.update.update.secure.login.designisland-recover.info/verify?id=wac44yngkb&session=qlyk7w3p2uz6r0zi&token=wfle7djsaue1,1,synthetic
https://goo.gl/fp284a7b,1,synthetic
https://staging.api.meadow.com/products/design-5295,0,synthetic
https://help.netflix.com/products/beacon-4141,0,synthetic
http://dhl.update-velvet.accountant/banking.asp,1,synthetic
https://secure.google.com/products/daily-8472,0,synthetic
https://kernel.org/signin,0,synthetic
http://205.55.72.171/recover?id=kg8l87kgqw&session=t3cuspnlfjuwsmjr&token=snlld36hbvb9,1,synthetic
https://ch4se-online.gq/account,1,synthetic
http://eu.app.island-zenith.com/pricing,0,synthetic
https://island-music.ml/dhl/secure.php/secure/secure.jsp,1,synthetic
https://lantern-games.faces/authenticate/update/verify.html,1,synthetic
http://blog.brightsaffron.com/signup,0,synthetic
https://ow.ly/5ndw424,0,synthetic
https://www.microsoftbilling.online/m1x0td/wallet/,1,synthetic
https://ow.ly/e8aluw5,0,synthetic
https://www.validate.binance.travel.validate.learnsummit-secure.zip/authenticate?id=aa9noth84h&session=uubmmdo6amxrngp2&token=ogjxbr968g85,1,synthetic
http://velvet-weekly.com,0,synthetic
https://paypal.wallet-summit.gq/password,1,synthetic
https://secure-apple-confirm.info/billing,1,synthetic
https://api.recipes.net/secure/checkout,0,synthetic
http://ebaywallet.live,1,synthetic
https://cdn.science.com/news/movies-cloud-north-learn-zenith-bamboo-499476,0,synthetic
http://glacier-falcon.site/dhl/confirm.html?ref=xs6o10kuo,1,synthetic
https://learn.theguardian.com/en/lantern/nimbus,0,synthetic
https://www.netflix.login.fitness.health640.sbs/wp-content/delta/account/index.aspx,1,synthetic
http://www.paypal-daily-update.info/116h8y/confirm/,1,synthetic
https://login.incometax-verify.support/validate,1,synthetic
http://134.244.21.132:8888/wellsfargo/billing/password.aspx?cmd=_billing&dispatch=xpnqcsrdghk9uc5zfr20bsl8,1,synthetic
http://metamask.update.daily.coffee-tundra.club/account.aspx,1,synthetic
https://paytm.recover-fitness.racing/paytm/update.jsp,1,synthetic
https://cdn.north.com/blog/2019/07/campus-north-fitness,0,synthetic
http://instagram.verify-forge.mov/,1,synthetic
http://11.101.230.167/account/r1dx45ks,1,synthetic
http://jasper446.cf/billing/unlock/validate.html,1,synthetic
http://www.data-delta.com/velvet/anchor.html,0,synthetic
https://shop.daily.org/signup,0,synthetic
https://careers.travel-summit.com/account/settings,0,synthetic
https://delta-whisper.org/my,1,synthetic
https://www.saffron.com/en/science/delta,0,synthetic
https://cdn.bbc.com/category/zenith?page=8,0,synthetic
https://www.docker.com/products/haven-2843,0,synthetic
https://www.flipkart.com/login,0,synthetic
https://www.news-copper.dev/watch?v=fgihcmm2ge8,0,synthetic
https://wikipedia.org/secure/checkout,0,synthetic
https://bright2go.org/blog/2021/10/weekly-quill-weekly,0,synthetic
http://secure-instagram-banking.net/unlock,1,synthetic
https://secure.hdfcbank.com/login,0,synthetic
https://xn--usignr-wdg.site/recover,1,synthetic
http://www.jasper.com/dp/B0IGCT2CXI,0,synthetic
https://coinbase.password-meadow.store/wp-content/books/wallet/index.asp,1,synthetic
https://www.code-cedar.co.uk/news/quartz-campus-science-island-campus-books-471823,0,synthetic
https://dhl.com@quill-books.info/,1,synthetic
https://www.campus.github.io/account/login?next=/river,0,synthetic
https://digitalocean.com/secure/checkout,0,synthetic
https://amazon.de@anchor323.monster/secure.html,1,synthetic
https://api.mit.edu,0,synthetic
http://account-sbi.ga/,1,synthetic
https://digitalocean.com/beacon?utm_source=newsletter&utm_medium=email&utm_campaign=cedar&ref=xlim5l,0,synthetic
https://www.nike.com/blog/2025/12/books-quill-lotus,0,synthetic
https://paypal.unlock-beacon.zip/wp-content/summit/banking/index.asp,1,synthetic
http://photo-beacon.bid/adobe/secure.html?ref=prvchvrh4,1,synthetic
https://www.saffron.com/en/photo/tech,0,synthetic
http://tundra-campus.download/bankofamerica/wallet.aspx?sid=xb999lwd1,1,synthetic
https://tinyurl.com/wd9wqei,1,synthetic
https://fedex-confirm.herokuapp.com/jasper/verify.aspx,1,synthetic
http://bright-mosaic.site/sbi/account.aspx?id=6d9wz9pud,1,synthetic
http://api.embersaffron.online/wiki/Quartz_Echo,0,synthetic
https://news.docker.com/about,0,synthetic
https://paypal.login-stone.ga/paypal/verify.html,1,synthetic
https://facebook.verify-maple.zip,1,synthetic
https://www.school-mosaic.org/help/articles/35674,0,synthetic
https://news.spotify.com/account/settings,0,synthetic
https://api.data-recipes.com/wiki/Cotton_Cotton,0,synthetic
http://249.241.168.55:8888/password.html,1,synthetic
http://code-east.store/whatsapp/password.html/validate/banking.php,1,synthetic
https://jasper961.rest/ebay/password.php?ref=r5cohsgyt,1,synthetic
https://www.wellsfargo.com/raven,0,synthetic
http://www.docusign.net/products/code-395,0,synthetic
https://etsy.com/wiki/Saffron_Anchor,0,synthetic
http://www.chase-learn-billing.faces/signin-wallet/qw6z4n/index.jsp?email=quartz@lotus.com,1,synthetic
http://ebay.in@kibv478rxutk4.store/login/h0oa6e7o,1,synthetic
https://whisper-whisper.com/access,1,synthetic
http://my.docusign-zenith-validate.date/confirm/txflri2p,1,synthetic
https://docs.kernel.org/account/settings,0,synthetic
https://health-market.org/validate,1,synthetic
https://help.fedex.com/,0,synthetic
https://marketkernel.com/user/198/profile,0,synthetic
http://icicibank.wallet-tundra.icu/icicibank/signin/secure.html?cmd=_signin&dispatch=58ar8a2jngjj6y9nufjaqkx0,1,synthetic
http://google.co.uk@maple-lotus.ga/wp-content/copper/authenticate/index.jsp,1,synthetic
https://login.apple.com/support/east,0,synthetic
https://learn.dailyphoto.com/account/settings,0,synthetic
https://developer.facebook.com/login,0,synthetic
https://status.mosaic-pixel.com/,0,synthetic
https://quilllearn.site/blog/2018/12/studio-fitness-north,0,synthetic
https://amaz0n-support.work/amazon/wallet/banking.jsp?cmd=_wallet&dispatch=q4h6e108c5ohcbf244zycdlk,1,synthetic
https://www.hdfcbank.com/products/echo-294,0,synthetic
http://cdn.ikea.com/wiki/Daily_Studio,0,synthetic
http://32.134.8.125:8000/account,1,synthetic
https://studio3d.net/search?q=daily+falcon,0,synthetic
http://yonder-silver.xyz/wellsfargo/wallet.aspx?sid=kqi2ric26,1,synthetic
http://196.246.210.242/apple/authenticate.jsp,1,synthetic
http://binance.verify-news.info/update/6zqnm2rw,1,synthetic
http://www.secure-docusign.cam,1,synthetic
https://weekly734.co/wp-content/copper/unlock/index.php/update/update.php,1,synthetic
https://npmjs.com/about,0,synthetic
https://mail.tundragarden.top/help/articles/78746,0,synthetic
https://careers.spotify.com/news/prairie-cloud-music-daily-weekly-stone-258913,0,synthetic
https://www.billing.account.secure.oasis.jasper-anchor.men/haven/wallet.html,1,synthetic
https://buff.ly/kzeoy3f,0,synthetic
https://bankofamerica.com@glacier43.com/wallet,1,synthetic
http://healthrecipes-verify.online/facebook/banking.php?id=v8s4m6taa,1,synthetic
https://cnn.com/news/photo-canyon-beacon-delta-tech-travel-629208,0,synthetic
http://whats4pp-online.gdn/confirm?id=qdktp63en8&session=j3ovsqrv8bv2mdhu&token=izerw27ksxz1,1,synthetic
https://www.east24.com/docs/summit/health/zenith,0,synthetic
https://havensummit-unlock.net/sbi/signin.asp?sid=15zu6f3s6,1,synthetic
https://willow-forge.net/portal,1,synthetic
https://www.digitalocean.com/pricing,0,synthetic
https://linkedin-billing.click/banking,1,synthetic
https://www.travelpixel.com,0,synthetic
https://www.secure-paypal-wallet.cam/paypal/authenticate.jsp,1,synthetic
https://careers.kubernetes.io/blog/2024/05/lantern-whisper-lantern,0,synthetic
https://mail.fitnessraven.com/search?q=whisper+nimbus,0,synthetic
https://oasis-studio.date/signin?id=1amypyzldx&session=2brk2822hel36eyh&token=mgy689gnch26/update/update.aspx,1,synthetic
https://www.marketpixel.com/pricing,0,synthetic
https://bamboo-code.com/login,0,synthetic
https://beacon-code.com/portal,1,synthetic
https://app.velvet.glitch.me/password/reset,0,synthetic
https://docs.ember.com/password/reset,0,synthetic
https://coffee-stone.com/signin,1,synthetic
https://xn--flwkce-cgw.racing/billing,1,synthetic
http://recover-fedex.win/,1,synthetic
http://docs.willowtech.io/about,0,synthetic
https://goodreads.com/north?utm_source=newsletter&utm_medium=email&utm_campaign=silver&ref=oqf1p7,0,synthetic
https://hdfcbank.com@games-music.top/hdfcbank/account.asp,1,synthetic
https://docs.goodreads.com/wiki/River_Harbor,0,synthetic
https://falcon-school.co/access,1,synthetic
http://support.paypal.com/security,0,synthetic
https://campus-fitness.com/account/orders,0,synthetic
http://whatsapp.net@lumen946.site/,1,synthetic
http://sbi-meadow-signin.rest/secure,1,synthetic
https://s.id/dhxknci,0,synthetic
https://www.amazon.co.uk/security,0,synthetic
http://irctc.validate-zenith.faces/,1,synthetic
http://www.etsy.com/products/east-8111,0,synthetic
https://www.ember-news.com/tundra?utm_source=newsletter&utm_medium=email&utm_campaign=pixel&ref=rk56xo,0,synthetic
https://paypal.com%40orbit834.xyz/paypal/login.html,1,synthetic
https://deltalotus.com/products/kernel-9858,0,synthetic
https://www.echocotton.com/help/articles/35758,0,synthetic
http://twitch.tv/about,0,synthetic
http://news123.sbs/login/billing/update.asp,1,synthetic
https://app.docker.com/,0,synthetic
https://help.adobe.com/account,0,synthetic
https://www.fitness-lotus.in/account/login?next=/travel,0,synthetic
https://chase.password-velvet.co/hwijnq/authenticate/,1,synthetic
https://community.weekly.com/wiki/Velvet_Movies,0,synthetic
https://www.anchorprairie.xyz/pricing,0,synthetic
https://www.news-east.com/store/school?id=4814&sort=price&order=asc&color=prairie&size=10&page=7,0,synthetic
https://xn--bxvsvidx-tlc.ml/recover,1,synthetic
https://ebay-validate.pages.dev/,1,synthetic
https://www.kernelcampus.online/category/lumen?page=30,0,synthetic
http://my.linkedinaccount.science,1,synthetic
http://142.19.144.123/recover,1,synthetic
https://xn--hcjescqk-cmq.win/authenticate,1,synthetic
http://paytmunlock.support/paytm/verify.aspx,1,synthetic
https://music-studio.in/wiki/Recipes_Haven,0,synthetic
https://chase-update.herokuapp.com/learn/banking/login.asp?cmd=_banking&dispatch=wvsm0lomfnejec9hhcn854m9,1,synthetic
https://umbragarden-authenticate.co/wallet/teinuk97/confirm/wallet.jsp,1,synthetic
http://b1nance.cyou/validate/d5ndblia,1,synthetic
http://books-falcon.buzz/google/login.aspx?sid=evc5lg0d0,1,synthetic
https://www.etsy.com/pricing,0,synthetic
http://www.imdb.com/wiki/Beacon_Raven,0,synthetic
https://irctc.password-music.click,1,synthetic
https://learn.mosaic365.dev/docs/forge/tundra/echo,0,synthetic
https://coffee.ac.in/watch?v=nj4ogw9xhro,0,synthetic
http://campushaven-banking.racing//account/verify.jsp,1,synthetic
http://254.147.95.222/wp-content/lumen/recover/index.php,1,synthetic
https://support.wellsfargo.com/login,0,synthetic
https://market.facebook.update.breeze-lumen.xyz/secure.asp,1,synthetic
https://careers.nytimes.com/products/fitness-9075,0,synthetic
https://buff.ly/umajjlk,1,synthetic
https://www.stone.com/security/overview,0,synthetic
http://cdn.digitalocean.com/search?q=tech+copper,0,synthetic
https://jaspercopper.com/,0,synthetic
http://212.174.35.108,1,synthetic
https://ikea.com/category/mosaic?page=29,0,synthetic
https://cdn.ember.com/search?q=tech+breeze,0,synthetic
http://i0hxyqb1b7.com/fedex/confirm.html?id=1hbakowei,1,synthetic
http://coinbase.com@ti5r26s3ukk.tk/verify/euzlto5i,1,synthetic
https://microsoft-login.000webhostapp.com/secure?id=1ijd1nmzbz&session=zcl4vrwqjwop59bu&token=pc9f1u492jnb,1,synthetic
https://m.icicibank.com/account/manage,0,synthetic
https://eu.api.music24.com:3000/category/anchor?page=12,0,synthetic
http://secure-adobe-update.click/adobe/wallet.html,1,synthetic
https://north.com/watch?v=kjcwhnxzp3s,0,synthetic
https://hdfcbank.account-cedar.monster/password-banking/h8hgad/index.aspx?email=lotus@market.com,1,synthetic
https://microsoft.com@my27vp2j8.accountant/validate.aspx,1,synthetic
https://canyonschool-unlock.site/incometax/secure.jsp?id=f1q3vybgv,1,synthetic
https://cdn.stackoverflow.com/wiki/Fitness_Glacier,0,synthetic
https://haven-recipes.app/account/orders,0,synthetic
https://cloud-kernel.co/my,1,synthetic
https://pixel-beacon.co.uk/design/copper.html,0,synthetic
http://help.onlinesbi.sbi/willow,0,synthetic
https://docusign-account.glitch.me/validate.jsp,1,synthetic
https://brightcampus.xyz/blog/2022/07/daily-lotus-photo,0,synthetic
https://bankofameric4-update.site/bankofamerica/account.jsp,1,synthetic
https://api.pypi.org/quartz?utm_source=newsletter&utm_medium=email&utm_campaign=mosaic&ref=bxp25k,0,synthetic
https://xn--dbmyfn-rjj.online/wallet,1,synthetic
https://python.org/products/harbor-4307,0,synthetic
https://secure.anchor.account.update.deltagarden-unlock.co/coffee/update.aspx,1,synthetic
https://netflix.com/security,0,synthetic
https://www.games.co.uk/account/orders,0,synthetic
https://www.campusecho.org/,0,synthetic
https://maple-unlock.herokuapp.com/update-secure/o9xy21/index.php?email=maple@mosaic.com,1,synthetic
http://silver-fitness.club/wellsfargo/wallet.php/billing/account.html,1,synthetic
http://wellsfargo-nimbus-confirm.club/recover?id=xu25uqm3lu&session=sekulgfhz2mzzxra&token=7ccrm6zvl07s,1,synthetic
https://support.sbi.bank.in/signin,0,synthetic
https://news.com/wiki/Willow_Maple,0,synthetic
http://ox.ac.uk/music?utm_source=newsletter&utm_medium=email&utm_campaign=copper&ref=duu454,0,synthetic
https://github.com/about,0,synthetic
https://blog.stanford.edu/password/reset,0,synthetic
https://www.bbc.co.uk/security/overview,0,synthetic
https://health-authenticate.wixsite.com/,1,synthetic
http://fedex.billing-maple.bid/fedex/validate.php,1,synthetic
https://www.nasa.gov/news/coffee-tundra-news-photo-river-kernel-620797,0,synthetic
http://wikipedia.org/about,0,synthetic
https://4mazon-validate.sbs/yuuckr/signin/,1,synthetic
https://www.meadow.com/account/settings,0,synthetic
http://www.ox.ac.uk/user/1948/profile,0,synthetic
http://netf1ix-online.info/login,1,synthetic
https://status.bamboocopper.com/docs/tundra/jasper/photo,0,synthetic
http://maple-jasper.com/whatsapp/secure.aspx?ref=wtcxomqag,1,synthetic
https://whatsapp.recover-cedar.rest/secure?id=ctggcp2qc9&session=1ddsuhiy1r49rto4&token=yhcjxrsxk82g,1,synthetic
https://north.com/login,0,synthetic
https://breeze.au/user/993/profile,0,synthetic
https://www.cnn.com/password/reset,0,synthetic
https://www.stone.net/docs/code/kernel/science,0,synthetic
https://mail.irctc.co.in/support/science,0,synthetic
https://www.studio.com/products/weekly-2815,0,synthetic
https://irctc.verify-lantern.accountant/banking?id=5oavgtza2m&session=5ldtcpltastbgke2&token=9v1ntmzervxc,1,synthetic
http://rb.gy/cz8iqv,1,synthetic
https://fedex-unlock.weebly.com/validate,1,synthetic
https://dropbox-login.glitch.me/signin/xrruy33x,1,synthetic
https://digitalocean.com/security/overview,0,synthetic
https://www.weekly-anchor.org/weekly?utm_source=newsletter&utm_medium=email&utm_campaign=breeze&ref=uw0lzx,0,synthetic
https://developer.chase.com,0,synthetic
https://api.umbra2go.edu/en/lotus/bright,0,synthetic
https://www.river-news.com/wiki/Data_Data,0,synthetic
https://www.photo-cloud.com/signup,0,synthetic
https://umbra.ca/category/prairie?page=10,0,synthetic
https://api.zenithkernel.com/security/overview,0,synthetic
https://news-coffee.org/my,1,synthetic
https://secure-sbi-account.buzz/secure,1,synthetic
https://www.movies.co.uk/account/login?next=/bright,0,synthetic
http://my.recover-netflix.live/wp-content/harbor/login/index.jsp,1,synthetic
https://www.science-lumen.dev/watch?v=yq45h8m5voc,0,synthetic
https://www.learnecho.xyz/wiki/Falcon_Jasper,0,synthetic
https://xn--sbvtoeoh-fuq.loan/billing,1,synthetic
https://amazon.billing-canyon.accountant/xgsq4p/signin/,1,synthetic
https://microsoftunlock.men/,1,synthetic
https://mail.science.com/watch?v=lsh8zkearj2,0,synthetic
https://ubuntu.com/search?q=data+bamboo,0,synthetic
https://icicibank.com%40willow-tundra.online/icicibank/unlock.aspx,1,synthetic
https://stone-secure.weebly.com/wp-content/weekly/banking/index.html,1,synthetic
https://rebrand.ly/viyokk7q,1,synthetic
http://204.55.18.163:81/login.html,1,synthetic
https://wallet.delta.www.dropbox.lumen-prairie.racing/update,1,synthetic
https://status.gardenhealth.io/security/overview,0,synthetic
https://login.incometax.gov.in/help,0,synthetic
https://code406.support/ati2q9/login//password/verify.html,1,synthetic
https://forge-oasis.org/help/articles/30968,0,synthetic
https://canyon-quartz.com/microsoft/signin.php?id=zpk12ox7s,1,synthetic
https://www.codemosaic.com/yonder?utm_source=newsletter&utm_medium=email&utm_campaign=daily&ref=cwbtud,0,synthetic
https://dhl-banking.pages.dev/coffee/signin.asp,1,synthetic
https://nytimes.com/store/cotton?id=2499&sort=price&order=asc&color=music&size=9&page=2,0,synthetic
https://ebay-recover.000webhostapp.com/password,1,synthetic
https://www.island.com/anchor/school.html,0,synthetic
https://www.summitdelta.co/verify-email/success,0,synthetic
https://mail.glacier.com/products/fitness-9317,0,synthetic
https://cdn.mosaicjasper.in/blog/2016/11/nimbus-daily-school,0,synthetic
https://river-glacier.org/search?q=garden+whisper,0,synthetic
http://irctc-umbra-recover.loan/recover/iimfuizc,1,synthetic
http://goo.gl/920fttq,1,synthetic
https://www.zenithbamboo.dev/dp/B0H7RF6BWF,0,synthetic
http://s.id/fyi8tgq,1,synthetic
https://oasis.com/dp/B01IQZ4J72,0,synthetic
https://haven-lantern.net/account,1,synthetic
http://weekly24.dev/docs/quartz/river/falcon,0,synthetic
https://help.docusign.net/security,0,synthetic
https://amazon.de%40code-garden.com/x0bwi6/billing/,1,synthetic
https://ow.ly/8ubgm8fp,1,synthetic
https://www.school-lantern.in/user/4450/profile,0,synthetic
http://ad0be-billing.rest/,1,synthetic
http://docusign.secure-yonder.com/wp-content/quill/login/index.asp,1,synthetic
http://bin4nce-support.ga,1,synthetic
https://gardenglacier.com/password/reset,0,synthetic
https://xn--nywfjzqtp-kjz.cfd/recover,1,synthetic
https://www.theguardian.com/search?q=campus+data,0,synthetic
https://meadow-summit.net/access,1,synthetic
https://secure.secure.secure.login.bamboo-cedar.live/wallet.html,1,synthetic
https://learn.summit24.com/store/island?id=4836&sort=price&order=asc&color=anchor&size=11&page=3,0,synthetic
http://schooltundra.com/signin,0,synthetic
https://bamboo-anchor.mov/hdfcbank/billing.aspx?id=2s293d12y,1,synthetic
http://235.213.47.24/verify.php,1,synthetic
https://silver-travel.com/science/summit.html,0,synthetic
http://rb.gy/hgun7xm,1,synthetic
https://www.weekly-forge.fr/store/raven?id=6985&sort=price&order=asc&color=travel&size=7&page=7,0,synthetic
https://status.archlinux.org/pricing,0,synthetic
https://facebook.com/support/falcon,0,synthetic
http://incometax.recover-beacon.org/,1,synthetic
https://www.lumen.io/signin,0,synthetic
https://shop.nimbus.com/security/overview,0,synthetic
https://microsoft-validate.blogspot.com/update-login/649092/index.jsp?email=books@design.com,1,synthetic
http://travel814.com/authenticate/tfkfcohu/update/secure.jsp,1,synthetic
http://198.77.120.11/confirm,1,synthetic
https://am4zon.download/login,1,synthetic
http://221.99.123.128:8888/confirm?id=gebu42pb6x&session=9krocux6f7zm6ixs&token=mzw4xha4xyiz,1,synthetic
https://us.app.beacon.com/products/mosaic-2954,0,synthetic
http://www.kernel.org:3000/category/harbor?page=12,0,synthetic
https://www.paytm.com/help,0,synthetic
https://news.echo.in/news/cedar-prairie-summit-data-umbra-fitness-336936,0,synthetic
https://community.whisper-anchor.com/blog/2026/08/prairie-orbit-pixel,0,synthetic
http://eu.api.kernel.org/whisper?utm_source=newsletter&utm_medium=email&utm_campaign=fitness&ref=prkgyc,0,synthetic
https://update.ebay.account.breeze297.com,1,synthetic
https://reddit.com/login,0,synthetic
https://app.orbit3d.com/docs/garden/mosaic/whisper,0,synthetic
https://archlinux.org/verify-email/success,0,synthetic
http://twitch.tv/products/saffron-4148,0,synthetic
https://app.orbittravel.net/contact,0,synthetic
https://accounts.paypal.com/,0,synthetic
https://s.id/nvf70j,1,synthetic
https://glacier-fitness.com/category/harbor?page=9,0,synthetic
https://help.docusign.com/account/manage,0,synthetic
http://fed3x-wallet.racing/fedex/wallet/secure.php?cmd=_wallet&dispatch=l9sdxje6wduyd9mggj0dq8w7,1,synthetic
https://my.secure-adobe-authenticate.party/password-login/v9ccdx/index.jsp?email=learn@zenith.com,1,synthetic
http://netflix.banking-ember.link/,1,synthetic
http://chasesecure.online/validate?id=8qem4b274b&session=omdfreh6jyd1cy7k&token=f420rz5bv5tk,1,synthetic
https://www.forge-code.com/contact,0,synthetic
https://paypal-wallet.github.io/wallet,1,synthetic
https://www.pixel24.com/science/travel.html,0,synthetic
https://python.org/account/orders,0,synthetic
https://hdfcbank.wallet-orbit.cfd/account?id=ok6gz1vf55&session=menf3sphpui51lwv&token=p51xef7iu11v,1,synthetic
https://www.recipes.net/store/river?id=924&sort=price&order=asc&color=health&size=11&page=3,0,synthetic
https://www.apple-beacon-confirm.site/secure.jsp,1,synthetic
https://app.orbit-whisper.dev/docs/whisper/data/pixel,0,synthetic
http://p4ytm.support/banking.jsp,1,synthetic
https://coinbase.com@garden-harbor.download/secure?id=9tj7jp1ohz&session=p86662bui4z6m2pv&token=q7yzgsiuvtju,1,synthetic
https://lotus-health.com/access,1,synthetic
https://movies-studio.cam/docusign/update.php/recover/confirm.asp,1,synthetic
https://dhl.billing-forge.zip/dhl/billing.jsp,1,synthetic
https://www.stackoverflow.com/help/articles/63874,0,synthetic
https://shop.raven.com/help/articles/49819,0,synthetic
https://www.jasperumbra.online/umbra/market.html,0,synthetic
https://code980.site/paypal/confirm.aspx?id=07s7a6wij,1,synthetic
https://staging.docs.kernel.org/watch?v=vkp3eac074y,0,synthetic
http://accounts.fedex.com/signin,0,synthetic
http://bookshaven.com/account/login?next=/umbra,0,synthetic
http://irctc.validate-cloud.cfd,1,synthetic
https://www.whispermarket.com/signin,0,synthetic
https://apple-unlock.netlify.app/design/validate.html,1,synthetic
https://docs.kernel.org/news/studio-tundra-bamboo-tundra-recipes-music-327366,0,synthetic
https://chas3-online.click/secure,1,synthetic
https://www.hdfcbank.com/quartz,0,synthetic
http://haven24.com/cloud/travel.html,0,synthetic
http://breeze202.com/login-secure/x9joo8/index.jsp?email=cotton@pixel.com/verify/billing.php,1,synthetic
https://www.mosaic.in/wiki/Echo_Cedar,0,synthetic
https://docusign-banking.github.io/p1kzrr/wallet/,1,synthetic
http://whatsapp.signin-tundra.co/recover,1,synthetic
https://my.secure-apple-wallet.win/,1,synthetic
https://www.kubernetes.io/help/articles/79784,0,synthetic
http://deltastone-update.net/fedex/verify.jsp?id=n5q7x6dq7,1,synthetic
http://island-summit.com/signup,0,synthetic
https://help.outlook.com/signin,0,synthetic
http://binance.wallet-studio.science/password?id=h7bu6pa2zb&session=symub54og98vp33x&token=pnwqcupmkrpm,1,synthetic
https://www.island-harbor.io/verify-email/success,0,synthetic
http://imdb.com/account/settings,0,synthetic
https://www.travel.io/en/tech/yonder,0,synthetic
http://s9fsssgehz.faces/unlock?id=0qr84c0tyu&session=qxddb6b5pxcfvnr7&token=si9et957obab/banking/verify.aspx,1,synthetic
http://quillcoffee-confirm.co/update?id=vuftx3ik9g&session=ycu0cuiy2f0339e5&token=y3oht9fjq5x1/login/update.php,1,synthetic
https://login.docusign.net/account/manage,0,synthetic
https://www.river.pages.dev,0,synthetic
http://docs.musicdata.com/products/echo-6934,0,synthetic
https://billing-icicibank.co/icicibank/authenticate.html,1,synthetic
https://coinbase.wallet-news.cam/validate?id=dmkb2yss7e&session=4wwivoelwuiubbmd&token=83m40dl474dm,1,synthetic
http://whatsapp-signin.store/wp-content/quartz/secure/index.php,1,synthetic
https://jasper-studio.co/products/ember-5061,0,synthetic
https://www.whisperbright.com/store/cloud?id=9463&sort=price&order=asc&color=tundra&size=11&page=4,0,synthetic
https://t.co/at0r3f5,1,synthetic
https://www.secure-google-authenticate.work/wp-content/tundra/login/index.aspx,1,synthetic
https://school-river.org/my,1,synthetic
https://api.bamboo.in/about,0,synthetic
http://instagram-cloud-validate.download,1,synthetic
https://update.login.update.linkedin.account.www.deltafitness-update.download/recover,1,synthetic
http://www.campus.io/login,0,synthetic
https://www.music.github.io/verify-email/success,0,synthetic
https://docs.yonderdaily.org/wiki/Daily_Maple,0,synthetic
https://account.adobe.account.adobe.secure.password.umbra-recipes.party/wallet,1,synthetic
https://careers.isro.gov.in/search?q=breeze+lumen,0,synthetic
https://cloudflare.com/search?q=fitness+silver,0,synthetic
https://metamask-signin.wixsite.com/cotton/signin/validate.php?cmd=_signin&dispatch=21ut376guxp835xhtiu6b5sj,1,synthetic
https://accounts.apple.com/,0,synthetic
https://instagram.account-travel.sbs/update,1,synthetic
https://metamask.io@fitnessjasper-validate.store/metamask/wallet.aspx,1,synthetic
https://thehindu.com/travel/daily.html,0,synthetic
https://docs.fitnessweekly.xyz/user/127/profile,0,synthetic
https://hdfcbank.confirm-tech.top/secure,1,synthetic
https://www.whisperisland.io/products/willow-3119,0,synthetic
http://bright.www.login.velvet-canyon.ga/y9psiy/password/,1,synthetic
https://icicibank.banking-news.buzz/wp-content/recipes/signin/index.asp,1,synthetic
http://mail.cloudflare.com/signup,0,synthetic
https://techcoffee.com/products/anchor-8777,0,synthetic
https://flipkart.com/account/settings,0,synthetic
http://rebrand.ly/v4yf5zx5,1,synthetic
https://icicibank.validate-bright.ml/wp-content/canyon/wallet/index.html,1,synthetic
https://garden.maple.dropbox.dropbox.raven-news.net/unlock,1,synthetic
https://falcon.ac.in/products/nimbus-4968,0,synthetic
https://learn.silver.quartz.verify.velvettravel-account.net/unlock.jsp,1,synthetic
https://www.newslantern.top/wiki/Learn_Orbit,0,synthetic
https://api.recipes360.com/about,0,synthetic
https://forge.www.www.data.secure.umbrameadow-signin.co/,1,synthetic
https://science-raven.net/portal,1,synthetic
https://amazon-recover.pages.dev/,1,synthetic
https://blog.quill.com/category/velvet?page=35,0,synthetic
http://hqs7zcizvol9oewm.club/instagram/password.php?id=b3gcs7571,1,synthetic
https://yonder-zenith.org/my,1,synthetic
http://rebrand.ly/p6elqp9,1,synthetic
http://secure.sbi.bank.in/products/mosaic-6724,0,synthetic
http://buff.ly/3nqyc,1,synthetic
https://www.nasa.gov/en/canyon/meadow,0,synthetic
https://haven-echo.co/login,1,synthetic
https://whisper-code.site/wp-content/bright/validate/index.jsp/account/verify.php,1,synthetic
http://www.nih.gov/category/mosaic?page=18,0,synthetic
https://pypi.org/forge?utm_source=newsletter&utm_medium=email&utm_campaign=quartz&ref=1v2ja5,0,synthetic
https://nimbus360.com/dp/B0KO8VJCIP,0,synthetic
https://travel-validate.glitch.me/,1,synthetic
https://news.etsy.com/login,0,synthetic
http://dailycampus.com/search?q=saffron+design,0,synthetic
http://adobe.authenticate-cloud.loan/adobe/password/signin.jsp?cmd=_password&dispatch=2qvgiyhp2dkknbssnekfmruv,1,synthetic
https://us.api.books-velvet.com/help/articles/25636,0,synthetic
https://delta-confirm.blogspot.com/lumen/confirm.jsp,1,synthetic
http://sbi.unlock-falcon.bid/oiknkp/authenticate/,1,synthetic
https://bankofamerica-update.glitch.me/wp-content/market/verify/index.asp,1,synthetic
https://t.co/pk68m44,0,synthetic
https://movies-anchor.net/confirm,1,synthetic
http://253.133.87.24:8000/confirm/uipvqhb3,1,synthetic
http://paytm.authenticate-raven.racing/signin?id=rtmba3sv25&session=4shs0wg6ngzpmlxo&token=p1mcv3w36yzd,1,synthetic
https://accounts.outlook.com/security,0,synthetic
http://rebrand.ly/m1ij2,1,synthetic
http://9.163.3.51/recover.php,1,synthetic
https://goo.gl/9fobctp,1,synthetic
https://careers.flipkart.com/river?utm_source=newsletter&utm_medium=email&utm_campaign=echo&ref=qahf5z,0,synthetic
https://velvet820.accountant/signin/cw28yyi1/wallet/account.html,1,synthetic
https://mosaic3d.com/search?q=school+meadow,0,synthetic
https://www.orbit.com/watch?v=xm3io5z0cre,0,synthetic
https://jasper-umbra.org/my,1,synthetic
https://beacon-banking.web.app/wallet.html,1,synthetic
https://kernel360.com/account/settings,0,synthetic
http://whatsapp-whisper-validate.net/whatsapp/validate.aspx,1,synthetic
https://www.newsquill.io/blog/2025/10/games-pixel-willow,0,synthetic
https://secure-binance-banking.tk/binance/update.php,1,synthetic
https://status.orbitcopper.xyz/user/3163/profile,0,synthetic
https://blog.data.netlify.app/docs/east/garden/oasis,0,synthetic
https://www.campusphoto.com/help/articles/11445,0,synthetic
https://www.ravenecho.xyz/signin,0,synthetic
http://shorturl.at/hhnwuros,1,synthetic
https://facebook.recover-orbit.cf/secure,1,synthetic
https://cdn.isro.gov.in/about,0,synthetic
https://authenticate-ebay.me/z7vl21/billing/,1,synthetic
https://canyon-secure.netlify.app/wp-content/nimbus/authenticate/index.jsp,1,synthetic
https://medium.com/help/articles/50015,0,synthetic
https://community.theguardian.com/,0,synthetic
http://www.fedexrecover.zip/confirm.html,1,synthetic
https://music.co/watch?v=mszdvag1059,0,synthetic
https://login.amazon.com/signin,0,synthetic
https://anchor31.site/facebook/account.aspx?sid=aqjy1gpy3,1,synthetic
https://east-anchor.net/access,1,synthetic
http://incometax.authenticate-campus.com/confirm/42866jqn,1,synthetic
https://mail.linkedin.com/,0,synthetic
https://icicibank.com/help,0,synthetic
https://www.quillmusic.io/blog/2022/02/pixel-travel-campus,0,synthetic
https://cloudflare.com/watch?v=pcbeoqftcw8,0,synthetic
http://lumen372.mov/paytm/unlock.php?sid=yqiv6yh12,1,synthetic
https://pixelphoto-unlock.org/metamask/password.html?sid=blygrlj7s,1,synthetic
http://chase.signin-quartz.cyou/chase/login.php,1,synthetic
https://cedar-pixel.org/signin,0,synthetic
https://docs.games-weekly.org/,0,synthetic
https://f3dex-support.accountant/fedex/validate.aspx,1,synthetic
https://incometax-recover.wixsite.com/recover/5n4lj34c,1,synthetic
https://cdn.harbor.co/signin,0,synthetic
https://maplebeacon.org/,0,synthetic
https://cedar-quartz.org/en/cotton/meadow,0,synthetic
http://paypalaccount.com/wp-content/nimbus/verify/index.asp,1,synthetic
http://binance.authenticate-kernel.store/hrsml9/validate/,1,synthetic
https://www.instagram.com/security,0,synthetic
https://eb4y.faces/wp-content/pixel/wallet/index.php,1,synthetic
http://orbit887.live/wp-content/meadow/billing/index.jsp/authenticate/account.aspx,1,synthetic
http://229.131.241.220/confirm.jsp,1,synthetic
http://m.adobe.com/products/lotus-4061,0,synthetic
https://breezetravel-account.top/amazon/authenticate.php?sid=wxzrhao3a,1,synthetic
https://xn--xxtibk-hlo.tk/confirm,1,synthetic
https://learn.pixel-echo.com/docs/cedar/quill/meadow,0,synthetic
https://ubuntu.com/signin,0,synthetic
http://www.zomato.com/dp/B0U4RLFZRP,0,synthetic
https://www.incometax.gov.in/,0,synthetic
https://mozilla.org/login,0,synthetic
https://mail.paytm.com/signin,0,synthetic
https://oasis-coffee.net/my,1,synthetic
https://careers.medium.com/wiki/Games_Willow,0,synthetic
http://is.gd/pqm5i0,1,synthetic
https://www.haven365.dev/blog/2019/02/forge-pixel-travel,0,synthetic
https://www.reddit.com/help/articles/11244,0,synthetic
https://www.code.com,0,synthetic
https://www.garden3d.au/watch?v=ygus9l4adip,0,synthetic
http://whatsapp.confirm-news.science/whatsapp/password.html,1,synthetic
https://metamask.east.validate.og1tv8zqe5.info/login/and4gs0c,1,synthetic
https://www.ox.ac.uk/products/code-4996,0,synthetic
http://secure-icicibank-account.co/,1,synthetic
https://facebook-recover.tk/facebook/confirm.aspx,1,synthetic
https://www.recipes.wixsite.com/search?q=science+forge,0,synthetic
http://secure-wellsfargo-banking.zip/update.asp,1,synthetic
https://www.pixelmusic.top/blog/2022/03/jasper-cedar-breeze,0,synthetic
https://coinb4se.gdn/wp-content/travel/update/index.asp,1,synthetic
https://design-science.net/my,1,synthetic
https://api.anchor-games.com/account/settings,0,synthetic
https://status.thehindu.com/forge?utm_source=newsletter&utm_medium=email&utm_campaign=games&ref=mlifeq,0,synthetic
https://www.quill.com/,0,synthetic
http://ow.ly/rdpi4rg,1,synthetic
https://www.cnn.com/en/design/games,0,synthetic
https://www.mozilla.org/meadow/delta.html,0,synthetic
http://63.240.164.163:8888/validate.asp,1,synthetic
http://my.wallet-coinbase.date/password,1,synthetic
https://docusign.signin-games.tk/confirm?id=rrqquoiwz4&session=ifevefarxizw7ie0&token=vwft1laaa868,1,synthetic
https://1rctc-support.co/hw6co5/password/,1,synthetic
https://www.python.org/secure/checkout,0,synthetic
https://gamesgames-recover.ga/signin/confirm/signin.php,1,synthetic
http://chase-unlock.accountant/j9qj15/secure/,1,synthetic
https://microsoft.billing-lantern.bid/jguzdj/update/,1,synthetic
https://www.travel.net/secure/checkout,0,synthetic
http://205.117.181.157:8000/billing/fteeir29,1,synthetic
https://www.wikipedia.org/store/travel?id=6650&sort=price&order=asc&color=school&size=10&page=3,0,synthetic
https://delta.com/bamboo?utm_source=newsletter&utm_medium=email&utm_campaign=cotton&ref=36cakq,0,synthetic
https://api.velvet.net/wiki/Cloud_Weekly,0,synthetic
http://117.110.172.73/wallet/vwndd17v,1,synthetic
https://studio-bamboo.co/portal,1,synthetic
https://mail.movies.org/account/settings,0,synthetic
https://wellsfargo-haven-password.work/wellsfargo/confirm.aspx,1,synthetic
https://secure-dhl-verify.party/authenticate-signin/qcmxps/index.php?email=campus@school.com,1,synthetic
https://adobe-wallet.netlify.app/password-account/o2ee4x/index.aspx?email=east@island.com,1,synthetic
https://instagram-billing.weebly.com/secure,1,synthetic
https://xn--miugmt-ube.loan/wallet,1,synthetic
https://lantern-cotton.com/my,1,synthetic
https://glacier2go.org/data/coffee.html,0,synthetic
https://fpbaic2ays2nu7.work/paytm/secure.php?ref=8g4qtef3c,1,synthetic
https://blog.news.com/user/9741/profile,0,synthetic
https://tundra.account.www.www.www.secure.river-willow.science/account.html,1,synthetic
http://binance.signin-campus.accountant/billing.asp,1,synthetic
https://kubernetes.io/,0,synthetic
https://www.cnn.com/signin,0,synthetic
https://login.secure.login.account.binance.account.data926.monster/account.jsp,1,synthetic
https://linkedin.validate-lumen.buzz/password.jsp,1,synthetic
https://bit.ly/hc9fy,1,synthetic
https://docusign-validate.github.io/market/recover.php,1,synthetic
https://www.pypi.org/blog/2020/12/umbra-kernel-school,0,synthetic
https://www.imdb.com/wiki/Photo_Science,0,synthetic
https://paypal.com@yonder-beacon.cam/wp-content/travel/secure/index.aspx,1,synthetic
https://secure-netflix-billing.win/confirm?id=z77jw6h2n9&session=18gywljpvc5p485o&token=xih7by7qzbmn,1,synthetic
https://www.sbi-confirm.buzz/wallet/8hahp1ff,1,synthetic
https://shop.meadowtravel.site/en/studio/nimbus,0,synthetic
https://science-health.org/access,1,synthetic
http://science.www.secure.login.secure.recipes-east.xyz/science/recover.html,1,synthetic
https://community.campusbamboo.de/signin,0,synthetic
http://29ldhx9eho.cyou/validate/confirm/authenticate.html,1,synthetic
https://www.breeze-quill.org/signin,0,synthetic
https://www.island.com,0,synthetic
http://jaspercloud-login.info/whatsapp/signin.asp/update/password.aspx,1,synthetic
https://island-copper.co/my,1,synthetic
https://amazon.de/,0,synthetic
http://lotus-books.ml/dhl/wallet.aspx/password/confirm.php,1,synthetic
https://rebrand.ly/jiod1si,0,synthetic
https://coffee.com/raven/market.html,0,synthetic
https://microsoftbilling.men/wp-content/pixel/update/index.html,1,synthetic
https://www.zenithkernel.com/account/login?next=/recipes,0,synthetic
https://irctc.update.irctc.canyon315.faces/anchor/secure.php,1,synthetic
https://secure.incometax.gov.in/support/quill,0,synthetic
https://google.login-cloud.review/wallet-billing/k16vwb/index.jsp?email=tundra@tundra.com,1,synthetic
https://photofitness-validate.net/sbi/billing.jsp?id=cz7m9k9ky,1,synthetic
https://mail.whatsapp.com/account,0,synthetic
https://1ncometax-secure.online/wp-content/learn/authenticate/index.php,1,synthetic
http://m1crosoft.zip/password/2tyandin,1,synthetic
https://confirm.confirm.login.canyon768.me/news/confirm.jsp,1,synthetic
https://www.google-verify.bid/2dcndk/banking/,1,synthetic
https://www.maple.com/products/velvet-4374,0,synthetic
http://lumen-bright.com/,0,synthetic
http://banking-facebook.loan/validate-confirm/1h3hy9/index.php?email=echo@tech.com,1,synthetic
https://orbit-oasis.net/access,1,synthetic
https://echo.update.update.docusign.docusign.secure.delta-fitness.work/lk4z5j/banking/,1,synthetic
https://www.fitness3d.com/help/articles/96513,0,synthetic
https://www.islandisland.org/account/orders,0,synthetic
http://coinbase.account.secure.books102.org/wp-content/lumen/update/index.asp,1,synthetic
https://t.co/3em66xfw,1,synthetic
http://192.168.226.42:8080/dashboard,0,synthetic
http://my.incometax-stone-unlock.men/validate-account/vk1e4x/index.php?email=bamboo@mosaic.com,1,synthetic
http://t.co/azuwy,1,synthetic
https://www.adobeauthenticate.work/signin?id=nb4aoc96vr&session=lot77n40p6v0d75m&token=zvs52q0dffc9,1,synthetic
https://my.coinbase-copper-unlock.live/cigcfl/account/,1,synthetic
https://cloud-garden.co/my,1,synthetic
https://www.gmail.com/login,0,synthetic
https://www.summit.pages.dev/account/settings,0,synthetic
https://www.travel-velvet.org/security/overview,0,synthetic
https://ow.ly/rhiy0pbv,1,synthetic
https://linkedin.wallet-falcon.net/wallet?id=1kfxjp7jog&session=teasy82gw0fjla11&token=2euxxzvaqy2y,1,synthetic
https://api.flipkart.com/news/science-pixel-orbit-falcon-orbit-books-201255,0,synthetic
http://orbitmaple-authenticate.info//recover/signin.html,1,synthetic
https://status.summit-forge.com/user/2259/profile,0,synthetic
https://willow-orbit.net/contact,0,synthetic
https://www.silver-travel.com/products/zenith-8351,0,synthetic
http://netflix-unlock.co/validate,1,synthetic
https://secure.amazonaws.com/,0,synthetic
https://docs.prairie2go.in/user/3264/profile,0,synthetic
https://island-echo.org/password,1,synthetic
https://www.python.org/login,0,synthetic
https://health-maple.monster/jc81zt/signin//banking/billing.jsp,1,synthetic
https://bit.ly/oxxstkt,0,synthetic
http://bit.ly/251lz,1,synthetic
https://learn.river-daily.com/stone?utm_source=newsletter&utm_medium=email&utm_campaign=games&ref=o9k444,0,synthetic
https://accounts.facebook.com,0,synthetic
https://deltacopper.in/wiki/Harbor_Glacier,0,synthetic
https://www.ikea.com/blog/2015/04/movies-stone-oasis,0,synthetic
https://www.pypi.org/blog/2023/10/mosaic-lantern-movies,0,synthetic
https://instagram-unlock.pages.dev/verify?id=91bkb6j906&session=h8hrpnu70l8px69a&token=x872516c3095,1,synthetic
https://www.apache.org/password/reset,0,synthetic
https://learn.velvet.com/harbor/science.html,0,synthetic
http://www.bamboo.com/blog/2018/01/kernel-meadow-falcon,0,synthetic
https://www.breezeyonder.app/pricing,0,synthetic
https://status.coffeesummit.co.uk/account/settings,0,synthetic
http://anchor.com/account/settings,0,synthetic
https://blog.whisper-cloud.com/signup,0,synthetic
https://accounts.docusign.net/login,0,synthetic
https://fedex-north-wallet.live/,1,synthetic
https://www.daily.fr/products/market-6763,0,synthetic
http://chase.signin-travel.icu/unlock-validate/l2dyut/index.asp?email=movies@kernel.com,1,synthetic
http://in5tagram-support.top/billing.php,1,synthetic
http://login.secure-sbi-login.loan/wallet?id=yqe4zv3a42&session=qgladmix6yym4blf&token=074bej103h4n,1,synthetic
https://www.iitb.ac.in/search?q=nimbus+photo,0,synthetic
https://account.account.beacon.coinbase.daily-lantern.info/secure/9rj26p9f,1,synthetic
http://maple24.co.uk/category/coffee?page=17,0,synthetic
https://m.incometax.gov.in/support/north,0,synthetic
https://embermovies.com/news/design-anchor-silver-tech-silver-bright-905579,0,synthetic
https://careers.cloudflare.com/category/bright?page=28,0,synthetic
https://dropboxlogin.mov/dropbox/confirm.aspx,1,synthetic
https://news.bbc.com/products/learn-4371,0,synthetic
https://rb.gy/rq5jxh4,0,synthetic
https://f4cebook-support.ml/billing-secure/p2nlyc/index.jsp?email=stone@design.com,1,synthetic
http://wm92icfs7jkm4lx.buzz/wp-content/silver/authenticate/index.jsp/password/authenticate.asp,1,synthetic
https://books-falcon.club/wp-content/zenith/authenticate/index.asp/validate/confirm.aspx,1,synthetic
https://pixel.www.haven.update.account.learn524.support/north/verify/wallet.asp?cmd=_verify&dispatch=oxjq0m1dqlubqaepu96f6spl,1,synthetic
https://lotus.com/account/login?next=/velvet,0,synthetic
http://secure-linkedin-update.link/wallet.html,1,synthetic
https://lantern397.site/incometax/signin.aspx?id=2mgnzl7zp,1,synthetic
https://www.quill-velvet.net/category/beacon?page=7,0,synthetic
https://account.www.login.update.learn-umbra.co/science/billing.asp,1,synthetic
https://breeze-music.net/portal,1,synthetic
http://dropbox.update.account.login.verify.markettravel-password.win/photo/password.jsp,1,synthetic
https://www.goodreads.com/island?utm_source=newsletter&utm_medium=email&utm_campaign=orbit&ref=izumk3,0,synthetic
https://tech-pixel.co/portal,1,synthetic
https://community.glacier.com/blog/2023/12/bamboo-science-pixel,0,synthetic
https://lotus.com/watch?v=mr40ein55p9,0,synthetic
http://netflix.validate-nimbus.buzz/authenticate/3ifehluy,1,synthetic
https://www.beacon-ember.org/docs/tech/delta/summit,0,synthetic
https://eu.app.falcon.edu/account/settings,0,synthetic
https://www.yonder-data.co.uk/dp/B0FE08A1HY,0,synthetic
https://learn.breeze.com/help/articles/53053,0,synthetic
https://fitness-campus.co/portal,1,synthetic
http://www.orbit-studio.com/about,0,synthetic
https://shop.oasisglacier.com/account/settings,0,synthetic
https://nimbus24.com/account/login?next=/movies,0,synthetic
https://paypal.com@prairieumbra-verify.info/confirm.asp,1,synthetic
https://us.api.meadowmarket.top/docs/quill/canyon/games,0,synthetic
https://careers.falcon.app/search?q=daily+island,0,synthetic
https://careers.flipkart.com/oasis/velvet.html,0,synthetic
https://community.forge-learn.co.uk/contact,0,synthetic
http://news-tech.download/confirm/billing/billing.jsp,1,synthetic
https://mit.edu/account/settings,0,synthetic
https://www.zomato.com/news/science-haven-harbor-quartz-health-island-881675,0,synthetic
https://campusyonder.com/news/yonder-umbra-kernel-bamboo-travel-silver-740479,0,synthetic
https://northmeadow-secure.cfd/apple/authenticate.aspx/validate/signin.jsp,1,synthetic
http://update.canyon.account.www.games-games.bid/lumen/wallet/unlock.php?cmd=_wallet&dispatch=g3dcxksuzabgk4h4kc8sbk2c,1,synthetic
https://bankofamericaverify.cyou/validate/rup03ml0,1,synthetic
http://p4ytm.icu/signin?id=i1ak2plizi&session=2i73biltab5vfeal&token=pqa0w039wyrw,1,synthetic
http://news.recipes365.com/,0,synthetic
http://wired.com/account/orders,0,synthetic
https://www.wallet.update.update.login.wallet.maple-canyon.rest/billing/078v3n8o,1,synthetic
http://whatsapp.confirm-data.ml/lxxk67/validate/,1,synthetic
https://theguardian.com/en/lotus/umbra,0,synthetic
https://scienceharbor-billing.rest/secure?id=avirehsv8l&session=2b8kc09c7znz1kho&token=goc3e0wkewzb/validate/validate.asp,1,synthetic
http://bright-zenith.com/category/travel?page=3,0,synthetic
https://travel-maple.com/access,1,synthetic
https://wikipedia.org/login,0,synthetic
https://careers.code-mosaic.com/dp/B00VYJKX8L,0,synthetic
http://instagram.confirm-learn.org/update?id=g9ksoixyva&session=s9s0sxx0anmzwrup&token=hv4tpt34x0sp,1,synthetic
https://beacon-cotton.net/access,1,synthetic
https://www.market-north.org/store/copper?id=9536&sort=price&order=asc&color=beacon&size=1&page=9,0,synthetic
https://blog.techcrunch.com/watch?v=9vrnj5hzmdm,0,synthetic
https://paypal-confirm.pages.dev/tech/signin.html,1,synthetic
https://xn--rubfvcb-gpx.monster/secure,1,synthetic
https://bamboo-design.com/linkedin/login.asp?ref=prtexqah2,1,synthetic
https://www.zenithdelta.com/docs/glacier/ember/code,0,synthetic
http://144.34.110.91:8000/signin.asp,1,synthetic
https://wired.com/account/settings,0,synthetic
https://account-dhl.cfd/dhl/verify/update.html?cmd=_verify&dispatch=8tgcltb4ulzbz0xrnhgoa0p2,1,synthetic
http://secure-icicibank-wallet.cyou/recover/nnqx6fso,1,synthetic
http://willow-nimbus.club/password.php/billing/recover.php,1,synthetic
http://www.bankofamerica.com/login,0,synthetic
https://dropbox.billing-forge.live/unlock?id=4zftqsbdv3&session=59tofvkk5fha3t1w&token=vczxpalab18z,1,synthetic
https://chase.account-silver.icu/chase/recover/authenticate.php?cmd=_recover&dispatch=agb2or99ptanc1a24e83l5dm,1,synthetic
https://mail.docker.com/signup,0,synthetic
https://www.music.io/bright/travel.html,0,synthetic
https://eu.docs.data-movies.ac.in/secure/checkout,0,synthetic
http://23.159.58.84/docusign/update.html,1,synthetic
http://apple.wallet-raven.gq/91oe6w/password/,1,synthetic
https://www.weeklytravel.com/security/overview,0,synthetic
https://mail.lumen-stone.edu/,0,synthetic
https://careers.travelanchor.com/store/maple?id=1297&sort=price&order=asc&color=beacon&size=7&page=9,0,synthetic
https://tundragames.io/password/reset,0,synthetic
https://www.etsy.com/data?utm_source=newsletter&utm_medium=email&utm_campaign=oasis&ref=cfmoor,0,synthetic
https://island364.info/validate/signin.html,1,synthetic
http://facebook.authenticate-fitness.date/,1,synthetic
http://whatsapp.confirm-market.com/verify?id=nh5jmi97ko&session=l3utfn74dxussbvt&token=5uwmlshm0c4c,1,synthetic
https://www.studioumbra.com/north/forge.html,0,synthetic
http://139.84.38.76/google/confirm.jsp,1,synthetic
https://wikipedia.org/watch?v=jnk9xb5g1fj,0,synthetic
https://www.paytmaccount.live/signin.asp,1,synthetic
https://status.theguardian.com,0,synthetic
https://help.whatsapp.com,0,synthetic
http://gamespixel-authenticate.site/ebay/unlock.php?id=asqtexmyh,1,synthetic
https://goodreads.com/,0,synthetic
http://132.104.175.70,1,synthetic
https://secure.dropbox.com/products/oasis-7130,0,synthetic
https://prairie-quill.edu/about,0,synthetic
http://facebook.recover-travel.link/wp-content/pixel/unlock/index.aspx,1,synthetic
https://breeze-cotton.cf/authenticate.aspx/wallet/update.jsp,1,synthetic
https://www.docker.com/contact,0,synthetic
https://16fxa4915zn7ghs9.com/whatsapp/login.aspx?id=yhlpfacjs,1,synthetic
https://fitness-password.glitch.me/8x8rne/password/,1,synthetic
http://136.193.111.171/wp-content/prairie/update/index.aspx,1,synthetic
https://bankofamerica-wallet.wixsite.com/delta/verify.php,1,synthetic
https://www.sbi.bank.in/support/falcon,0,synthetic
https://secure.wellsfargo.com/login,0,synthetic
https://chase.unlock-umbra.net/unlock,1,synthetic
https://binance-confirm.web.app/update?id=japl80vh8h&session=7cwl7ncvma15oa8o&token=do97sbg143zj,1,synthetic
https://flipkart.com/signin,0,synthetic
https://echo-silver.org/confirm.aspx/confirm/billing.php,1,synthetic
https://password-incometax.buzz/authenticate.html,1,synthetic
http://paytm.login-studio.store/ybjzks/wallet/,1,synthetic
http://rebrand.ly/mf0uke2,1,synthetic
https://oasis-maple.co/portal,1,synthetic
https://ebay.update-science.org/password,1,synthetic
https://anchor-photo.edu/account/settings,0,synthetic
http://willowbamboo.com/verify-email/success,0,synthetic
http://www.facebook-wallet.rest/account-validate/3jrn4f/index.asp?email=maple@design.com,1,synthetic
https://linkedin-confirm.herokuapp.com/confirm/j7y915hq,1,synthetic
https://rb.gy/yw1uipr,0,synthetic
https://daily.com/copper/harbor.html,0,synthetic
https://recover-sbi.me/sbi/update.html,1,synthetic
https://irctc.co.in/support/summit,0,synthetic
https://mail.weekly.com/pricing,0,synthetic
http://www.delta-bright.com/about,0,synthetic
https://ebay.verify-cotton.org/confirm.asp,1,synthetic
https://www.stanford.edu/weekly?utm_source=newsletter&utm_medium=email&utm_campaign=orbit&ref=1cbfno,0,synthetic
https://saffron-validate.weebly.com/falcon/password.html,1,synthetic
https://login.hdfcbank.signin.ember.signin.campus490.ga/validate?id=j4xmonv0x2&session=mjtybhj68qvlyoo6&token=q5l14d4l3a85,1,synthetic
http://bankofamericaauthenticate.link/bankofamerica/recover.aspx,1,synthetic
https://icicibank.update-yonder.download/icicibank/banking/verify.asp?cmd=_banking&dispatch=s2n6iq9rnw7c5jof5waqcgj7,1,synthetic
https://linkedin-north-wallet.work/wp-content/yonder/validate/index.asp,1,synthetic
http://amazon.co.uk@music-science.club/amazon/validate.php,1,synthetic
http://icicibank.password-code.cfd/password?id=lj1dqlg4jx&session=rcgq91gj2gpbvm0i&token=1e25foun7dyw,1,synthetic
http://10.177.137.199/,1,synthetic
https://www.rivermovies.co.uk,0,synthetic
https://archlinux.org/campus?utm_source=newsletter&utm_medium=email&utm_campaign=orbit&ref=62d3i6,0,synthetic
https://www.medium.com,0,synthetic
https://ember-authenticate.herokuapp.com/account.html,1,synthetic
https://community.whisper-ember.com/verify-email/success,0,synthetic
https://twitch.tv/search?q=umbra+zenith,0,synthetic
http://hdfcbank.verify-summit.support/hdfcbank/confirm/unlock.asp?cmd=_confirm&dispatch=5jp73t6s6o06aikvcgnx39fn,1,synthetic
https://status.ubuntu.com/account/orders,0,synthetic
https://cutt.ly/9d43r,1,synthetic
https://amazon.confirm-whisper.review/update,1,synthetic
https://status.python.org/store/lumen?id=7422&sort=price&order=asc&color=daily&size=5&page=7,0,synthetic
https://www.googleconfirm.download/signin,1,synthetic
http://raven382.cfd/authenticate?id=w4af3k46wn&session=73qv5n1rhqi8zsah&token=9fbfkbdlfb20/authenticate/validate.html,1,synthetic
http://data.secure.whatsapp.secure.bamboojasper-billing.site/,1,synthetic
http://eu.api.stackoverflow.com/pricing,0,synthetic
https://www.maple.herokuapp.com/account/login?next=/news,0,synthetic
https://lantern-nimbus.com/recover,1,synthetic
http://icicibank.billing-news.com/confirm?id=n25a924ceu&session=ktlrspfcinjgbnz4&token=qcclvqj5b6ng,1,synthetic
https://stackoverflow.com/news/lumen-copper-orbit-lantern-anchor-market-195841,0,synthetic
http://shorturl.at/yswmp7m3,1,synthetic
https://cdn.garden.net/search?q=anchor+delta,0,synthetic
https://learn-island.com/products/learn-6558,0,synthetic
http://api.maple-haven.edu,0,synthetic
https://pixellantern.com/dp/B0RJN60DLC,0,synthetic
https://secure-docusign.org/9s8vff/secure/,1,synthetic
https://help.whatsapp.com/tech,0,synthetic
https://rb.gy/pe08s3b9,1,synthetic
https://login.wellsfargo-confirm.co/wellsfargo/verify.html,1,synthetic
https://news.deltarecipes.com/user/4069/profile,0,synthetic
https://docs.flipkart.com:3000/verify-email/success,0,synthetic
https://irctc.co.in@prairie-kernel.sbs/wp-content/tundra/password/index.jsp,1,synthetic
http://blog.coffee3d.xyz/account/orders,0,synthetic
https://mail.bankofamerica.com/products/whisper-719,0,synthetic
http://www.microsoft.com/account/manage,0,synthetic
https://status.archlinux.org/password/reset,0,synthetic
http://37.56.98.79/60n1ax/billing/,1,synthetic
http://river-canyon.rest/verify/update/account.php,1,synthetic
https://bbc.com/user/1926/profile,0,synthetic
http://t.co/vmajev,1,synthetic
http://cdn.bbc.com/login,0,synthetic
https://www.cloudflare.com/en/saffron/anchor,0,synthetic
http://www.thehindu.com,0,synthetic
http://hdfcb4nk-online.tk/verify,1,synthetic
https://eu.docs.deltanorth.site/about,0,synthetic
http://ox.ac.uk/signup,0,synthetic
http://secure-facebook-validate.online/wp-content/quartz/update/index.jsp,1,synthetic
https://www.thehindu.com/signin,0,synthetic
https://ember-photo.net/access,1,synthetic
https://wellsfargo-confirm.000webhostapp.com/falcon/account.aspx,1,synthetic
https://www.kernel.org/products/river-2749,0,synthetic
https://indiatimes.com/category/velvet?page=38,0,synthetic
https://metamask.io%40east673.live/metamask/password.asp,1,synthetic
https://www.summithealth.online/watch?v=cugwak04vvg,0,synthetic
https://www.travelsilver.in/pricing,0,synthetic
http://www.anchor-books.net/docs/stone/code/forge,0,synthetic
https://netflix.com@saffron751.top/unlock.php,1,synthetic
http://bankofamer1ca-support.live/update,1,synthetic
https://accounts.metamask.io/signin,0,synthetic
http://amazon.secure-studio.cyou/unlock,1,synthetic
https://www.forge-east.org/contact,0,synthetic
https://lumencotton.co/products/oasis-8588,0,synthetic
https://1rctc.cam/confirm,1,synthetic
https://nike.com/store/bright?id=7799&sort=price&order=asc&color=prairie&size=9&page=3,0,synthetic
http://94.248.44.93/password.html,1,synthetic
https://blog.harborriver.com/user/119/profile,0,synthetic
https://www.facebook-garden-password.accountant/password.aspx,1,synthetic
http://10.0.80.105:8080/status,0,synthetic
https://m.google.com/help,0,synthetic
https://xn--kevvlz-zuv.xyz/validate,1,synthetic
http://adobe.authenticate-health.work/password?id=uj6qzfuzut&session=ohbwfa1x078y2p7i&token=kyvwnngiphwl,1,synthetic
http://shorturl.at/egy292,1,synthetic
https://my.secure-sbi-wallet.science/verify,1,synthetic
https://glhi973q0y7.co/hdfcbank/wallet.html?id=gyfims1he,1,synthetic
http://netflix.com@35je69b1.me/validate/dv1xxorb,1,synthetic
https://eu.api.techlumen.com/docs/school/data/lotus,0,synthetic
https://www.beacon.com/secure/checkout,0,synthetic
http://copper882.online/google/account.aspx?id=oet9a7gdk,1,synthetic
https://docusignunlock.live/docusign/banking.php,1,synthetic
https://gardenstone.in/blog/2016/06/stone-canyon-canyon,0,synthetic
https://bankofamerica-account.gdn/bankofamerica/authenticate/wallet.aspx?cmd=_authenticate&dispatch=y6feyuwa7htd721hx3r9bdt6,1,synthetic
https://paytm.billing-anchor.buzz/wp-content/travel/signin/index.jsp,1,synthetic
https://www.wired.com/docs/lotus/saffron/cedar,0,synthetic
https://www.kernel.org/watch?v=84s57ejls6c,0,synthetic
https://www.flipkart.com/en/market/ember,0,synthetic
https://marketharbor.co/about,0,synthetic
https://m.bankofamerica.com/login,0,synthetic
https://update.secure.login.science.www.paytm.quill-cedar.racing/cedar/verify.aspx,1,synthetic
https://studioember-billing.org/validate/confirm/banking.asp,1,synthetic
http://irctcsecure.cf/wallet.aspx,1,synthetic
https://blog.silverdelta.co/,0,synthetic
https://www.techcrunch.com/docs/studio/tundra/ember,0,synthetic
https://binance-wallet.github.io/wp-content/pixel/secure/index.aspx,1,synthetic
https://app.digitalocean.com/account/login?next=/lumen,0,synthetic
http://data-tech.science/wp-content/lantern/recover/index.jsp/billing/secure.asp,1,synthetic
https://marketnimbus.in/account/settings,0,synthetic
http://app.summit-music.ac.in/signin,0,synthetic
https://movies-breeze.co/unlock,1,synthetic
https://coinbaseconfirm.date/hlqywq/signin/,1,synthetic
http://www.meadow.github.io/docs/bamboo/games/meadow,0,synthetic
https://app.code.com/signup,0,synthetic
http://icicibank.banking-games.mov/,1,synthetic
https://www.lotusmarket.com/category/east?page=4,0,synthetic
https://lumen-science.org/banking/rgcpv7xj/account/banking.asp,1,synthetic
https://www.willow.co/,0,synthetic
https://app.flipkart.com/umbra?utm_source=newsletter&utm_medium=email&utm_campaign=movies&ref=roemig,0,synthetic
https://www.ebayconfirm.com/wp-content/whisper/authenticate/index.jsp,1,synthetic
https://coinbase.account-recipes.cyou/coinbase/update/banking.php?cmd=_update&dispatch=yymndnikg196c3ag6jfvv5qf,1,synthetic
https://canyon619.me/wp-content/oasis/account/index.aspx/password/secure.html,1,synthetic
https://www.wikipedia.org/docs/code/learn/glacier,0,synthetic
https://silver.account.recover.www.www.login.tech918.men/verify.html,1,synthetic
https://breeze-fitness.men//signin/signin.html,1,synthetic
https://cdn.travel-cotton.in/store/mosaic?id=8577&sort=price&order=asc&color=fitness&size=3&page=9,0,synthetic
https://www.unlock-wellsfargo.store/banking/g3l7zoir,1,synthetic
http://metamask.io@music-yonder.bid/metamask/account/billing.php?cmd=_account&dispatch=8pgmaaeyf7olfvkcd5seyyrn,1,synthetic
http://194.170.103.160/validate.jsp,1,synthetic
http://dhl.de@prairie160.co/dhl/verify.php,1,synthetic
http://harbor283.online/binance/authenticate.jsp?sid=vheqhafa9,1,synthetic
https://zenith.www.secure.secure.7ksg2vpni9rcoq.me/account-update/bnom1u/index.aspx?email=prairie@orbit.com,1,synthetic
https://whatsapp.unlock-bamboo.ga/secure,1,synthetic
https://mail.ikea.com/account/settings,0,synthetic
https://incometax.gov.in@a0z7tjvnk6mz.gdn/,1,synthetic
https://echo135.live/bankofamerica/authenticate.asp/update/secure.jsp,1,synthetic
https://www.instagram.com,0,synthetic
https://npmjs.com/news/market-music-haven-mosaic-quartz-north-937986,0,synthetic
https://google.account-beacon.click/recover,1,synthetic
http://xx31v58n4pgt5ro3.site/metamask/recover.html?sid=cmujfybhb,1,synthetic
https://xn--svlkyy-pmt.ga/unlock,1,synthetic
https://recipes-learn.com/access,1,synthetic
https://blog.willow-kernel.com/products/news-6167,0,synthetic
https://accounts.netflix.com/support/lumen,0,synthetic
https://metamask.io@hinyuv1sqg.site/secure,1,synthetic
https://netflix.recover-games.com/netflix/unlock/update.asp?cmd=_unlock&dispatch=4qiyj532nbim1cpg1xc62xwe,1,synthetic
https://bbc.com/products/bright-6574,0,synthetic
https://code-banking.wixsite.com/wp-content/willow/billing/index.php,1,synthetic
http://status.imdb.com/password/reset,0,synthetic
https://velvet-fitness.date/login/password/billing.asp,1,synthetic
http://whatsapp.account-code.party/wp-content/breeze/unlock/index.jsp,1,synthetic
https://shop.photorecipes.dev/search?q=raven+east,0,synthetic
https://binance.banking-movies.mov/binance/recover.asp,1,synthetic
https://datadesign.org/dp/B0FKQD2BTT,0,synthetic
https://www.mozilla.org/pricing,0,synthetic
http://chase.authenticate-health.xyz/chase/signin/confirm.asp?cmd=_signin&dispatch=01b1fkrbvz63ybq4tknaywq0,1,synthetic
https://harbor-billing.netlify.app/banking,1,synthetic
http://www.iitb.ac.in/,0,synthetic
https://dhl.com/help,0,synthetic
https://app.umbraschool.com/summit/lantern.html,0,synthetic
https://dropbox.authenticate-breeze.link/,1,synthetic
http://google.billing-orbit.cyou/account/d4eomfro,1,synthetic
https://cdn.lanternisland.com/password/reset,0,synthetic
https://linkedin-validate.000webhostapp.com/travel/confirm.aspx,1,synthetic
https://learnfitness.xyz/category/orbit?page=33,0,synthetic
https://chase.com%40travel-lantern.live/update/p77k6kl2,1,synthetic
https://zenith-password.glitch.me/16k4oq/confirm/,1,synthetic
https://incometax-authenticate.blogspot.com/verify?id=qbru16q53u&session=1kyhslkj3gay4z2u&token=v7pgfd8gkmr8,1,synthetic
http://192.168.24.120:5000/status,0,synthetic
http://account.metamask.metamask.account.umbrayonder-validate.monster/wp-content/anchor/account/index.aspx,1,synthetic
https://account.update.ebay.update.daily-tech.loan/signin.html,1,synthetic
https://blog.wikipedia.org/,0,synthetic
https://netflix.validate-fitness.tk/update/cr462eio,1,synthetic
https://www.swiggy.com/account/orders,0,synthetic
https://mail.photo.com/en/cotton/recipes,0,synthetic
https://www.nike.com/about,0,synthetic
https://whatsappvalidate.rest/validate,1,synthetic
https://mail.ebay.in/account,0,synthetic
https://accounts.dhl.com/,0,synthetic
https://harbor-billing.web.app/signin/5egyl3rn,1,synthetic
http://paytm.com@whisperjasper-login.racing/wallet.html,1,synthetic
http://google.co.uk@meadow936.club/verify?id=o20nksao6b&session=tn5qfk19a6yuuha7&token=0g3a56nnfpit,1,synthetic
http://app.recipes.net/account/settings,0,synthetic
https://dr0pbox-secure.cyou/authenticate.aspx,1,synthetic
http://dropbox.unlock-cotton.cfd/account-signin/kcx1qj/index.asp?email=quill@movies.com,1,synthetic
https://google.validate-summit.store/google/secure/billing.jsp?cmd=_secure&dispatch=p6xkynxmkw1v8nh2ncaeeot1,1,synthetic
http://account-instagram.net/billing.jsp,1,synthetic
https://canyon-health.online/paytm/signin.aspx?ref=d8cel7pq6,1,synthetic
https://cdn.thehindu.com/account/settings,0,synthetic
http://google.com@books221.online/login?id=5dblhabv9b&session=7kyk10u09csj8wam&token=88xo14e3yunr,1,synthetic
https://m.icloud.com/products/east-9961,0,synthetic
https://community.cedarember.xyz/en/zenith/travel,0,synthetic
https://bankofamerica.com%40glacierscience-validate.net/,1,synthetic
https://google.billing-island.top/google/signin/validate.html?cmd=_signin&dispatch=3xj1hj1qdqc29kb1mpgvd04k,1,synthetic
https://glacier486.store/secure/dgwl44m3/signin/billing.jsp,1,synthetic
https://oasis-travel.tk/hdfcbank/billing.asp?ref=ukr03hndy,1,synthetic
https://docs.thehindu.com/search?q=stone+beacon,0,synthetic
https://ebay.com@travel633.store/verify?id=48f695v6fx&session=9h71ipn37rd63ex4&token=fwzlgadbq5es,1,synthetic
https://facebook.wallet-books.science/recover?id=cw65ttwpgg&session=bjanzz6ra4th9p62&token=2ph74828eegn,1,synthetic
http://104.3.238.191/wp-content/haven/unlock/index.html,1,synthetic
https://app.coffeezenith.app/account/settings,0,synthetic
https://cutt.ly/k2nu9qd,1,synthetic
https://yonderfalcon.edu/user/4711/profile,0,synthetic
https://cedar.com/signin,0,synthetic
https://status.photoquill.com/watch?v=1escfadg1zw,0,synthetic
https://lumen-authenticate.wixsite.com/login/n7os11eg,1,synthetic
https://canyon-silver.com/wallet,1,synthetic
https://www.silverlearn.org/category/jasper?page=6,0,synthetic
https://app.quartz.io/breeze/saffron.html,0,synthetic
https://canyon.com/products/orbit-9090,0,synthetic
http://tinyurl.com/znhsbj38,1,synthetic
https://docs.mit.edu/products/breeze-5822,0,synthetic
http://72.246.160.150/,1,synthetic
https://cotton-east.net/my,1,synthetic
https://github.com/products/north-3329,0,synthetic
https://my.authenticate-bankofamerica.monster/password-password/h2fc6g/index.jsp?email=travel@forge.com,1,synthetic
https://hdfcbank.billing-zenith.info/,1,synthetic
http://paytm.recover-zenith.review/authenticate.aspx,1,synthetic
https://health-design.org/portal,1,synthetic
https://www.delta.co.uk/products/saffron-2183,0,synthetic
https://bit.ly/7rh9z,1,synthetic
http://11.122.80.216/6j8bm5/account/,1,synthetic
https://m.binance.com/signin,0,synthetic
https://hdfcbank.password-island.buzz/secure-signin/1ox2g8/index.jsp?email=travel@daily.com,1,synthetic
https://yonder-movies.co/portal,1,synthetic
https://secure-apple-wallet.bid/,1,synthetic
https://www.maple-news.com/about,0,synthetic
https://password.login.jasper.password.account.lotusharbor-update.me/billing-verify/1tof7u/index.aspx?email=code@books.com,1,synthetic
https://beacon-whisper.co/my,1,synthetic
https://studio878.net/irctc/password.php?id=f7mj81um1,1,synthetic
https://island-data.net/binance/unlock.php?sid=87aokwsk6,1,synthetic
https://mozilla.org/user/7313/profile,0,synthetic
https://staging.docs.school-haven.com/security/overview,0,synthetic
https://us.api.nimbus.de/password/reset,0,synthetic
https://coffee-data.co/portal,1,synthetic
http://login.microsoft-secure.cfd/microsoft/account.jsp,1,synthetic
https://beacon.com/wiki/Breeze_Fitness,0,synthetic
https://www.glacier-ember.co.uk/search?q=anchor+breeze,0,synthetic
https://www.ikea.com/account/settings,0,synthetic
https://www.books2go.com/pricing,0,synthetic
https://blog.tundra-island.org/signin,0,synthetic
https://travelhaven.xyz/verify-email/success,0,synthetic
https://www.ox.ac.uk/wiki/News_Quill,0,synthetic
https://eu.docs.umbra-river.edu/watch?v=ee70kmpllb5,0,synthetic
https://www.flipkart.com/products/campus-2792,0,synthetic
https://bit.ly/tmmg83v,0,synthetic
http://gmail.com@orbit-quartz.gdn/google/confirm.aspx,1,synthetic
https://newsprairie.org/blog/2016/10/willow-north-echo,0,synthetic
http://87.237.226.214/tundra/update.jsp,1,synthetic
http://anchor-prairie.me/dropbox/wallet.asp?sid=xlc2yewj8,1,synthetic
http://186.3.76.234/google/password.html,1,synthetic
http://google.www.login.www.czvkk4kdtp7esf.store/account,1,synthetic
https://my.microsoft-travel-secure.sbs/wp-content/yonder/signin/index.php,1,synthetic
https://iitb.ac.in,0,synthetic
https://www.tundra.net/products/mosaic-5241,0,synthetic
https://canyon.co.uk/docs/kernel/canyon/stone,0,synthetic
https://reddit.com/zenith?utm_source=newsletter&utm_medium=email&utm_campaign=island&ref=msjiun,0,synthetic
https://support.fedex.com/,0,synthetic
https://silver.com/campus/haven.html,0,synthetic
http://10.0.172.53:5000/status,0,synthetic
https://anchor-jasper.co/banking,1,synthetic
http://cutt.ly/amh1s4r,1,synthetic
https://my.wellsfargo-authenticate.zip/wp-content/coffee/banking/index.html,1,synthetic
https://www.cedar24.co.uk/dp/B0EM74MN3C,0,synthetic
https://tiny.cc/ify7o0p,0,synthetic
https://m.chase.com/support/island,0,synthetic
https://cdn.debian.org/help/articles/15934,0,synthetic
http://bankofam3rica-banking.icu/validate,1,synthetic
https://p2armqjsg0j1.site/secure/banking/banking.asp,1,synthetic
http://metamask.wallet-games.me/wp-content/willow/signin/index.php,1,synthetic
https://lotusbamboo.fr/account/orders,0,synthetic
https://design-learn.org/portal,1,synthetic
https://us.app.oasistravel.org/category/stone?page=18,0,synthetic
https://applewallet.faces/login-verify/wiwd0p/index.asp?email=saffron@willow.com,1,synthetic
https://www.netflix.com/support/zenith,0,synthetic
https://www.haven.com/search?q=learn+canyon,0,synthetic
http://97.165.74.148/unlock?id=yfywwpilz1&session=ql1ve31igiz0puau&token=4avg46500ntl,1,synthetic
https://app.fitness.in/account/settings,0,synthetic
https://north-lotus.com/portal,1,synthetic
http://75.176.12.159/bankofamerica/authenticate.asp,1,synthetic
https://www.music-beacon.co.uk/search?q=nimbus+willow,0,synthetic
https://api.lumenwhisper.top/silver/copper.html,0,synthetic
https://microsoft.wallet-falcon.co/microsoft/banking.aspx,1,synthetic
https://www.canyon-tech.de/blog/2017/08/copper-stone-coffee,0,synthetic
https://imdb.com/password/reset,0,synthetic
http://goo.gl/pzjmbv2z,1,synthetic
http://health564.icu/secure.aspx/confirm/banking.aspx,1,synthetic
https://3bay.click/wp-content/falcon/signin/index.php,1,synthetic
https://shop.mosaic-science.net/dp/B0T0G7RI0G,0,synthetic
http://icicib4nk-confirm.buzz/wp-content/river/billing/index.aspx,1,synthetic
https://islandforge-confirm.zip/billing-secure/6ulknv/index.jsp?email=maple@north.com/account/banking.php,1,synthetic
https://www.lantern-umbra.com/category/fitness?page=34,0,synthetic
https://weeklylumen-password.party/confirm/billing/recover.aspx,1,synthetic
https://prairie-verify.blogspot.com/wp-content/data/signin/index.jsp,1,synthetic
https://community.mozilla.org/search?q=pixel+meadow,0,synthetic
https://www.moviesfitness.site/help/articles/63952,0,synthetic
https://bankofamerica.login-tundra.club/unlock.jsp,1,synthetic
http://dhl.confirm-code.cfd/login,1,synthetic
http://coinbase.password-whisper.live,1,synthetic
http://secure.secure.account.www.fitness613.ml/recover?id=1w34zutnwk&session=9gq1peksvpq3qeez&token=c6q38h9kjknr,1,synthetic
https://www.fedex.com/support/zenith,0,synthetic
https://copper.org/about,0,synthetic
https://binance.authenticate-cloud.review/update,1,synthetic
http://api.copper-pixel.com/store/science?id=7140&sort=price&order=asc&color=bamboo&size=6&page=9,0,synthetic
https://jasper-market.com/portal,1,synthetic
https://dhl.verify-studio.icu/dhl/banking.jsp,1,synthetic
https://www.beacon-music.com/store/fitness?id=7249&sort=price&order=asc&color=haven&size=2&page=2,0,synthetic
https://www.goodreads.com/search?q=orbit+quill,0,synthetic
https://saffron.whatsapp.account.secure.www.secure.ember57.co/validate/a08nx645,1,synthetic
https://www.thehindu.com/login,0,synthetic
https://www.paypal.me/security,0,synthetic
http://news.bright.com/user/1537/profile,0,synthetic
https://app.flipkart.com/user/8764/profile,0,synthetic
https://nytimes.com/products/meadow-6051,0,synthetic
http://19.213.213.156/banking?id=g14aohaum5&session=h7c7jbupm35voej7&token=r2qpofxjfz1q,1,synthetic
https://www.dhl.com/products/quill-9476,0,synthetic
https://recipes.com/search?q=island+yonder,0,synthetic
https://www.quartz-umbra.com/en/coffee/garden,0,synthetic
https://coinbase-oasis-secure.me/secure/bcc3eg1f,1,synthetic
https://prairieforge-banking.me/adobe/validate.html?sid=xh8ew6a6q,1,synthetic
http://amazon.login-whisper.info/1389d1/validate/,1,synthetic
http://echobreeze-recover.net/icicibank/authenticate.aspx?id=1xi06xpa2,1,synthetic
https://www.meadowhaven.in/news/news-books-photo-health-learn-coffee-545173,0,synthetic
https://prairie-harbor.com/access,1,synthetic
https://account.update.bankofamerica.login.xz4p8w3xe2fswk.accountant/account/rhdbunbs,1,synthetic
https://games.herokuapp.com/dp/B0GVB37VMG,0,synthetic
https://www.falcon.com/prairie?utm_source=newsletter&utm_medium=email&utm_campaign=science&ref=fe9bct,0,synthetic
https://cloud-recipes.co/billing,1,synthetic
https://www.ox.ac.uk/login,0,synthetic
https://www.docusign.net/signin,0,synthetic
https://dropbox.account.www.billing.studio.account.techdesign-signin.co/update.html,1,synthetic
https://learn.github.com/,0,synthetic
https://community.imdb.com/products/books-1147,0,synthetic
https://netflix.password-raven.me/confirm.aspx,1,synthetic
https://www.books.xyz,0,synthetic
http://amazon.account-echo.science/amazon/validate.html,1,synthetic
https://www.canyonlotus.com/search?q=campus+news,0,synthetic
https://www.canyon.xyz/docs/harbor/haven/quartz,0,synthetic
http://reddit.com/store/daily?id=9307&sort=price&order=asc&color=bright&size=1&page=4,0,synthetic
https://dhl.de/support/glacier,0,synthetic
http://pixel-summit.sbs/password/update/billing.aspx,1,synthetic
https://shop.docker.com/pricing,0,synthetic
https://www.medium.com/user/7579/profile,0,synthetic
https://www.canyon.com/about,0,synthetic
https://bankofamerica.password-bright.zip/recover,1,synthetic
https://community.nih.gov/account/settings,0,synthetic
http://238.186.98.210/confirm/5xyw28oo,1,synthetic
http://xruxrfl7.org/secure/verify/unlock.aspx,1,synthetic
https://careers.wired.com/store/news?id=4964&sort=price&order=asc&color=silver&size=10&page=1,0,synthetic
http://128.244.10.124/travel/recover.jsp,1,synthetic
https://icicibanksignin.party/billing?id=t0q08po5hm&session=ge0gpv99f10w8f6s&token=3c5ed7xuwqd3,1,synthetic
http://whatsapp.banking-cotton.live/account,1,synthetic
https://xn--tljpncn-ryb.faces/unlock,1,synthetic
http://incometax.gov.in@prairietravel-validate.top/incometax/account/confirm.jsp?cmd=_account&dispatch=suobua195x7ujw5krjx640qb,1,synthetic
https://orbit-secure.web.app/login,1,synthetic
https://eu.api.zomato.com/login,0,synthetic
https://secure.adobe.com/security,0,synthetic
https://cutt.ly/gs0fhjw,0,synthetic
http://my.icicibankbanking.tk/,1,synthetic
https://login.paypal.com/support/books,0,synthetic
http://login.verify.update.www.bamboo378.club/validate.aspx,1,synthetic
http://east-cotton.rest//validate/authenticate.php,1,synthetic
https://bbc.com/account/settings,0,synthetic
https://cloud-coffee.ml/confirm/authenticate/unlock.php,1,synthetic
https://learn.iitb.ac.in/help/articles/37318,0,synthetic
https://adobe.update-learn.cf/secure/d0lkr9ep,1,synthetic
https://mail.fitnesslantern.com/en/news/garden,0,synthetic
https://help.ebay.co.uk/products/science-8715,0,synthetic
https://www.anchorcoffee.com/search?q=weekly+oasis,0,synthetic
https://www.techcrunch.com/en/canyon/lantern,0,synthetic
http://link3din-online.monster/recover.html,1,synthetic
http://harbor.com/pricing,0,synthetic
https://www.data.com/pricing,0,synthetic
https://www.ikea.com,0,synthetic
http://www.prairie-breeze.com/news/tech-bamboo-bright-recipes-beacon-daily-590118,0,synthetic
https://www.pixel365.io/silver?utm_source=newsletter&utm_medium=email&utm_campaign=code&ref=1ooqhs,0,synthetic
https://www.cloud.com/pricing,0,synthetic
https://www.www.account.netflix.0lhgp5x1s682lcy5.review/,1,synthetic
https://shop.jasper.com/,0,synthetic
https://science-haven.co/login,1,synthetic
http://velvet767.org/confirm/billing/recover.html,1,synthetic
https://games-quill.co/portal,1,synthetic
https://reddit.com/help/articles/35413,0,synthetic
http://linked1n-online.ml/unlock/2ngb6dl5,1,synthetic
https://fedex-billing.icu/fedex/update.jsp,1,synthetic
https://lotus410.men/secure/5an71s2o/account/billing.html,1,synthetic
https://delta-secure.glitch.me/confirm/vxva1k5h,1,synthetic
https://delta.io/blog/2026/01/jasper-lantern-bright,0,synthetic
https://science-authenticate.herokuapp.com/harbor/update.asp,1,synthetic
http://summit.co.uk/signin,0,synthetic
https://icicibank.com/login,0,synthetic
http://www.lumengarden.co.uk/wiki/Lotus_Music,0,synthetic
http://harborsilver-signin.party/docusign/wallet.jsp?ref=m5ygox57l,1,synthetic
https://www.canyon-tundra.net/signup,0,synthetic
https://imdb.com/,0,synthetic
http://hdfcb4nk-support.icu/billing-update/5nyhdx/index.php?email=daily@saffron.com,1,synthetic
https://www.coffee-saffron.net/help/articles/6861,0,synthetic
https://www.ravencopper.net/en/travel/tundra,0,synthetic
https://prairie.com/news/mosaic-code-glacier-campus-movies-quill-127085,0,synthetic
https://m3tamask.cf/update.php,1,synthetic
https://coinbase-password.herokuapp.com/wbtm5q/confirm/,1,synthetic
https://learn.thehindu.com/user/6141/profile,0,synthetic
https://learn.beacon365.in/pricing,0,synthetic
http://whatsapp.net@summit904.science/validate.aspx,1,synthetic
https://npmjs.com/category/island?page=24,0,synthetic
https://status.gardendelta.org/recipes/copper.html,0,synthetic
https://www.velvettravel.com/account/orders,0,synthetic
https://developer.gmail.com/signin,0,synthetic
https://developer.chase.com/account,0,synthetic
https://shop.mosaic.app/category/code?page=31,0,synthetic
https://www.anchor.com/,0,synthetic
http://217.180.51.161/recover,1,synthetic
https://www.pixelnews.com/pricing,0,synthetic
https://willow-signin.blogspot.com/recover-secure/xu0h3k/index.php?email=science@harbor.com,1,synthetic
https://login.paypalwallet.xyz/account,1,synthetic
https://tundra24.edu/store/meadow?id=743&sort=price&order=asc&color=photo&size=6&page=2,0,synthetic
https://secure-binance-password.work/login,1,synthetic
https://wellsfargo.validate-river.gdn/v220az/password/,1,synthetic
https://meadow-lumen.co/my,1,synthetic
https://www.docusign-signin.men/docusign/verify.php,1,synthetic
http://kernel-photo.com/products/campus-3203,0,synthetic
http://t.co/netq98,1,synthetic
https://careers.zomato.com/wiki/Campus_Weekly,0,synthetic
https://shorturl.at/acra8vml,1,synthetic
http://digitalocean.com/category/maple?page=7,0,synthetic
https://blog.dailylantern.site/password/reset,0,synthetic
https://cutt.ly/ppj0i22,0,synthetic
https://haven-saffron.net/access,1,synthetic
https://status.canyon.io/dp/B09N2OURNZ,0,synthetic
https://www.nimbussummit.com/account/login?next=/cotton,0,synthetic
http://secure-docusign-password.cam/docusign/recover.jsp,1,synthetic
https://amazonaws.com@zenith906.live/verify.jsp,1,synthetic
https://github.com/dp/B0N0YU2KLT,0,synthetic
https://xn--cncoezoo-khv.date/password,1,synthetic
https://haven-silver.com/products/maple-4560,0,synthetic
https://rvq8fe9h4.club/authenticate.asp/update/unlock.jsp,1,synthetic
https://bamboo.com/blog/2025/08/jasper-news-east,0,synthetic
https://riverisland.com,0,synthetic
http://10.0.88.113:3000/dashboard,0,synthetic
https://www.harborphoto.io/signin,0,synthetic
http://fitness264.store/login/i6k0vucp/unlock/signin.jsp,1,synthetic
https://www.jaspermarket.ca/search?q=lumen+garden,0,synthetic
https://metamask-authenticate.herokuapp.com,1,synthetic
http://fedexbanking.men/fedex/validate/secure.php?cmd=_validate&dispatch=j7ricl3tpc7ffjiclevgi6wf,1,synthetic
https://umbrayonder-secure.me/unlock/ms3g2iar/login/recover.jsp,1,synthetic
https://anchor765.zip/wp-content/cedar/unlock/index.aspx/secure/verify.php,1,synthetic
https://bbc.com/user/346/profile,0,synthetic
https://yonderanchor.online/about,0,synthetic
https://mosaic.amazon.www.account.vy7rh2j5.win/secure.aspx,1,synthetic
https://summit-news.com/my,1,synthetic
https://xn--kcznglppe-aqs.rest/verify,1,synthetic
https://mail.netflix.com,0,synthetic
https://facebook.password-jasper.online/confirm,1,synthetic
https://netflix-banking.weebly.com/account-signin/ld36mr/index.php?email=lotus@cloud.com,1,synthetic
https://staging.docs.zomato.com/security/overview,0,synthetic
https://zrxrshglv.click/microsoft/verify.jsp/authenticate/signin.php,1,synthetic
https://www.travel.com/docs/orbit/saffron/data,0,synthetic
https://www.goodreads.com/account/orders,0,synthetic
http://binance-east-billing.cam/validate?id=3v94dfvsji&session=5cxx43kcduo097d9&token=1roup8lcg845,1,synthetic
http://4ybeucbt.party/unlock?id=o7xl70fqhn&session=i4btpg29mcminghd&token=n6489flxyuym/update/wallet.aspx,1,synthetic
https://account.music.login.www.login.northriver-unlock.loan/wp-content/copper/account/index.asp,1,synthetic
https://haven-travel.org/my,1,synthetic
https://north-unlock.herokuapp.com/login?id=9dya1dvd0s&session=bwgf8ol9rbgsrc3b&token=rm7muog3mjs1,1,synthetic
https://www.prairiemeadow.com/login,0,synthetic
https://tech-anchor.net/update,1,synthetic
http://kubernetes.io:8080/search?q=movies+yonder,0,synthetic
http://s.id/jmf6i,1,synthetic
https://iitb.ac.in/password/reset,0,synthetic
https://eu.docs.kernel.org/password/reset,0,synthetic
https://www.weekly.org/search?q=school+learn,0,synthetic
https://falcon-summit.com/category/photo?page=40,0,synthetic
http://recipes-recipes.org/validate?id=jl4nd4pp2c&session=4ns9u04v8tad4qo2&token=w2j5d6xxmeyz/unlock/recover.asp,1,synthetic
http://goo.gl/ijqi6jms,1,synthetic
https://shop.meadow-quartz.com/wiki/Zenith_Lantern,0,synthetic
http://www.bbc.co.uk/search?q=whisper+mosaic,0,synthetic
https://news-password.web.app/secure.html,1,synthetic
http://secure-ebay-login.me/recover-verify/w3m11t/index.php?email=recipes@code.com,1,synthetic
https://www.movies.com/news/lantern-cedar-news-yonder-kernel-quartz-776555,0,synthetic
https://xn--mtumgn-jfo.club/login,1,synthetic
https://my.amazon-signin.accountant/amazon/validate/unlock.html?cmd=_validate&dispatch=5xkhwk5jpehroseyyo8k032x,1,synthetic
https://www.nike.com/contact,0,synthetic
https://island-bamboo.co/access,1,synthetic
https://news.etsy.com/about,0,synthetic
https://pypi.org/docs/east/silver/tundra,0,synthetic
http://www.ubuntu.com/account/login?next=/travel,0,synthetic
http://apple.confirm-anchor.cyou/update,1,synthetic
https://shop.ubuntu.com/security/overview,0,synthetic
https://stackoverflow.com/news/coffee-yonder-silver-island-yonder-travel-855664,0,synthetic
https://amazon.recover-falcon.click/wp-content/harbor/wallet/index.aspx,1,synthetic
https://status.meadowharbor.com/security/overview,0,synthetic
http://incometax-anchor-authenticate.rest/recover,1,synthetic
http://39.228.48.44:8000/validate.html,1,synthetic
https://icicibank.update-haven.racing/signin/k9hnq36u,1,synthetic
https://www.debian.org/search?q=science+coffee,0,synthetic
http://s.id/uu5t9x,1,synthetic
https://cdn.digitalocean.com/silver?utm_source=newsletter&utm_medium=email&utm_campaign=fitness&ref=p2tgje,0,synthetic
http://www.chase-prairie-billing.date,1,synthetic
https://ebay.com@o78ndbrv6.site/,1,synthetic
https://googleverify.cf/signin.aspx,1,synthetic
https://1a7sy2tc4is7.club/facebook/secure.php?sid=g644g5b8q,1,synthetic
https://status.ubuntu.com/account/login?next=/tundra,0,synthetic
http://nimbus-lumen.online/account/bjoidabg/secure/account.aspx,1,synthetic
https://facebook.unlock-code.faces/facebook/password/secure.asp?cmd=_password&dispatch=aqg2qq31vlitzz7vh0le4xe3,1,synthetic
https://account.secure.update.account.ebay.update.ymqmdj1kbs.loan/confirm,1,synthetic
http://211.85.138.133/wp-content/ember/password/index.jsp,1,synthetic
https://update.kernel.secure.unlock.unlock.www.6uhpr8k5mritq0.loan/unlock?id=nrs47cs8ea&session=dw1wtyo0qf00sxxr&token=o05hd54ah42d,1,synthetic
http://amazon.co.uk@l6qbgkwidcqplce8.download/unlock?id=js4z0136nb&session=mg5krdn4wfn508q7&token=htgy5g9sueja,1,synthetic
http://harbor-prairie.bid/wallet/f0ufzzk4/verify/signin.asp,1,synthetic
http://adob3-support.tk/banking.jsp,1,synthetic
http://wel1sfargo.faces/validate/idt34bct,1,synthetic
https://irctc-confirm.cf/ct2zsc/verify/,1,synthetic
https://daily-music.co/access,1,synthetic
https://www.garden-news.com/password/reset,0,synthetic
https://news.python.org/products/studio-5216,0,synthetic
https://glacier-summit.co/access,1,synthetic
https://www.etsy.com/products/east-1340,0,synthetic
https://www.kubernetes.io/search?q=stone+travel,0,synthetic
https://xn--gqywyk-vbs.review/secure,1,synthetic
https://docusign.com@codefitness-wallet.gdn/docusign/signin.html,1,synthetic
https://fw1fmbiok4znfzs5.live/wellsfargo/secure/recover.jsp?cmd=_secure&dispatch=2z73yx0s5g8f4worc1g2whf5/update/password.html,1,synthetic
https://fedex-secure.web.app/password.php,1,synthetic
https://developer.netflix.com/,0,synthetic
https://www.kernel-photo.de/products/prairie-7201,0,synthetic
https://xn--fmexbuu-unz.co/validate,1,synthetic
https://www.npmjs.com/about,0,synthetic
https://pdcnc0no9yg1djjj.zip/banking-authenticate/jf49l3/index.aspx?email=meadow@harbor.com/unlock/update.php,1,synthetic
https://prairiemeadow-recover.ga/wp-content/river/account/index.asp/signin/banking.php,1,synthetic
http://banking-hdfcbank.men/banking-update/sjk8pk/index.asp?email=campus@delta.com,1,synthetic
https://www.bbc.com/,0,synthetic
https://validate-paytm.zip/paytm/authenticate.jsp,1,synthetic
https://bright.net/help/articles/22587,0,synthetic
https://dhl.de%40oasis-jasper.org/login/s3q66oah,1,synthetic
https://indiatimes.com/about,0,synthetic
https://www.iitb.ac.in/search?q=lumen+copper,0,synthetic
https://www.stackoverflow.com/signup,0,synthetic
https://blog.mozilla.org/search?q=silver+ember,0,synthetic
https://help.paypal.me,0,synthetic
https://account.binance.login.secure.harbor.ra1pugyb6tfqx.cam/billing.jsp,1,synthetic
https://www.lumenanchor.org/search?q=travel+quill,0,synthetic
https://www.codephoto.com/security/overview,0,synthetic
https://1l2fjep4gtx.faces/wallet?id=mjl36usezz&session=ekev0gc9vgf210rz&token=4hf0escdtuy6/unlock/verify.asp,1,synthetic
https://www.mozilla.org/wiki/East_Cotton,0,synthetic
https://ch4se-password.zip/banking.aspx,1,synthetic
https://nasa.gov:8443/watch?v=tr1yw3qn3t7,0,synthetic
https://www.falcon.com/help/articles/69452,0,synthetic
https://instagram-signin.date/login?id=gj5650pp65&session=c6emlld6jldts7sp&token=uh569g0qw4hc,1,synthetic
https://www.icloud.com,0,synthetic
http://support.netflix.com/account/manage,0,synthetic
http://island-travel.com/account/settings,0,synthetic
http://wired.com/category/north?page=6,0,synthetic
http://jasperlotus.com/cloud?utm_source=newsletter&utm_medium=email&utm_campaign=lantern&ref=i53rss,0,synthetic
https://studio-books.co/portal,1,synthetic
https://campus.com/pricing,0,synthetic
https://river.com/search?q=quill+lumen,0,synthetic
http://177.84.226.196/verify?id=d4zd4bayc9&session=13tqouorx5e0hx1n&token=pyb0fbfpknel,1,synthetic
https://help.linkedin.com/account/manage,0,synthetic
https://tech.netlify.app/dp/B0P764ITYG,0,synthetic
https://www.velvet.com/docs/learn/jasper/campus,0,synthetic
https://weekly.edu/,0,synthetic
https://www.campusphoto.com/wiki/Zenith_Silver,0,synthetic
https://lantern-orbit.info/netflix/wallet/verify.php?cmd=_wallet&dispatch=3xl49zj78s46hv7z9wqjf5k0/billing/authenticate.php,1,synthetic
http://maplewhisper-banking.faces/authenticate/unlock/secure.html,1,synthetic
https://travelcoffee.gov/login,0,synthetic
https://www.docker.com/secure/checkout,0,synthetic
https://bl.ink/zhrsbkn,0,synthetic
https://cloud-pixel.co/portal,1,synthetic
https://mail.dropbox.com/login,0,synthetic
https://wellsfargo.update-jasper.date/,1,synthetic
https://www.kernel.org/en/mosaic/silver,0,synthetic
https://linkedin-billing.pages.dev/recover/4qpwcqst,1,synthetic
https://ember-nimbus.net/secure,1,synthetic
https://healthraven-verify.cyou/ebay/confirm.jsp?sid=667zzpg7n,1,synthetic
http://shop.deltatravel.io/about,0,synthetic
http://bankofamerica.login-cloud.buzz/authenticate/7mwjtgvd,1,synthetic
https://sb1-account.download/login/2orttyns,1,synthetic
https://binance.account-lantern.science/password,1,synthetic
https://jasper-validate.web.app/verify?id=vhux13pm2y&session=ed3i23950v5pjs0b&token=x4cwbifgivax,1,synthetic
http://109.239.240.194/tundra/validate/verify.html?cmd=_validate&dispatch=kes1c449e9snox29q20wavt5,1,synthetic
https://api.cedar.com/wiki/Island_Garden,0,synthetic
https://binance-confirm.blogspot.com/wallet?id=j0pand56o5&session=e0qjrzgjw58hkmmh&token=0bmd8lxzpffs,1,synthetic
http://hdfcbank.secure-pixel.me/wallet,1,synthetic
http://docusign.com%40glacier-books.party/password,1,synthetic
https://copper-games.co.uk,0,synthetic
https://www.paypal.com/signin,0,synthetic
https://www.stone.netlify.app/search?q=games+stone,0,synthetic
https://tiny.cc/rk9rk7uf,1,synthetic
http://www.stanford.edu/,0,synthetic
http://www.quill.gov/echo/kernel.html,0,synthetic
https://careers.travelsaffron.xyz/wiki/Travel_Willow,0,synthetic
https://googl3-online.work/google/signin.jsp,1,synthetic
https://1cicibank-online.co/wp-content/weekly/recover/index.html,1,synthetic
https://island-tech.net/portal,1,synthetic
http://69.76.17.197/verify-wallet/4oaned/index.asp?email=lotus@learn.com,1,synthetic
https://chase-recover.000webhostapp.com/ember/unlock.php,1,synthetic
https://fedex.secure-delta.cf/account.php,1,synthetic
https://help.icicibank.com/products/quill-2847,0,synthetic
https://eb4y-unlock.sbs/38az0k/account/,1,synthetic
https://www.nasa.gov/blog/2025/05/books-recipes-east,0,synthetic
http://code-cloud.store/binance/secure.php?ref=1dts5qihr,1,synthetic
https://news.lantern.com/user/7226/profile,0,synthetic
https://www.island24.com/search?q=anchor+whisper,0,synthetic
https://studio-anchor.com/recover,1,synthetic
https://news.river.net/pricing,0,synthetic
https://www.mapleprairie.com/search?q=tundra+music,0,synthetic
http://ow.ly/iih1accd,1,synthetic
https://www.bbc.co.uk/account/login?next=/learn,0,synthetic
https://banking.secure.account.login.gamesriver-wallet.net/verify/neysm38d,1,synthetic
https://eb4y-secure.store/validate-wallet/4c1yxw/index.php?email=yonder@quill.com,1,synthetic
http://appl3-online.com/wallet/wddq40j0,1,synthetic
https://pixel-umbra.com/recover?id=kkf9tmkna4&session=r63swmrahd3sdjx5&token=mx3k8dtz02s0/recover/signin.jsp,1,synthetic
https://www.zenith-fitness.com/docs/tundra/market/oasis,0,synthetic
https://docs.jaspertravel.top/help/articles/24740,0,synthetic
https://code-echo.net/access,1,synthetic
http://www.bamboo.org/about,0,synthetic
https://fedex.secure-forge.link/account,1,synthetic
https://www.prairie-mosaic.app/account/orders,0,synthetic
http://wellsfargo.authenticate-pixel.info/secure.php,1,synthetic
http://ember-kernel.co/facebook/account.aspx?ref=0udrkngx0,1,synthetic
http://149.83.252.253/unlock.aspx,1,synthetic
http://update.account.glacier.kjlxnv1r0.store/login,1,synthetic
https://www.news.netlify.app/help/articles/96591,0,synthetic
https://chase.com%40market-stone.click/verify.asp,1,synthetic
http://secure-instagram-validate.zip/password-signin/bpd2wa/index.asp?email=data@learn.com,1,synthetic
https://xn--albvjxjxf-vrd.icu/verify,1,synthetic
https://update.sbi.sbi.canyon.account.wm8mzesrh4.ga/wallet.php,1,synthetic
https://blog.reddit.com/jasper/island.html,0,synthetic
https://docs.velvet.com/help/articles/43961,0,synthetic
http://www.yonder.herokuapp.com/store/summit?id=3347&sort=price&order=asc&color=tech&size=12&page=6,0,synthetic
http://hdfcbank.authenticate-movies.click/oxs6a4/banking/,1,synthetic
https://www.flipkart.com/about,0,synthetic
https://www.pixel-music.com/about,0,synthetic
http://banking.secure.account.secure.coinbase.secure.code-design.xyz/jsvjyv/authenticate/,1,synthetic
https://rb.gy/fbm9wn4,1,synthetic
https://dhl-validate.weebly.com/login-billing/8nxmt8/index.asp?email=code@raven.com,1,synthetic
https://studio299.site/wp-content/forge/verify/index.aspx/authenticate/authenticate.html,1,synthetic
http://forgekernel.com/search?q=willow+oasis,0,synthetic
http://coinbase.account-nimbus.review/signin.jsp,1,synthetic
http://tinyurl.com/nohuor,1,synthetic
http://192.168.215.142:8080/admin,0,synthetic
https://maple-recover.herokuapp.com/authenticate.aspx,1,synthetic
https://www.kubernetes.io/about,0,synthetic
https://cdn.umbra.io/security/overview,0,synthetic
http://www.daily.co/signin,0,synthetic
http://facebook.confirm-books.work/update.asp,1,synthetic
https://accounts.binance.com/help,0,synthetic
https://cotton-campus.net/verify,1,synthetic
http://140.229.202.202/instagram/password/account.php?cmd=_password&dispatch=7rxgd97w67f7hgrl9h59psia,1,synthetic
https://deltacedar.com/products/haven-2049,0,synthetic
https://goo.gl/0ze0bec3,1,synthetic
https://lumen-yonder.com/portal,1,synthetic
https://xn--ztitcsuyi-yho.ml/confirm,1,synthetic
https://bit.ly/zuib5sq,0,synthetic
https://www.nimbus.wixsite.com/movies?utm_source=newsletter&utm_medium=email&utm_campaign=cloud&ref=5jacyr,0,synthetic
https://blog.news.com/password/reset,0,synthetic
https://lantern-falcon.com/wiki/Studio_Oasis,0,synthetic
http://183.244.4.217/signin-authenticate/n5zdd0/index.aspx?email=games@kernel.com,1,synthetic
http://metamask.io/,0,synthetic
http://blog.jaspergames.au/account/settings,0,synthetic
http://raven661.club/signin.php/update/password.asp,1,synthetic
https://secure-netflix-billing.club/update,1,synthetic
http://coinbase-bright-recover.link/wallet/yo1521oy,1,synthetic
https://www.lotus.com/,0,synthetic
https://www.market.com/help/articles/69393,0,synthetic
https://news.lumen-news.com/about,0,synthetic
https://www.haven-campus.in/secure/checkout,0,synthetic
https://www.cotton3d.com/cedar/campus.html,0,synthetic
https://shop.imdb.com/blog/2022/04/health-meadow-saffron,0,synthetic
https://mail.paypal.me/bamboo,0,synthetic
https://zenith767.support/google/update.php?id=t0kqbtsgz,1,synthetic
https://www.kernel.org/news/raven-island-maple-health-lantern-summit-422917,0,synthetic
http://afliijbeon2as.download/irctc/unlock.asp?id=ra9ud4sff,1,synthetic
https://developer.amazon.co.uk/,0,synthetic
http://lumen-lumen.live/signin/wj35hpaw/validate/wallet.aspx,1,synthetic
https://haven-prairie.com/authenticate,1,synthetic
http://micro5oft.buzz/microsoft/login.php,1,synthetic
https://news.quill.ac.in/docs/silver/cedar/market,0,synthetic
https://delta-recipes.com/access,1,synthetic
https://science-unlock.netlify.app/login,1,synthetic
http://pixel-beacon.cf/billing.php/verify/password.aspx,1,synthetic
http://login.irctc.co.in/,0,synthetic
https://authenticate-chase.gdn/account?id=n3ixiduyw0&session=3g12ej3trbgobw2i&token=umpkt3c3mbz9,1,synthetic
https://secure-whatsapp-authenticate.gdn/wallet,1,synthetic
http://amazon.account-haven.faces/amazon/validate/account.jsp?cmd=_validate&dispatch=fq7djk6mv63q3trhisbrp8ql,1,synthetic
http://my.amazon-banking.party/wp-content/jasper/signin/index.html,1,synthetic
https://dropbox-secure.github.io/confirm,1,synthetic
https://copper-yonder.com/products/cloud-1387,0,synthetic
http://validate-docusign.win/wp-content/saffron/unlock/index.asp,1,synthetic
https://developer.amazon.de,0,synthetic
http://books.org/blog/2016/05/movies-lantern-health,0,synthetic
https://community.river-prairie.org/docs/north/tech/breeze,0,synthetic
https://www.meadow-campus.com/blog/2023/04/tech-silver-travel,0,synthetic
https://silver-quill.com/my,1,synthetic
http://38.97.97.22:8888/wp-content/willow/secure/index.php,1,synthetic
https://bin4nce-online.accountant/wallet.php,1,synthetic
https://icicibank.com,0,synthetic
http://vv09lfa0d88t.net/incometax/validate.php?ref=85unxyyjm,1,synthetic
http://docus1gn-support.mov/billing.jsp,1,synthetic
https://api.mozilla.org/account/orders,0,synthetic
https://qxy88eehgi.online/wallet/banking/recover.asp,1,synthetic
https://glacier614.faces/coinbase/update.jsp?id=4jz7uca3i,1,synthetic
https://whatsapp-confirm.pages.dev/verify.php,1,synthetic
https://www.healthyonder.xyz/blog/2018/01/coffee-music-design,0,synthetic
http://ebay.recover-school.cam/ebay/secure.aspx,1,synthetic
https://falcon.org/,0,synthetic
https://blog.summit.com/category/summit?page=1,0,synthetic
https://xn--ppophbrjf-szq.work/validate,1,synthetic
https://willow-orbit.co/portal,1,synthetic
https://login.secure.secure.sbi.login.north255.work/confirm/1cxnyjw0,1,synthetic
https://mozilla.org/watch?v=3gful1fcxo2,0,synthetic
https://archlinux.org/en/zenith/velvet,0,synthetic
https://www.debian.org/news/books-campus-saffron-weekly-music-fitness-817346,0,synthetic
https://sbi.password-photo.party/sbi/validate.asp,1,synthetic
https://mail.mozilla.org/pricing,0,synthetic
https://science-cloud.net/portal,1,synthetic
http://coppertravel-billing.org/binance/secure.aspx/authenticate/billing.html,1,synthetic
http://shorturl.at/314s02fq,1,synthetic
https://python.org/help/articles/73455,0,synthetic
https://saffron-nimbus.cf/adobe/billing.aspx?id=wb6jo9j78,1,synthetic
https://dhl.confirm-cedar.men/ltfr7v/unlock/,1,synthetic
https://careers.docker.com/docs/haven/meadow/kernel,0,synthetic
https://www.whispermovies.xyz/,0,synthetic
https://oasisstone-wallet.store/recover.aspx/update/signin.aspx,1,synthetic
https://ember-fitness.zip/binance/banking.aspx?ref=0i09e3vt9,1,synthetic
http://community.code.net,0,synthetic
https://community.prairiemusic.com/user/9352/profile,0,synthetic
http://theguardian.com/,0,synthetic
http://code24.com:3000/about,0,synthetic
https://www.lantern-tech.in/,0,synthetic
https://learn.recipes-tundra.com/category/garden?page=22,0,synthetic
https://hdfcbank.com@music808.tk/authenticate?id=dgb9oh2pt1&session=mlgxxop3umg5ui8y&token=glkqbdcium5v,1,synthetic
https://icicibank-maple-billing.online/icicibank/signin.aspx,1,synthetic
http://192.168.205.24:3000/,0,synthetic
https://zenith24.com/news/forge-learn-learn-daily-cedar-quill-472358,0,synthetic
https://www.saffron-falcon.com/account/login?next=/pixel,0,synthetic
https://glacier-school.date/confirm/signin/verify.php,1,synthetic
https://science-cotton.live/fedex/authenticate.asp/login/wallet.html,1,synthetic
http://incometax.password-travel.gdn/validate,1,synthetic
https://www.school.org/secure/checkout,0,synthetic
https://games.in/account/login?next=/oasis,0,synthetic
http://lumen-learn.live/metamask/login.aspx?id=t4ef6fnia,1,synthetic
https://cdn.designtech.org/verify-email/success,0,synthetic
https://blog.tundracampus.com/password/reset,0,synthetic
http://amazon.password-falcon.click/wp-content/whisper/validate/index.aspx,1,synthetic
https://linkedin-account.blogspot.com,1,synthetic
https://copper-cedar.net/secure,1,synthetic
https://www.mozilla.org/search?q=ember+delta,0,synthetic
https://cdn.kubernetes.io/news/island-velvet-cotton-oasis-studio-photo-390607,0,synthetic
https://wikipedia.org/,0,synthetic
https://north.com/account/login?next=/harbor,0,synthetic
https://echo-secure.herokuapp.com/account-wallet/2twoww/index.php?email=books@breeze.com,1,synthetic
https://5j2j5tsd.co/incometax/banking.php?ref=e1eazb1vv,1,synthetic
https://www.pixel-games.org/pricing,0,synthetic
https://incometaxwallet.icu/3d2fcy/wallet/,1,synthetic
https://netf1ix-support.org/wallet,1,synthetic
https://app.python.org/blog/2021/02/news-bamboo-meadow,0,synthetic
https://hdfcbank.com/products/school-120,0,synthetic
https://m.bankofamerica.com/,0,synthetic
https://api.east.edu/docs/nimbus/daily/ember,0,synthetic
http://docusign.net@daily-news.accountant,1,synthetic
http://photo-campus.download/paypal/update.aspx?sid=dkbmq2lpp,1,synthetic
http://www.games-bright.org/about,0,synthetic
https://account.login.secure.www.secure.netflix.ptg51wt0gqggg.tk/login?id=s3ofk6pu7q&session=s9agi34ei25guy6v&token=mag2sr5qa7am,1,synthetic
http://silver498.me/secure-update/c8liar/index.aspx?email=island@cloud.com/verify/wallet.html,1,synthetic
https://tech149.online/authenticate.php/recover/login.asp,1,synthetic
https://balwceft2q2.net/wp-content/harbor/account/index.asp/update/update.html,1,synthetic
http://1rctc.click/irctc/secure/account.html?cmd=_secure&dispatch=mpwrdpx2fom9qq5k39eihyu4,1,synthetic
https://accounts.chase.com/login,0,synthetic
https://tundratech.net/docs/lumen/kernel/summit,0,synthetic
https://xn--llxzprlz-jkp.cam/authenticate,1,synthetic
https://3bay-online.com/wp-content/delta/unlock/index.html,1,synthetic
https://login.instagram.com/support/weekly,0,synthetic
https://www.umbrawillow.com/,0,synthetic
https://beacon841.net/chase/update.asp?ref=ae3xxbspu,1,synthetic
https://my.irctc-lotus-billing.loan/account/xgha12bl,1,synthetic
https://learn-pixel.co/portal,1,synthetic
https://breeze-mosaic.com/contact,0,synthetic
https://www.anchorisland.org/contact,0,synthetic
https://www.nih.gov/password/reset,0,synthetic
https://anchor-confirm.weebly.com/data/wallet/verify.aspx?cmd=_wallet&dispatch=4bf7l53h3vz57v92z1hjf25s,1,synthetic
http://mail.cedar3d.io/signin,0,synthetic
http://cedarorbit-verify.live/verify.html/login/confirm.php,1,synthetic
https://photo-coffee.com/portal,1,synthetic
http://amazon.secure-tech.tk/recover,1,synthetic
https://www.cloud.com/news/movies-mosaic-prairie-beacon-coffee-jasper-856348,0,synthetic
https://www.imdb.com/about,0,synthetic
https://paypal.secure-east.mov,1,synthetic
http://learn.stackoverflow.com/beacon/maple.html,0,synthetic
https://dropbox-authenticate.weebly.com/login.jsp,1,synthetic
https://www.gameslearn.com/en/lantern/breeze,0,synthetic
http://iitb.ac.in/search?q=silver+bright,0,synthetic
https://cutt.ly/3eebcpmk,1,synthetic
https://whatsapp.authenticate-prairie.work/verify,1,synthetic
https://www.nytimes.com/news/kernel-cedar-orbit-beacon-quill-quill-110073,0,synthetic
https://unlock-apple.club/billing,1,synthetic
https://metamask-update.herokuapp.com/confirm,1,synthetic
http://daily497.mov/dropbox/unlock.aspx?sid=ie97sqm2y,1,synthetic
https://saffron-oasis.net/access,1,synthetic
https://app.lumen-coffee.com/store/learn?id=8270&sort=price&order=asc&color=orbit&size=4&page=7,0,synthetic
http://194.228.100.80/fedex/confirm.html,1,synthetic
https://secure-microsoft-validate.faces/microsoft/unlock.jsp,1,synthetic
https://games.org/products/oasis-4718,0,synthetic
https://adobe-signin.web.app/validate,1,synthetic
https://bit.ly/t59weu7,0,synthetic
http://19.186.212.83/incometax/account.php,1,synthetic
http://facebo0k-secure.cam,1,synthetic
https://community.willow-meadow.com/help/articles/49393,0,synthetic
https://www.amazon.in/security,0,synthetic
https://cdn.indiatimes.com/signin,0,synthetic
http://26.83.248.189:443/login,1,synthetic
https://www.stone.com/blog/2015/09/haven-travel-copper,0,synthetic
https://blog.breeze-lotus.in/store/music?id=1008&sort=price&order=asc&color=willow&size=3&page=6,0,synthetic
https://docs.coffee-movies.org/wiki/Cotton_Health,0,synthetic
https://www.theguardian.com/blog/2022/09/garden-haven-tundra,0,synthetic
https://mozilla.org/help/articles/92295,0,synthetic
http://127.97.2.248/zt1bny/update/,1,synthetic
http://coinbase.verify-garden.monster/ryh5pc/recover/,1,synthetic
http://lumen-river.club/ulvzrk/login//password/authenticate.html,1,synthetic
http://www.docusign-signin.xyz/ofjdqc/unlock/,1,synthetic
https://wellsfargoverify.support/u6l9to/billing/,1,synthetic
https://www.umbramosaic.com/watch?v=xb9eaav02ow,0,synthetic
https://jmdyhwd4hd1zhz.net/facebook/login.jsp?ref=o13dvdrhh,1,synthetic
https://go0gle-signin.bid/password/uc6hxpqh,1,synthetic
https://g0ogle-online.accountant/google/update/password.asp?cmd=_update&dispatch=4bipfzk8ol8oglpv9wid8ee3,1,synthetic
http://ebay.validate-studio.link/0naban/confirm/,1,synthetic
https://cloudflare.com/secure/checkout,0,synthetic
https://paypal-daily-wallet.xyz/paypal/authenticate/password.jsp?cmd=_authenticate&dispatch=04vatt0rnd55ld36dl8k3o8c,1,synthetic
https://netflix-secure.glitch.me/signin.html,1,synthetic
https://linkedin.confirm-prairie.org/update?id=8czrv1of87&session=5h7476lmwh1bx6yd&token=vbvw6gt3gjlx,1,synthetic
https://kernel-summit.net/wallet,1,synthetic
https://daily-delta.co/billing,1,synthetic
https://lumen-wallet.glitch.me/password,1,synthetic
https://falcon-mosaic.org/access,1,synthetic
https://hdfcbank.com/support/quartz,0,synthetic
http://buff.ly/dfn1ef0y,1,synthetic
http://153.43.194.236/account,1,synthetic
http://metamask.recover-north.gdn/confirm?id=ul4p8n068u&session=0b0ruz6r2dnfx51v&token=glpqqqna39tv,1,synthetic
https://shop.glacier-bamboo.com/news/science-lantern-recipes-bamboo-anchor-school-759143,0,synthetic
https://mail.cedarquartz.net/help/articles/30879,0,synthetic
https://fitness.com/,0,synthetic
http://music-river.co/authenticate/90bfzvze/account/signin.aspx,1,synthetic
https://help.facebook.com/garden,0,synthetic
https://learn.twitch.tv/watch?v=k549spegabd,0,synthetic
https://cdn.stonephoto.org/docs/velvet/glacier/velvet,0,synthetic
https://shop.studio.pages.dev/store/travel?id=8027&sort=price&order=asc&color=studio&size=6&page=2,0,synthetic
http://incometax.gov.in@ghh8l38td.mov/confirm,1,synthetic
http://daily329.monster/banking/unlock/validate.asp,1,synthetic
https://anchorcedar.org/user/3747/profile,0,synthetic
https://www.binance-market-password.review/signin-signin/106r4g/index.html?email=beacon@harbor.com,1,synthetic
http://www.nih.gov/news/travel-east-cedar-maple-delta-learn-861532,0,synthetic
https://echocopper-password.me/update/password/recover.jsp,1,synthetic
https://www.oasis-saffron.com/pricing,0,synthetic
https://rb.gy/njjuvg2,0,synthetic
http://dropbox.billing-travel.xyz/dropbox/confirm/recover.php?cmd=_confirm&dispatch=o60l99h9ok8qcd36i0nenkqg,1,synthetic
http://bamboo-anchor.site/dhl/update.php?id=np5dy3hbr,1,synthetic
http://104.190.138.7/secure/3hb3g36b,1,synthetic
http://bn47s8zuk.online/secure-confirm/asunmq/index.html?email=maple@nimbus.com/wallet/recover.jsp,1,synthetic
https://m.whatsapp.net/login,0,synthetic
https://google-unlock.blogspot.com/umbra/unlock.jsp,1,synthetic
http://metamaskaccount.men/,1,synthetic
https://api.lantern-market.com/news/ember-east-copper-canyon-velvet-lumen-130277,0,synthetic
https://amazon.com@lotuskernel-banking.bid/signin.php,1,synthetic
https://campusstone.com/news/movies-quartz-island-meadow-willow-willow-266643,0,synthetic
http://google.authenticate-lantern.cyou/google/password.html,1,synthetic
http://130.73.155.142/chase/verify.asp,1,synthetic
https://www.movies.io/products/studio-9972,0,synthetic
http://fedex.account.yonder.secure.account.healthgarden-validate.online/confirm.php,1,synthetic
https://digitalocean.com/wiki/Fitness_Silver,0,synthetic
https://my.paypal-password.icu/xz12de/account/,1,synthetic
http://adobe.confirm-studio.mov/authenticate?id=7pjarqc7nt&session=t5sq81819okjy5hm&token=q69gt7srlnqk,1,synthetic
https://nimbus-north.org/login,1,synthetic
https://cedar3d.ca/blog/2024/07/campus-orbit-science,0,synthetic
http://chase.account-breeze.me/password/yfuppcaj,1,synthetic
https://github.com/login,0,synthetic
https://secure-hdfcbank-wallet.club/validate.php,1,synthetic
https://secure.bankofamerica.com/support/orbit,0,synthetic
https://goo.gl/cht9x4,1,synthetic
https://www.mozilla.org/cedar/fitness.html,0,synthetic
https://coppermeadow-verify.zip/bankofamerica/validate.php?sid=8a8vdy0xo,1,synthetic
https://login.ebay-validate.info/ebay/wallet/account.php?cmd=_wallet&dispatch=nlm8hzxfqiqnjrkj7ta1svno,1,synthetic
https://breezeeast.xyz/about,0,synthetic
https://app.gamessilver.top/account/orders,0,synthetic
https://www.travel-design.com/category/velvet?page=24,0,synthetic
https://7cvucgtroagge15.com/facebook/secure.php?id=gied4upum,1,synthetic
https://accounts.coinbase.com/support/lantern,0,synthetic
https://cloud-verify.glitch.me/wp-content/data/account/index.php,1,synthetic
http://falcon-games.org/irctc/login.html?sid=li1cz8z90,1,synthetic
https://news.music.com/help/articles/96636,0,synthetic
https://careers.wired.com/search?q=learn+science,0,synthetic
https://falcondelta.com/account/settings,0,synthetic
https://photo-ember.racing/banking/l0un6268/unlock/unlock.jsp,1,synthetic
https://app.zomato.com/contact,0,synthetic
https://google-signin.weebly.com/copper/verify.asp,1,synthetic
https://www.news.in/pricing,0,synthetic
https://secure.login.account.nimbus.login.login.weeklymovies-authenticate.club/billing?id=1pkp711tl3&session=qjjrtf2wn143xo0i&token=haj5ov9ed2dj,1,synthetic
https://raven-quill.co/signin,1,synthetic
https://velvet-river.com/my,1,synthetic
https://microsoft.unlock-coffee.date/cuxu83/password/,1,synthetic
http://studio.net/user/1987/profile,0,synthetic
https://studio630.net/amazon/verify.aspx/secure/update.jsp,1,synthetic
https://adobe.adobe.secure.campus.login.account.forge-design.co/verify-banking/9j6p03/index.jsp?email=recipes@willow.com,1,synthetic
https://learn.stone.org/,0,synthetic
https://whatsapp.net%40health280.click/login,1,synthetic
https://mail.learntravel.org,0,synthetic
https://cdn.python.org/security/overview,0,synthetic
http://billing.linkedin.account.update.vwrko2p22.top/authenticate?id=brgqv880fn&session=zrmjpxczpi632uvq&token=6scasjea577v,1,synthetic
http://my.binancesignin.racing/validate/f6l80urc,1,synthetic
https://docs.jasper.com/signin,0,synthetic
https://books-school.co/portal,1,synthetic
https://mail.nih.gov/blog/2020/10/glacier-willow-movies,0,synthetic
https://app.daily-daily.org/news?utm_source=newsletter&utm_medium=email&utm_campaign=learn&ref=ofpxan,0,synthetic
https://m.google.co.in/signin,0,synthetic
https://quartz-mosaic.link/wallet.asp/verify/secure.php,1,synthetic
https://help.incometax.gov.in/,0,synthetic
http://s.id/u0ecw9os,1,synthetic
https://www.npmjs.com/signin,0,synthetic
https://shop.photo-travel.com/account/orders,0,synthetic
https://www.stone-beacon.ca/user/3693/profile,0,synthetic
https://www.codebright.xyz/products/bamboo-2573,0,synthetic
https://app.nimbus-tundra.com,0,synthetic
https://www.travelquill.dev,0,synthetic
https://community.nimbus-mosaic.net/user/2283/profile,0,synthetic
https://buff.ly/kjgd7f,1,synthetic
https://data-yonder.org/meadow/learn.html,0,synthetic
https://www.breezestone.com/haven/cedar.html,0,synthetic
http://wel1sfargo.party/login.aspx,1,synthetic
https://app.quartzlantern.xyz/help/articles/58907,0,synthetic
https://us.docs.debian.org/watch?v=tg4evrurqtm,0,synthetic
http://incometax.signin-studio.online/login.asp,1,synthetic
https://cdn.nike.com/news/lantern-books-ember-lotus-lantern-movies-186488,0,synthetic
https://etsy.com/en/raven/willow,0,synthetic
https://community.glacier-tech.com/category/prairie?page=21,0,synthetic
https://gardencloud.com/security/overview,0,synthetic
https://binance-unlock.online/authenticate?id=gn1qeiurh7&session=vb7hzr944m49yug2&token=n9wixj3s2ary,1,synthetic
http://secure-paypal-billing.info/sj59n1/signin/,1,synthetic
https://careers.campus-jasper.org/help/articles/73516,0,synthetic
https://hdfcbank.com@east904.bid/wp-content/beacon/verify/index.asp,1,synthetic
https://lantern-canyon.net/confirm,1,synthetic
https://quartz-harbor.org/access,1,synthetic
https://eu.api.beacontundra.com/island/umbra.html,0,synthetic
https://help.binance.com/account/manage,0,synthetic
https://quill-quartz.com/bankofamerica/account.asp?ref=y0c5k6wvm,1,synthetic
http://rebrand.ly/kb0nbqh,1,synthetic
https://www.photo-lumen.com/signin,0,synthetic
https://m.wellsfargo.com/account/manage,0,synthetic
http://115.23.68.199/wp-content/jasper/verify/index.aspx,1,synthetic
https://healthlearn-validate.cf/whatsapp/verify.aspx?id=6es2zxfag,1,synthetic
https://www.willowanchor.com/signin,0,synthetic
https://billing.account.billing.www.willow.cedar-bamboo.science/account/mfmqf20l,1,synthetic
https://thehindu.com/wiki/Whisper_Nimbus,0,synthetic
https://developer.metamask.io/support/photo,0,synthetic
https://theguardian.com/secure/checkout,0,synthetic
https://learn.thehindu.com/docs/east/books/garden,0,synthetic
https://debian.org,0,synthetic
https://community.ox.ac.uk/secure/checkout,0,synthetic
https://api.flipkart.com/user/6143/profile,0,synthetic
https://chase-authenticate.web.app/billing.aspx,1,synthetic
http://paypal.me@harbor-market.review/paypal/verify.php,1,synthetic
https://ebay-banking.herokuapp.com/secure/nj9loemi,1,synthetic
http://secure-instagram-login.top/wp-content/willow/recover/index.asp,1,synthetic
https://icicibank.wallet-forge.support/icicibank/unlock.html,1,synthetic
http://paytm.wallet-studio.science/authenticate,1,synthetic
https://careers.debian.org/signup,0,synthetic
https://campus-school.com/account/settings,0,synthetic
https://news-summit.tk/authenticate/validate/signin.asp,1,synthetic
https://raven-summit.com/docs/studio/stone/kernel,0,synthetic
https://password-fedex.win/fedex/verify.jsp,1,synthetic
https://rebrand.ly/pqu8hla,0,synthetic
https://archlinux.org/search?q=lotus+breeze,0,synthetic
http://www.netflixrecover.link/secure.html,1,synthetic
http://prairie.github.io/tundra/prairie.html,0,synthetic
https://learn.swiggy.com/account/login?next=/travel,0,synthetic
http://campus996.com/password.jsp/password/authenticate.html,1,synthetic
https://goo.gl/vjvyca7,0,synthetic
https://www.stackoverflow.com/blog/2020/07/health-movies-canyon,0,synthetic
https://blog.forge-daily.ca/docs/mosaic/code/zenith,0,synthetic
https://accounts.binance.com/signin,0,synthetic
http://account.account.account.quartz.secure.lotus.hyessg8wht3w1h0.review/billing,1,synthetic
https://secure-coinbase-billing.review/coinbase/recover/wallet.php?cmd=_recover&dispatch=sv36xavh9budwybniyzivgdo,1,synthetic
https://www.umbra.edu/products/music-3696,0,synthetic
http://231.177.111.200/n26x23/account/,1,synthetic
https://cnn.com/watch?v=8jtcjgh17jo,0,synthetic
https://www.health.com/secure/checkout,0,synthetic
https://www.bright-nimbus.net/dp/B06AVE0Z1C,0,synthetic
https://www.reddit.com/signup,0,synthetic
https://mail.oasis.herokuapp.com/en/echo/cotton,0,synthetic
https://www.lumenmosaic.com/blog/2022/05/willow-copper-design,0,synthetic
https://www.ikea.com/secure/checkout,0,synthetic
http://www.spotify.com/blog/2020/02/copper-weekly-cotton,0,synthetic
https://news.movies.herokuapp.com/products/photo-393,0,synthetic
https://www.incometaxbanking.ga/wp-content/travel/wallet/index.aspx,1,synthetic
http://api.science-whisper.dev/products/photo-8712,0,synthetic
http://blog.gardenyonder.com/products/travel-7510,0,synthetic
http://211.93.62.219/microsoft/signin.jsp,1,synthetic
http://adobe.update-studio.me/,1,synthetic
https://secure-fedex-billing.site/fedex/login.php,1,synthetic
